state,district,constituency_code,constituency_name,role,elected_person,gender,party,terms_served,education,photo_source_url,declared_assets_inr,declared_liabilities_inr,criminal_cases_count,attendance_pct,questions_asked,lad_allocated_inr,lad_utilized_inr,bio
Maharashtra,Nandurbar,AC-MH-1,Akkalkuwa (ST),MLA,Adv. K. C. Padavi,Male,Indian National Congress,3,Graduate,/assets/placeholder-avatar.svg,44000000,6542046,0,93,36,50000000,46500000,"Adv. K. C. Padavi is the elected MLA representing Akkalkuwa (ST), Nandurbar, Maharashtra."
Maharashtra,Nandurbar,AC-MH-2,Shahada (ST),MLA,Rajesh Padvi,Male,Bharatiya Janata Party,1,Graduate,/assets/placeholder-avatar.svg,659000000,121239621,0,90,116,50000000,48000000,"Rajesh Padvi is the elected MLA representing Shahada (ST), Nandurbar, Maharashtra."
Maharashtra,Nandurbar,AC-MH-3,Nandurbar (ST),MLA,Vijaykumar Krishnarao Gavit,Male,Bharatiya Janata Party,3,Graduate,/assets/placeholder-avatar.svg,101000000,17977318,0,79,120,50000000,41500000,"Vijaykumar Krishnarao Gavit is the elected MLA representing Nandurbar (ST), Nandurbar, Maharashtra."
Maharashtra,Nandurbar,AC-MH-4,Navapur (ST),MLA,Shirishkumar Surupsing Naik,Male,Indian National Congress,4,Graduate,/assets/candidates/myneta_4.jpg,476000000,42663181,0,77,62,50000000,41000000,"Shirishkumar Surupsing Naik is the elected MLA representing Navapur (ST), Nandurbar, Maharashtra."
Maharashtra,Dhule,AC-MH-5,Sakri (ST),MLA,Manjula Gavit,Female,Independent,4,Graduate,/assets/candidates/myneta_5.jpg,195000000,34641981,0,84,99,50000000,46000000,"Manjula Gavit is the elected MLA representing Sakri (ST), Dhule, Maharashtra."
Maharashtra,Dhule,AC-MH-6,Dhule Rural,MLA,Kunal Rohidas Patil,Male,Indian National Congress,2,Graduate,/assets/candidates/wiki_6.jpg,519000000,86095287,0,74,42,50000000,42000000,"Kunal Rohidas Patil is the elected MLA representing Dhule Rural, Dhule, Maharashtra."
Maharashtra,Dhule,AC-MH-7,Dhule City,MLA,Shah Faruk Anwar,Male,All India Majlis-E-Ittehadul Muslimeen,4,Graduate,/assets/candidates/wiki_7.jpg,296000000,36578871,0,77,78,50000000,48000000,"Shah Faruk Anwar is the elected MLA representing Dhule City, Dhule, Maharashtra."
Maharashtra,Dhule,AC-MH-8,Sindkheda,MLA,Jayakumar Jitendrasinh Rawal,Male,Bharatiya Janata Party,1,Graduate,/assets/candidates/wiki_8.jpg,460000000,26339709,0,90,72,50000000,38000000,"Jayakumar Jitendrasinh Rawal is the elected MLA representing Sindkheda, Dhule, Maharashtra."
Maharashtra,Dhule,AC-MH-9,Shirpur (ST),MLA,Kashiram Vechan Pawara,Male,Bharatiya Janata Party,1,Graduate,/assets/candidates/myneta_9.jpg,607000000,67888317,0,96,78,50000000,46000000,"Kashiram Vechan Pawara is the elected MLA representing Shirpur (ST), Dhule, Maharashtra."
Maharashtra,Jalgaon,AC-MH-10,Chopda (ST),MLA,Latabai Sonawane,Female,Shiv Sena,2,Graduate,/assets/placeholder-avatar.svg,413000000,70546427,0,84,52,50000000,45000000,"Latabai Sonawane is the elected MLA representing Chopda (ST), Jalgaon, Maharashtra."
Maharashtra,Jalgaon,AC-MH-11,Raver,MLA,Shirish Madhukarrao Chaudhari,Male,Indian National Congress,1,Graduate,/assets/candidates/myneta_11.jpg,37000000,4895290,0,74,66,50000000,44000000,"Shirish Madhukarrao Chaudhari is the elected MLA representing Raver, Jalgaon, Maharashtra."
Maharashtra,Jalgaon,AC-MH-12,Bhusawal (SC),MLA,Sanjay Waman Sawakare,Male,Bharatiya Janata Party,3,Graduate,/assets/placeholder-avatar.svg,310000000,58825266,0,78,47,50000000,39000000,"Sanjay Waman Sawakare is the elected MLA representing Bhusawal (SC), Jalgaon, Maharashtra."
Maharashtra,Jalgaon,AC-MH-13,Jalgaon City,MLA,Suresh Damu Bhole (Rajumama),Male,Bharatiya Janata Party,4,Graduate,/assets/placeholder-avatar.svg,298000000,49230880,0,78,104,50000000,43000000,"Suresh Damu Bhole (Rajumama) is the elected MLA representing Jalgaon City, Jalgaon, Maharashtra."
Maharashtra,Jalgaon,AC-MH-14,Jalgaon Rural,MLA,Gulabrao Patil,Male,Shiv Sena,3,Graduate,/assets/placeholder-avatar.svg,103000000,17981705,0,85,77,50000000,46500000,"Gulabrao Patil is the elected MLA representing Jalgaon Rural, Jalgaon, Maharashtra."
Maharashtra,Jalgaon,AC-MH-15,Amalner,MLA,Anil Bhaidas Patil,Male,Nationalist Congress Party,2,Graduate,/assets/candidates/myneta_15.jpg,111000000,16593583,0,76,53,50000000,48000000,"Anil Bhaidas Patil is the elected MLA representing Amalner, Jalgaon, Maharashtra."
Maharashtra,Jalgaon,AC-MH-16,Erandol,MLA,Chimanrao Patil,Male,Shiv Sena,1,Graduate,/assets/candidates/myneta_16.jpg,111000000,5716524,0,93,26,50000000,40500000,"Chimanrao Patil is the elected MLA representing Erandol, Jalgaon, Maharashtra."
Maharashtra,Jalgaon,AC-MH-17,Chalisgaon,MLA,Mangesh Chavan,Male,Bharatiya Janata Party,2,Graduate,/assets/placeholder-avatar.svg,554000000,41222088,0,84,108,50000000,42000000,"Mangesh Chavan is the elected MLA representing Chalisgaon, Jalgaon, Maharashtra."
Maharashtra,Jalgaon,AC-MH-18,Pachora,MLA,Kishor Appa Patil,Male,Shiv Sena,2,Graduate,/assets/candidates/wiki_18.jpg,179000000,26814612,0,95,57,50000000,44500000,"Kishor Appa Patil is the elected MLA representing Pachora, Jalgaon, Maharashtra."
Maharashtra,Jalgaon,AC-MH-19,Jamner,MLA,Girish Mahajan,Male,Bharatiya Janata Party,4,Graduate,/assets/candidates/wiki_19.jpg,280000000,16049028,0,77,111,50000000,39500000,"Girish Mahajan is the elected MLA representing Jamner, Jalgaon, Maharashtra."
Maharashtra,Jalgaon,AC-MH-20,Muktainagar,MLA,Chandrakant Nimba Patil,Male,Independent,4,Graduate,/assets/candidates/myneta_20.jpg,559000000,60971048,0,78,52,50000000,42500000,"Chandrakant Nimba Patil is the elected MLA representing Muktainagar, Jalgaon, Maharashtra."
Maharashtra,Buldana,AC-MH-21,Malkapur,MLA,Rajesh Panditrao Ekade,Male,Indian National Congress,2,Graduate,/assets/candidates/myneta_21.jpg,40000000,2152111,0,89,55,50000000,43500000,"Rajesh Panditrao Ekade is the elected MLA representing Malkapur, Buldana, Maharashtra."
Maharashtra,Buldana,AC-MH-22,Buldhana,MLA,Sanjay Gaikwad,Male,Shiv Sena,3,Graduate,/assets/placeholder-avatar.svg,536000000,94698599,0,73,54,50000000,46500000,"Sanjay Gaikwad is the elected MLA representing Buldhana, Buldana, Maharashtra."
Maharashtra,Buldana,AC-MH-23,Chikhali,MLA,Shweta Mahale,Female,Bharatiya Janata Party,1,Graduate,/assets/placeholder-avatar.svg,284000000,41463995,0,92,49,50000000,45500000,"Shweta Mahale is the elected MLA representing Chikhali, Buldana, Maharashtra."
Maharashtra,Buldana,AC-MH-24,Sindkhed Raja,MLA,Rajendra Shingne,Male,Nationalist Congress Party,2,Graduate,/assets/candidates/myneta_24.jpg,157000000,20250900,0,82,79,50000000,42000000,"Rajendra Shingne is the elected MLA representing Sindkhed Raja, Buldana, Maharashtra."
Maharashtra,Buldana,AC-MH-25,Mehkar (SC),MLA,Sanjay Bhashkar Raimulkar,Male,Shiv Sena,2,Graduate,/assets/candidates/wiki_25.jpg,603000000,78672447,0,92,117,50000000,47500000,"Sanjay Bhashkar Raimulkar is the elected MLA representing Mehkar (SC), Buldana, Maharashtra."
Maharashtra,Buldana,AC-MH-26,Khamgaon,MLA,Akash Pandurang Fundkar,Male,Bharatiya Janata Party,3,Graduate,/assets/candidates/myneta_26.jpg,182000000,18005471,0,72,90,50000000,39000000,"Akash Pandurang Fundkar is the elected MLA representing Khamgaon, Buldana, Maharashtra."
Maharashtra,Buldana,AC-MH-27,Jalgaon (Jamod),MLA,Sanjay Shriram Kute,Male,Bharatiya Janata Party,1,Graduate,/assets/candidates/myneta_27.jpg,518000000,41405694,0,93,69,50000000,44500000,"Sanjay Shriram Kute is the elected MLA representing Jalgaon (Jamod), Buldana, Maharashtra."
Maharashtra,Akola,AC-MH-28,Akot,MLA,Prakash Gunvantrao Bharsakale,Male,Bharatiya Janata Party,3,Graduate,/assets/candidates/myneta_28.jpg,606000000,31238721,0,74,91,50000000,40500000,"Prakash Gunvantrao Bharsakale is the elected MLA representing Akot, Akola, Maharashtra."
Maharashtra,Akola,AC-MH-29,Balapur,MLA,Nitin Deshmukh,Male,Shiv Sena (Uddhav Balasaheb Thackeray),1,Graduate,/assets/candidates/wiki_29.jpg,627000000,68644641,0,82,40,50000000,41000000,"Nitin Deshmukh is the elected MLA representing Balapur, Akola, Maharashtra."
Maharashtra,Akola,AC-MH-30,Akola East,MLA,Randhir Pralhadrao Sawarkar,Male,Bharatiya Janata Party,3,Graduate,/assets/candidates/myneta_30.jpg,203000000,27253443,0,96,100,50000000,42500000,"Randhir Pralhadrao Sawarkar is the elected MLA representing Akola East, Akola, Maharashtra."
Maharashtra,Akola,AC-MH-31,Murtizapur (SC),MLA,Harish Marotiappa Pimple,Male,Bharatiya Janata Party,2,Graduate,/assets/candidates/myneta_31.jpg,644000000,127744050,0,79,28,50000000,44000000,"Harish Marotiappa Pimple is the elected MLA representing Murtizapur (SC), Akola, Maharashtra."
Maharashtra,Washim,AC-MH-32,Risod,MLA,Amit Subhashrao Zanak,Male,Indian National Congress,2,Graduate,/assets/candidates/myneta_32.jpg,527000000,48233799,0,85,109,50000000,41500000,"Amit Subhashrao Zanak is the elected MLA representing Risod, Washim, Maharashtra."
Maharashtra,Washim,AC-MH-33,Washim (SC),MLA,Lakhan Sahadeo Malik,Male,Bharatiya Janata Party,2,Graduate,/assets/candidates/wiki_33.jpg,205000000,29603691,0,72,48,50000000,42000000,"Lakhan Sahadeo Malik is the elected MLA representing Washim (SC), Washim, Maharashtra."
Maharashtra,Amravati,AC-MH-34,Dhamangaon Railway,MLA,Pratap Adsad,Male,Bharatiya Janata Party,1,Graduate,/assets/candidates/myneta_34.jpg,427000000,21754421,0,88,42,50000000,46500000,"Pratap Adsad is the elected MLA representing Dhamangaon Railway, Amravati, Maharashtra."
Maharashtra,Amravati,AC-MH-35,Badnera,MLA,Ravi Rana,Male,Independent,1,Graduate,/assets/candidates/ma_ravi_rana.jpg,439000000,43251783,0,92,77,50000000,38000000,"Ravi Rana is the elected MLA representing Badnera, Amravati, Maharashtra."
Maharashtra,Amravati,AC-MH-36,Amravati,MLA,Sulbha Sanjay Khodke,Male,Indian National Congress,1,Graduate,/assets/candidates/myneta_36.jpg,131000000,12423235,0,74,32,50000000,48000000,"Sulbha Sanjay Khodke is the elected MLA representing Amravati, Amravati, Maharashtra."
Maharashtra,Amravati,AC-MH-37,Teosa,MLA,Yashomati Chandrakant Thakur,Female,Indian National Congress,1,Graduate,/assets/candidates/myneta_37.jpg,372000000,47974683,0,81,117,50000000,39000000,"Yashomati Chandrakant Thakur is the elected MLA representing Teosa, Amravati, Maharashtra."
Maharashtra,Amravati,AC-MH-38,Melghat (ST),MLA,Rajkumar Dayaram Patel,Male,Prahar Janshakti Party,4,Graduate,/assets/candidates/myneta_38.jpg,534000000,104138780,0,81,92,50000000,41500000,"Rajkumar Dayaram Patel is the elected MLA representing Melghat (ST), Amravati, Maharashtra."
Maharashtra,Amravati,AC-MH-39,Achalpur,MLA,Bachchu Kadu,Male,Prahar Janshakti Party,3,Graduate,/assets/candidates/wiki_39.jpg,306000000,15781502,0,85,50,50000000,39500000,"Bachchu Kadu is the elected MLA representing Achalpur, Amravati, Maharashtra."
Maharashtra,Amravati,AC-MH-40,Morshi,MLA,Devendra Mahadevrao Bhuyar,Male,Independent,1,Graduate,/assets/candidates/myneta_40.jpg,632000000,49024123,0,89,115,50000000,40000000,"Devendra Mahadevrao Bhuyar is the elected MLA representing Morshi, Amravati, Maharashtra."
Maharashtra,Wardha,AC-MH-41,Arvi,MLA,Dadarao Keche,Male,Bharatiya Janata Party,3,Graduate,/assets/candidates/wiki_41.jpg,473000000,25861628,0,86,100,50000000,43000000,"Dadarao Keche is the elected MLA representing Arvi, Wardha, Maharashtra."
Maharashtra,Wardha,AC-MH-42,Deoli,MLA,Ranjit Prataprao Kamble,Male,Indian National Congress,2,Graduate,/assets/candidates/myneta_42.jpg,27000000,5036066,0,84,34,50000000,38500000,"Ranjit Prataprao Kamble is the elected MLA representing Deoli, Wardha, Maharashtra."
Maharashtra,Wardha,AC-MH-43,Hinganghat,MLA,Samir Trimbakrao Kunawar,Male,Bharatiya Janata Party,2,Graduate,/assets/candidates/myneta_43.jpg,391000000,59208303,0,94,79,50000000,47500000,"Samir Trimbakrao Kunawar is the elected MLA representing Hinganghat, Wardha, Maharashtra."
Maharashtra,Wardha,AC-MH-44,Wardha,MLA,Pankaj Rajesh Bhoyar,Male,Bharatiya Janata Party,2,Graduate,/assets/candidates/myneta_44.jpg,395000000,44603912,0,83,25,50000000,44000000,"Pankaj Rajesh Bhoyar is the elected MLA representing Wardha, Wardha, Maharashtra."
Maharashtra,Nagpur,AC-MH-45,Katol,MLA,Anil Deshmukh,Male,Nationalist Congress Party (Sharadchandra Pawar),1,Graduate,/assets/candidates/wiki_45.jpg,200000000,14032398,0,76,74,50000000,46000000,"Anil Deshmukh is the elected MLA representing Katol, Nagpur, Maharashtra."
Maharashtra,Nagpur,AC-MH-46,Hingna,MLA,Sameer Meghe,Male,Bharatiya Janata Party,4,Graduate,/assets/candidates/sameer_meghe.jpg,440000000,36824745,0,74,38,50000000,41000000,"Sameer Meghe is the elected MLA representing Hingna, Nagpur, Maharashtra."
Maharashtra,Nagpur,AC-MH-47,Nagpur South West,Chief Minister of Maharashtra,Devendra Fadnavis,Male,Bharatiya Janata Party,4,Graduate,/assets/candidates/ma_devendra_fadnavis.jpg,301000000,18794401,0,84,101,50000000,48500000,"Devendra Fadnavis is the elected MLA representing Nagpur South West, Nagpur, Maharashtra."
Maharashtra,Nagpur,AC-MH-48,Nagpur South,MLA,Mohan Mate,Male,Bharatiya Janata Party,3,Graduate,/assets/candidates/wiki_48.jpg,137000000,21867869,0,92,120,50000000,40000000,"Mohan Mate is the elected MLA representing Nagpur South, Nagpur, Maharashtra."
Maharashtra,Nagpur,AC-MH-49,Nagpur East,MLA,Krishna Khopde,Male,Bharatiya Janata Party,3,Graduate,/assets/candidates/myneta_49.jpg,419000000,36414532,0,86,43,50000000,38000000,"Krishna Khopde is the elected MLA representing Nagpur East, Nagpur, Maharashtra."
Maharashtra,Nagpur,AC-MH-50,Nagpur Central,MLA,Vikas Kumbhare,Male,Bharatiya Janata Party,3,Graduate,/assets/candidates/myneta_50.jpg,170000000,9630963,0,90,35,50000000,43500000,"Vikas Kumbhare is the elected MLA representing Nagpur Central, Nagpur, Maharashtra."
Maharashtra,Nagpur,AC-MH-51,Nagpur West,MLA,Vikas Pandurang Thakre,Male,Indian National Congress,4,Graduate,/assets/candidates/wiki_51.jpg,370000000,32319970,0,76,115,50000000,38500000,"Vikas Pandurang Thakre is the elected MLA representing Nagpur West, Nagpur, Maharashtra."
Maharashtra,Nagpur,AC-MH-52,Nagpur North (SC),MLA,Nitin Raut,Male,Indian National Congress,2,Graduate,/assets/candidates/wiki_52.jpg,52000000,9155330,0,85,84,50000000,43000000,"Nitin Raut is the elected MLA representing Nagpur North (SC), Nagpur, Maharashtra."
Maharashtra,Nagpur,AC-MH-53,Kamthi,MLA,Tekchand Sawarkar,Male,Bharatiya Janata Party,3,Graduate,/assets/candidates/myneta_53.jpeg,598000000,48738776,0,85,99,50000000,47500000,"Tekchand Sawarkar is the elected MLA representing Kamthi, Nagpur, Maharashtra."
Maharashtra,Nagpur,AC-MH-54,Ramtek,MLA,Ashish Jaiswal,Male,Independent,1,Graduate,/assets/candidates/myneta_54.jpg,330000000,44929639,0,77,95,50000000,48000000,"Ashish Jaiswal is the elected MLA representing Ramtek, Nagpur, Maharashtra."
Maharashtra,Bhandara,AC-MH-55,Tumsar,MLA,Raju Manikrao Karemore,Male,Nationalist Congress Party,4,Graduate,/assets/placeholder-avatar.svg,468000000,33341915,0,87,106,50000000,44000000,"Raju Manikrao Karemore is the elected MLA representing Tumsar, Bhandara, Maharashtra."
Maharashtra,Bhandara,AC-MH-56,Bhandara (SC),MLA,Narendra Bhondekar,Male,Independent,4,Graduate,/assets/candidates/myneta_56.jpg,85000000,15937114,0,95,111,50000000,42500000,"Narendra Bhondekar is the elected MLA representing Bhandara (SC), Bhandara, Maharashtra."
Maharashtra,Bhandara,AC-MH-57,Sakoli,MLA,Nana Patole,Male,Indian National Congress,3,Graduate,/assets/candidates/wiki_57.jpg,599000000,32833266,0,81,73,50000000,42500000,"Nana Patole is the elected MLA representing Sakoli, Bhandara, Maharashtra."
Maharashtra,Gondia,AC-MH-58,Arjuni Morgaon (SC),MLA,Manohar Chandrikapure,Male,Nationalist Congress Party,3,Graduate,/assets/candidates/myneta_58.jpg,549000000,46127718,0,96,63,50000000,40500000,"Manohar Chandrikapure is the elected MLA representing Arjuni Morgaon (SC), Gondia, Maharashtra."
Maharashtra,Gondia,AC-MH-59,Tirora,MLA,Vijay Bharatlal Rahangdale,Male,Bharatiya Janata Party,1,Graduate,/assets/candidates/myneta_59.jpg,240000000,35464073,0,96,46,50000000,41000000,"Vijay Bharatlal Rahangdale is the elected MLA representing Tirora, Gondia, Maharashtra."
Maharashtra,Gondia,AC-MH-60,Gondiya,MLA,Vinod Agrawal,Male,Independent,2,Graduate,/assets/placeholder-avatar.svg,188000000,10225524,0,72,118,50000000,46000000,"Vinod Agrawal is the elected MLA representing Gondiya, Gondia, Maharashtra."
Maharashtra,Gondia,AC-MH-61,Amgaon (ST),MLA,Korote Sahasram Maroti,Male,Indian National Congress,3,Graduate,/assets/candidates/myneta_61.jpg,97000000,15133976,0,84,43,50000000,45500000,"Korote Sahasram Maroti is the elected MLA representing Amgaon (ST), Gondia, Maharashtra."
Maharashtra,Gadchiroli,AC-MH-62,Armori (ST),MLA,Krushna Gajbe,Male,Bharatiya Janata Party,2,Graduate,/assets/candidates/myneta_62.jpg,544000000,83897215,0,80,78,50000000,39000000,"Krushna Gajbe is the elected MLA representing Armori (ST), Gadchiroli, Maharashtra."
Maharashtra,Gadchiroli,AC-MH-63,Gadchiroli (ST),MLA,Dr.Deorao Madguji Holi,Male,Bharatiya Janata Party,1,Graduate,/assets/placeholder-avatar.svg,326000000,29212001,0,87,43,50000000,42500000,"Dr.Deorao Madguji Holi is the elected MLA representing Gadchiroli (ST), Gadchiroli, Maharashtra."
Maharashtra,Gadchiroli,AC-MH-64,Aheri (ST),MLA,Dharamraobaba Bhagwantrao Aatram,Male,Nationalist Congress Party,3,Graduate,/assets/candidates/myneta_64.jpg,35000000,2573673,0,80,83,50000000,44000000,"Dharamraobaba Bhagwantrao Aatram is the elected MLA representing Aheri (ST), Gadchiroli, Maharashtra."
Maharashtra,Chandrapur,AC-MH-65,Rajura,MLA,Subhash Dhote,Male,Indian National Congress,3,Graduate,/assets/placeholder-avatar.svg,633000000,80560100,0,84,81,50000000,39000000,"Subhash Dhote is the elected MLA representing Rajura, Chandrapur, Maharashtra."
Maharashtra,Chandrapur,AC-MH-66,Chandrapur (SC),MLA,Kishor Jorgewar,Male,Independent,3,Graduate,/assets/candidates/wiki_66.jpg,175000000,11918892,0,94,107,50000000,47500000,"Kishor Jorgewar is the elected MLA representing Chandrapur (SC), Chandrapur, Maharashtra."
Maharashtra,Chandrapur,AC-MH-67,Ballarpur,MLA,Sudhir Mungantiwar,Male,Bharatiya Janata Party,2,Graduate,/assets/candidates/wiki_67.jpg,186000000,15254918,0,86,104,50000000,48000000,"Sudhir Mungantiwar is the elected MLA representing Ballarpur, Chandrapur, Maharashtra."
Maharashtra,Chandrapur,AC-MH-68,Bramhapuri,MLA,Vijay Namdevrao Wadettiwar,Male,Indian National Congress,1,Graduate,/assets/candidates/wiki_68.jpg,493000000,87218114,0,95,117,50000000,41000000,"Vijay Namdevrao Wadettiwar is the elected MLA representing Bramhapuri, Chandrapur, Maharashtra."
Maharashtra,Chandrapur,AC-MH-69,Chimur,MLA,Bunty Bhangdiya,Male,Bharatiya Janata Party,4,Graduate,/assets/candidates/wiki_69.jpg,337000000,33648186,0,93,116,50000000,45500000,"Bunty Bhangdiya is the elected MLA representing Chimur, Chandrapur, Maharashtra."
Maharashtra,Yavatmal,AC-MH-70,Wani,MLA,Sanjivreddi Bapurao Bodkurwar,Male,Bharatiya Janata Party,1,Graduate,/assets/candidates/wiki_70.jpg,647000000,101968352,0,82,107,50000000,45500000,"Sanjivreddi Bapurao Bodkurwar is the elected MLA representing Wani, Yavatmal, Maharashtra."
Maharashtra,Yavatmal,AC-MH-71,Ralegaon (ST),MLA,Ashok Uike,Male,Bharatiya Janata Party,2,Graduate,/assets/candidates/myneta_71.jpeg,287000000,48835942,0,72,25,50000000,39000000,"Ashok Uike is the elected MLA representing Ralegaon (ST), Yavatmal, Maharashtra."
Maharashtra,Yavatmal,AC-MH-72,Yavatmal,MLA,Madan Madhukarrao Yerawar,Male,Bharatiya Janata Party,2,Graduate,/assets/candidates/wiki_72.jpg,326000000,40078243,0,95,44,50000000,40500000,"Madan Madhukarrao Yerawar is the elected MLA representing Yavatmal, Yavatmal, Maharashtra."
Maharashtra,Yavatmal,AC-MH-73,Digras,MLA,Sanjay Rathod,Male,Shiv Sena,4,Graduate,/assets/candidates/wiki_73.jpg,376000000,37975389,0,84,57,50000000,38000000,"Sanjay Rathod is the elected MLA representing Digras, Yavatmal, Maharashtra."
Maharashtra,Yavatmal,AC-MH-74,Arni (ST),MLA,Sandeep Dhurve,Male,Bharatiya Janata Party,2,Graduate,/assets/candidates/myneta_74.jpg,556000000,75620032,0,74,72,50000000,46500000,"Sandeep Dhurve is the elected MLA representing Arni (ST), Yavatmal, Maharashtra."
Maharashtra,Yavatmal,AC-MH-75,Pusad,MLA,Indranil Naik,Male,Nationalist Congress Party,1,Graduate,/assets/candidates/myneta_75.jpg,623000000,38203009,0,96,68,50000000,39500000,"Indranil Naik is the elected MLA representing Pusad, Yavatmal, Maharashtra."
Maharashtra,Yavatmal,AC-MH-76,Umarkhed (SC),MLA,Namdev Sasane,Male,Bharatiya Janata Party,2,Graduate,/assets/candidates/wiki_76.jpg,344000000,48898734,0,85,80,50000000,45500000,"Namdev Sasane is the elected MLA representing Umarkhed (SC), Yavatmal, Maharashtra."
Maharashtra,Nanded,AC-MH-77,Kinwat,MLA,Bhimrao Keram,Male,Bharatiya Janata Party,1,Graduate,/assets/candidates/myneta_77.jpg,239000000,30468363,0,90,54,50000000,45500000,"Bhimrao Keram is the elected MLA representing Kinwat, Nanded, Maharashtra."
Maharashtra,Nanded,AC-MH-78,Hadgaon,MLA,Jawalgaonkar Madhavrao Nivruttirao Patil,Male,Indian National Congress,1,Graduate,/assets/candidates/myneta_78.jpg,531000000,73326324,0,90,95,50000000,38000000,"Jawalgaonkar Madhavrao Nivruttirao Patil is the elected MLA representing Hadgaon, Nanded, Maharashtra."
Maharashtra,Nanded,AC-MH-79,Nanded North,MLA,Balaji Kalyankar,Male,Shiv Sena,1,Graduate,/assets/placeholder-avatar.svg,444000000,75021634,0,72,29,50000000,42000000,"Balaji Kalyankar is the elected MLA representing Nanded North, Nanded, Maharashtra."
Maharashtra,Nanded,AC-MH-80,Nanded South,MLA,Mohanrao Marotrao Hambarde,Male,Indian National Congress,1,Graduate,/assets/candidates/myneta_80.jpg,433000000,26570170,0,72,101,50000000,47000000,"Mohanrao Marotrao Hambarde is the elected MLA representing Nanded South, Nanded, Maharashtra."
Maharashtra,Nanded,AC-MH-81,Loha,MLA,Shyamsundar Dagdoji Shinde,Male,Peasants And Workers Party of India,2,Graduate,/assets/candidates/myneta_81.jpeg,395000000,39747787,0,73,40,50000000,46000000,"Shyamsundar Dagdoji Shinde is the elected MLA representing Loha, Nanded, Maharashtra."
Maharashtra,Nanded,AC-MH-82,Naigaon,MLA,Rajesh Pawar,Male,Bharatiya Janata Party,2,Graduate,/assets/placeholder-avatar.svg,405000000,80919811,0,89,104,50000000,39000000,"Rajesh Pawar is the elected MLA representing Naigaon, Nanded, Maharashtra."
Maharashtra,Nanded,AC-MH-83,Deglur (SC),MLA,Jitesh Antapurkar,Male,Indian National Congress,1,Graduate,/assets/candidates/wiki_83.jpg,454000000,51574011,0,84,89,50000000,41500000,"Jitesh Antapurkar is the elected MLA representing Deglur (SC), Nanded, Maharashtra."
Maharashtra,Nanded,AC-MH-84,Mukhed,MLA,Tushar Rathod,Male,Bharatiya Janata Party,3,Graduate,/assets/candidates/myneta_84.jpg,99000000,7147973,0,88,44,50000000,47000000,"Tushar Rathod is the elected MLA representing Mukhed, Nanded, Maharashtra."
Maharashtra,Hingoli,AC-MH-85,Basmath,MLA,Chandrakant Nawghare,Male,Nationalist Congress Party,2,Graduate,/assets/candidates/myneta_85.jpg,76000000,13506737,0,72,34,50000000,43500000,"Chandrakant Nawghare is the elected MLA representing Basmath, Hingoli, Maharashtra."
Maharashtra,Hingoli,AC-MH-86,Kalamnuri,MLA,Santosh Bangar,Male,Shiv Sena,4,Graduate,/assets/candidates/wiki_86.jpg,412000000,75924861,0,94,119,50000000,39000000,"Santosh Bangar is the elected MLA representing Kalamnuri, Hingoli, Maharashtra."
Maharashtra,Hingoli,AC-MH-87,Hingoli,MLA,Tanaji Sakharamji Mutkule,Male,Bharatiya Janata Party,3,Graduate,/assets/candidates/myneta_87.jpg,227000000,35814586,0,75,66,50000000,43000000,"Tanaji Sakharamji Mutkule is the elected MLA representing Hingoli, Hingoli, Maharashtra."
Maharashtra,Parbhani,AC-MH-88,Jintur,MLA,Meghna Sakore Bordikar,Male,Bharatiya Janata Party,2,Graduate,/assets/candidates/myneta_88.jpg,260000000,43266431,0,80,99,50000000,41000000,"Meghna Sakore Bordikar is the elected MLA representing Jintur, Parbhani, Maharashtra."
Maharashtra,Parbhani,AC-MH-89,Parbhani,MLA,Rahul Vedprakash Patil,Male,Shiv Sena (Uddhav Balasaheb Thackeray),3,Graduate,/assets/candidates/wiki_89.jpg,276000000,40781883,0,83,68,50000000,48000000,"Rahul Vedprakash Patil is the elected MLA representing Parbhani, Parbhani, Maharashtra."
Maharashtra,Parbhani,AC-MH-90,Gangakhed,MLA,Ratnakar Gutte,Male,Rashtriya Samaj Paksha,3,Graduate,/assets/candidates/wiki_90.jpg,482000000,54291376,0,80,64,50000000,42500000,"Ratnakar Gutte is the elected MLA representing Gangakhed, Parbhani, Maharashtra."
Maharashtra,Parbhani,AC-MH-91,Pathri,MLA,Suresh Warpudkar,Male,Indian National Congress,3,Graduate,/assets/candidates/myneta_91.jpg,127000000,11297635,0,74,82,50000000,45000000,"Suresh Warpudkar is the elected MLA representing Pathri, Parbhani, Maharashtra."
Maharashtra,Jalna,AC-MH-92,Partur,MLA,Babanrao Lonikar,Male,Bharatiya Janata Party,2,Graduate,/assets/placeholder-avatar.svg,521000000,80266969,0,75,86,50000000,43500000,"Babanrao Lonikar is the elected MLA representing Partur, Jalna, Maharashtra."
Maharashtra,Jalna,AC-MH-93,Ghansawangi,MLA,Rajesh Tope,Male,Nationalist Congress Party (Sharadchandra Pawar),3,Graduate,/assets/candidates/myneta_93.jpg,566000000,106385049,0,95,45,50000000,38000000,"Rajesh Tope is the elected MLA representing Ghansawangi, Jalna, Maharashtra."
Maharashtra,Jalna,AC-MH-94,Jalna,MLA,Kailas Gorantyal,Male,Indian National Congress,4,Graduate,/assets/candidates/myneta_94.jpg,513000000,42953625,0,85,88,50000000,38000000,"Kailas Gorantyal is the elected MLA representing Jalna, Jalna, Maharashtra."
Maharashtra,Jalna,AC-MH-95,Badnapur (SC),MLA,Narayan Tilakchand Kuche,Male,Bharatiya Janata Party,3,Graduate,/assets/candidates/myneta_95.jpg,240000000,13483038,0,75,113,50000000,46000000,"Narayan Tilakchand Kuche is the elected MLA representing Badnapur (SC), Jalna, Maharashtra."
Maharashtra,Jalna,AC-MH-96,Bhokardan,MLA,Santosh Danve,Male,Bharatiya Janata Party,4,Graduate,/assets/placeholder-avatar.svg,325000000,23061775,0,86,118,50000000,43500000,"Santosh Danve is the elected MLA representing Bhokardan, Jalna, Maharashtra."
Maharashtra,Chhatrapati Sambhaji Nagar,AC-MH-97,Sillod,MLA,Abdul Sattar Abdul Nabi,Male,Shiv Sena,2,Graduate,/assets/candidates/wiki_97.jpg,336000000,18672936,0,92,66,50000000,39500000,"Abdul Sattar Abdul Nabi is the elected MLA representing Sillod, Chhatrapati Sambhaji Nagar, Maharashtra."
Maharashtra,Chhatrapati Sambhaji Nagar,AC-MH-98,Kannad,MLA,Udaysingh Rajput,Male,Shiv Sena (Uddhav Balasaheb Thackeray),2,Graduate,/assets/candidates/wiki_98.jpg,344000000,25556328,0,89,51,50000000,41000000,"Udaysingh Rajput is the elected MLA representing Kannad, Chhatrapati Sambhaji Nagar, Maharashtra."
Maharashtra,Chhatrapati Sambhaji Nagar,AC-MH-99,Aurangabad Central,MLA,Pradeep Jaiswal,Male,Shiv Sena,4,Graduate,/assets/candidates/wiki_99.jpg,184000000,26755038,0,89,102,50000000,46500000,"Pradeep Jaiswal is the elected MLA representing Aurangabad Central, Chhatrapati Sambhaji Nagar, Maharashtra."
Maharashtra,Chhatrapati Sambhaji Nagar,AC-MH-100,Aurangabad West (SC),MLA,Sanjay Shirsat,Male,Shiv Sena,2,Graduate,/assets/candidates/wiki_100.jpg,176000000,33343573,0,72,25,50000000,44500000,"Sanjay Shirsat is the elected MLA representing Aurangabad West (SC), Chhatrapati Sambhaji Nagar, Maharashtra."
Maharashtra,Chhatrapati Sambhaji Nagar,AC-MH-101,Aurangabad East,MLA,Atul Moreshwar Save,Male,Bharatiya Janata Party,3,Graduate,/assets/candidates/myneta_101.jpg,551000000,106814631,0,77,56,50000000,41500000,"Atul Moreshwar Save is the elected MLA representing Aurangabad East, Chhatrapati Sambhaji Nagar, Maharashtra."
Maharashtra,Chhatrapati Sambhaji Nagar,AC-MH-102,Gangapur,MLA,Prashant Bamb,Male,Bharatiya Janata Party,4,Graduate,/assets/placeholder-avatar.svg,33000000,6118757,0,95,102,50000000,43500000,"Prashant Bamb is the elected MLA representing Gangapur, Chhatrapati Sambhaji Nagar, Maharashtra."
Maharashtra,Chhatrapati Sambhaji Nagar,AC-MH-103,Vaijapur,MLA,Ramesh Bornare,Male,Shiv Sena,3,Graduate,/assets/candidates/myneta_103.jpg,598000000,53719050,0,81,35,50000000,39500000,"Ramesh Bornare is the elected MLA representing Vaijapur, Chhatrapati Sambhaji Nagar, Maharashtra."
Maharashtra,Nashik,AC-MH-104,Nandgaon,MLA,Suhas Kande,Male,Shiv Sena,2,Graduate,/assets/candidates/myneta_104.jpg,78000000,15563867,0,91,56,50000000,40000000,"Suhas Kande is the elected MLA representing Nandgaon, Nashik, Maharashtra."
Maharashtra,Nashik,AC-MH-105,Malegaon Central,MLA,Mohammed Ismail Abdul Khalique,Male,All India Majlis-E-Ittehadul Muslimeen,2,Graduate,/assets/candidates/wiki_105.jpg,150000000,20783186,0,95,90,50000000,44500000,"Mohammed Ismail Abdul Khalique is the elected MLA representing Malegaon Central, Nashik, Maharashtra."
Maharashtra,Nashik,AC-MH-106,Malegaon Outer,MLA,Dadaji Bhuse,Male,Shiv Sena,3,Graduate,/assets/candidates/myneta_106.jpg,527000000,80314820,0,95,62,50000000,45500000,"Dadaji Bhuse is the elected MLA representing Malegaon Outer, Nashik, Maharashtra."
Maharashtra,Nashik,AC-MH-107,Baglan (ST),MLA,Dilip Manglu Borse,Male,Bharatiya Janata Party,3,Graduate,/assets/candidates/myneta_107.jpg,628000000,58317504,0,95,65,50000000,42500000,"Dilip Manglu Borse is the elected MLA representing Baglan (ST), Nashik, Maharashtra."
Maharashtra,Nashik,AC-MH-108,Kalwan (ST),MLA,Nitin Arjun Pawar,Male,Nationalist Congress Party,4,Graduate,/assets/candidates/myneta_108.jpeg,159000000,11698813,0,90,81,50000000,39500000,"Nitin Arjun Pawar is the elected MLA representing Kalwan (ST), Nashik, Maharashtra."
Maharashtra,Nashik,AC-MH-109,Chandwad,MLA,Adv. Rahul Daulatrao Aher,Male,Bharatiya Janata Party,3,Graduate,/assets/candidates/wiki_109.jpg,592000000,32464870,0,88,57,50000000,47500000,"Adv. Rahul Daulatrao Aher is the elected MLA representing Chandwad, Nashik, Maharashtra."
Maharashtra,Nashik,AC-MH-110,Yevla,MLA,Chaggan Bhujbal,Male,Nationalist Congress Party,3,Graduate,/assets/candidates/wiki_110.jpg,581000000,55261675,0,89,56,50000000,40500000,"Chaggan Bhujbal is the elected MLA representing Yevla, Nashik, Maharashtra."
Maharashtra,Nashik,AC-MH-111,Sinnar,MLA,Manikrao Kokate,Male,Nationalist Congress Party,1,Graduate,/assets/candidates/wiki_111.jpg,648000000,106870928,0,75,90,50000000,39500000,"Manikrao Kokate is the elected MLA representing Sinnar, Nashik, Maharashtra."
Maharashtra,Nashik,AC-MH-112,Niphad,MLA,Diliprao Shankarrao Bankar,Male,Nationalist Congress Party,1,Graduate,/assets/candidates/myneta_112.jpg,526000000,78208814,0,74,67,50000000,40000000,"Diliprao Shankarrao Bankar is the elected MLA representing Niphad, Nashik, Maharashtra."
Maharashtra,Nashik,AC-MH-113,Dindori (ST),MLA,Narhari Sitaram Zirwal,Male,Nationalist Congress Party,3,Graduate,/assets/candidates/myneta_113.jpg,92000000,9786750,0,91,79,50000000,46000000,"Narhari Sitaram Zirwal is the elected MLA representing Dindori (ST), Nashik, Maharashtra."
Maharashtra,Nashik,AC-MH-114,Nashik East,MLA,Rahul Uttamrao Dhikale,Male,Bharatiya Janata Party,2,Graduate,/assets/candidates/wiki_114.jpg,121000000,11963272,0,92,48,50000000,45000000,"Rahul Uttamrao Dhikale is the elected MLA representing Nashik East, Nashik, Maharashtra."
Maharashtra,Nashik,AC-MH-115,Nashik Central,MLA,Devayani Farande,Male,Bharatiya Janata Party,3,Graduate,/assets/placeholder-avatar.svg,174000000,29064930,0,85,85,50000000,44000000,"Devayani Farande is the elected MLA representing Nashik Central, Nashik, Maharashtra."
Maharashtra,Nashik,AC-MH-116,Nashik West,MLA,Seema Mahesh Hiray,Female,Bharatiya Janata Party,4,Graduate,/assets/candidates/myneta_116.jpg,72000000,4860966,0,77,84,50000000,39000000,"Seema Mahesh Hiray is the elected MLA representing Nashik West, Nashik, Maharashtra."
Maharashtra,Nashik,AC-MH-117,Deolali (SC),MLA,Saroj Ahire,Female,Nationalist Congress Party,1,Graduate,/assets/candidates/myneta_117.jpg,57000000,3721674,0,86,80,50000000,38500000,"Saroj Ahire is the elected MLA representing Deolali (SC), Nashik, Maharashtra."
Maharashtra,Nashik,AC-MH-118,Igatpuri (ST),MLA,Hiraman Khoskar,Male,Indian National Congress,1,Graduate,/assets/candidates/myneta_118.jpg,491000000,53860986,0,95,80,50000000,45000000,"Hiraman Khoskar is the elected MLA representing Igatpuri (ST), Nashik, Maharashtra."
Maharashtra,Palghar,AC-MH-119,Dahanu (ST),MLA,Vinod Bhiva Nikole,Male,Communist Party of India (Marxist),1,Graduate,/assets/candidates/myneta_119.jpg,270000000,14326460,0,92,43,50000000,47000000,"Vinod Bhiva Nikole is the elected MLA representing Dahanu (ST), Palghar, Maharashtra."
Maharashtra,Palghar,AC-MH-120,Vikramgad (ST),MLA,Sunil Chandrakant Bhuasara,Male,Nationalist Congress Party (Sharadchandra Pawar),3,Graduate,/assets/placeholder-avatar.svg,325000000,25315477,0,94,102,50000000,38000000,"Sunil Chandrakant Bhuasara is the elected MLA representing Vikramgad (ST), Palghar, Maharashtra."
Maharashtra,Palghar,AC-MH-121,Palghar (ST),MLA,Shrinivas Vanga,Male,Shiv Sena,2,Graduate,/assets/candidates/myneta_121.jpg,374000000,37250457,0,95,90,50000000,44500000,"Shrinivas Vanga is the elected MLA representing Palghar (ST), Palghar, Maharashtra."
Maharashtra,Palghar,AC-MH-122,Boisar (ST),MLA,Rajesh Raghunath Patil,Male,Bahujan Vikas Aghadi,3,Graduate,/assets/candidates/myneta_122.jpg,577000000,92502156,0,94,41,50000000,38000000,"Rajesh Raghunath Patil is the elected MLA representing Boisar (ST), Palghar, Maharashtra."
Maharashtra,Palghar,AC-MH-123,Nalasopara,MLA,Kshitij Thakur,Male,Bahujan Vikas Aghadi,2,Graduate,/assets/candidates/wiki_123.jpg,91000000,15842672,0,84,50,50000000,43500000,"Kshitij Thakur is the elected MLA representing Nalasopara, Palghar, Maharashtra."
Maharashtra,Palghar,AC-MH-124,Vasai,MLA,Hitendra Thakur,Male,Bahujan Vikas Aghadi,4,Graduate,/assets/placeholder-avatar.svg,447000000,27539596,0,86,82,50000000,40000000,"Hitendra Thakur is the elected MLA representing Vasai, Palghar, Maharashtra."
Maharashtra,Thane,AC-MH-125,Bhiwandi Rural (ST),MLA,Shantaram Tukaram More,Male,Shiv Sena,2,Graduate,/assets/candidates/myneta_125.jpg,249000000,47645500,0,95,39,50000000,42500000,"Shantaram Tukaram More is the elected MLA representing Bhiwandi Rural (ST), Thane, Maharashtra."
Maharashtra,Thane,AC-MH-126,Shahapur (ST),MLA,Daulat Bhika Daroda,Male,Nationalist Congress Party,3,Graduate,/assets/candidates/myneta_126.jpg,343000000,29665326,0,83,115,50000000,45000000,"Daulat Bhika Daroda is the elected MLA representing Shahapur (ST), Thane, Maharashtra."
Maharashtra,Thane,AC-MH-127,Bhiwandi West,MLA,Mahesh Prabhakar Choughule,Male,Bharatiya Janata Party,4,Graduate,/assets/candidates/myneta_127.jpg,245000000,46647263,0,91,115,50000000,45500000,"Mahesh Prabhakar Choughule is the elected MLA representing Bhiwandi West, Thane, Maharashtra."
Maharashtra,Thane,AC-MH-128,Bhiwandi East,MLA,Rais Shaikh,Male,Samajwadi Party,3,Graduate,/assets/candidates/myneta_128.jpg,48000000,3630868,0,81,93,50000000,40000000,"Rais Shaikh is the elected MLA representing Bhiwandi East, Thane, Maharashtra."
Maharashtra,Thane,AC-MH-129,Kalyan West,MLA,Vishwanath Bhoir,Male,Shiv Sena,2,Graduate,/assets/placeholder-avatar.svg,654000000,96157649,0,72,46,50000000,44500000,"Vishwanath Bhoir is the elected MLA representing Kalyan West, Thane, Maharashtra."
Maharashtra,Thane,AC-MH-130,Murbad,MLA,Kisan Kathore,Male,Bharatiya Janata Party,1,Graduate,/assets/candidates/wiki_130.jpg,391000000,70074425,0,73,69,50000000,39000000,"Kisan Kathore is the elected MLA representing Murbad, Thane, Maharashtra."
Maharashtra,Thane,AC-MH-131,Ambernath (SC),MLA,Balaji Kinikar,Male,Shiv Sena,1,Graduate,/assets/candidates/myneta_131.jpg,179000000,26113192,0,78,47,50000000,40000000,"Balaji Kinikar is the elected MLA representing Ambernath (SC), Thane, Maharashtra."
Maharashtra,Thane,AC-MH-132,Ulhasnagar,MLA,Kumar Ailani,Male,Bharatiya Janata Party,2,Graduate,/assets/candidates/wiki_132.jpg,591000000,65490687,0,93,87,50000000,45500000,"Kumar Ailani is the elected MLA representing Ulhasnagar, Thane, Maharashtra."
Maharashtra,Thane,AC-MH-133,Kalyan East,MLA,Ganpat Gaikwad,Male,Bharatiya Janata Party,4,Graduate,/assets/placeholder-avatar.svg,121000000,13830870,0,87,94,50000000,46500000,"Ganpat Gaikwad is the elected MLA representing Kalyan East, Thane, Maharashtra."
Maharashtra,Thane,AC-MH-134,Dombivli,MLA,Ravindra Chavan,Male,Bharatiya Janata Party,3,Graduate,/assets/candidates/wiki_134.jpg,242000000,16234189,0,92,89,50000000,47000000,"Ravindra Chavan is the elected MLA representing Dombivli, Thane, Maharashtra."
Maharashtra,Thane,AC-MH-135,Kalyan Rural,MLA,Pramod Ratan Patil,Male,Maharashtra Navnirman Sena,3,Graduate,/assets/candidates/myneta_135.jpg,167000000,14145558,0,95,70,50000000,43500000,"Pramod Ratan Patil is the elected MLA representing Kalyan Rural, Thane, Maharashtra."
Maharashtra,Thane,AC-MH-136,Mira Bhayandar,MLA,Geeta Bharat Jain,Female,Independent,4,Graduate,/assets/candidates/wiki_136.jpg,440000000,61858694,0,95,73,50000000,41000000,"Geeta Bharat Jain is the elected MLA representing Mira Bhayandar, Thane, Maharashtra."
Maharashtra,Thane,AC-MH-137,Ovala-Majiwada,MLA,Pratap Sarnaik,Male,Shiv Sena,4,Graduate,/assets/candidates/wiki_137.jpg,342000000,61465218,0,84,77,50000000,41500000,"Pratap Sarnaik is the elected MLA representing Ovala-Majiwada, Thane, Maharashtra."
Maharashtra,Thane,AC-MH-138,Kopri-Pachpakhadi,Deputy Chief Minister / MLA,Eknath Shinde,Male,Shiv Sena,4,Graduate,/assets/candidates/ma_eknath_shinde.jpg,224000000,43670225,0,79,54,50000000,49000000,"Eknath Shinde is the elected MLA representing Kopri-Pachpakhadi, Thane, Maharashtra."
Maharashtra,Thane,AC-MH-139,Thane,MLA,Sanjay Mukund Kelkar,Male,Bharatiya Janata Party,1,Graduate,/assets/candidates/myneta_139.jpg,390000000,31696975,0,83,66,50000000,45000000,"Sanjay Mukund Kelkar is the elected MLA representing Thane, Thane, Maharashtra."
Maharashtra,Thane,AC-MH-140,Mumbra-Kalwa,MLA,Jitendra Awhad,Male,Nationalist Congress Party (Sharadchandra Pawar),1,Graduate,/assets/candidates/myneta_140.jpg,45000000,3310841,0,87,111,50000000,42000000,"Jitendra Awhad is the elected MLA representing Mumbra-Kalwa, Thane, Maharashtra."
Maharashtra,Thane,AC-MH-141,Airoli,MLA,Ganesh Naik,Male,Bharatiya Janata Party,4,Graduate,/assets/candidates/wiki_141.jpg,514000000,84971927,0,86,91,50000000,44000000,"Ganesh Naik is the elected MLA representing Airoli, Thane, Maharashtra."
Maharashtra,Thane,AC-MH-142,Belapur,MLA,Manda Vijay Mhatre,Female,Bharatiya Janata Party,4,Graduate,/assets/candidates/myneta_142.jpg,498000000,80706956,0,75,108,50000000,43500000,"Manda Vijay Mhatre is the elected MLA representing Belapur, Thane, Maharashtra."
Maharashtra,Mumbai Suburban,AC-MH-143,Borivali,MLA,Sunil Rane,Male,Bharatiya Janata Party,4,Graduate,/assets/candidates/wiki_143.jpg,298000000,39912228,0,74,44,50000000,38500000,"Sunil Rane is the elected MLA representing Borivali, Mumbai Suburban, Maharashtra."
Maharashtra,Mumbai Suburban,AC-MH-144,Dahisar,MLA,Manisha Chaudhary,Female,Bharatiya Janata Party,3,Graduate,/assets/candidates/wiki_144.jpg,672000000,112020340,0,78,79,50000000,47000000,"Manisha Chaudhary is the elected MLA representing Dahisar, Mumbai Suburban, Maharashtra."
Maharashtra,Mumbai Suburban,AC-MH-145,Magathane,MLA,Prakash Surve,Male,Shiv Sena,4,Graduate,/assets/candidates/myneta_145.jpg,455000000,54479342,0,83,41,50000000,40500000,"Prakash Surve is the elected MLA representing Magathane, Mumbai Suburban, Maharashtra."
Maharashtra,Mumbai Suburban,AC-MH-146,Mulund,MLA,Mihir Kotecha,Male,Bharatiya Janata Party,2,Graduate,/assets/candidates/myneta_146.jpg,353000000,52469120,0,89,66,50000000,39500000,"Mihir Kotecha is the elected MLA representing Mulund, Mumbai Suburban, Maharashtra."
Maharashtra,Mumbai Suburban,AC-MH-147,Vikhroli,MLA,Sunil Raut,Male,Shiv Sena (Uddhav Balasaheb Thackeray),2,Graduate,/assets/candidates/myneta_147.jpg,40000000,3257171,0,75,31,50000000,45000000,"Sunil Raut is the elected MLA representing Vikhroli, Mumbai Suburban, Maharashtra."
Maharashtra,Mumbai Suburban,AC-MH-148,Bhandup West,MLA,Ramesh Korgaonkar,Male,Shiv Sena (Uddhav Balasaheb Thackeray),2,Graduate,/assets/candidates/myneta_148.jpg,117000000,17859293,0,85,62,50000000,38500000,"Ramesh Korgaonkar is the elected MLA representing Bhandup West, Mumbai Suburban, Maharashtra."
Maharashtra,Mumbai Suburban,AC-MH-149,Dindoshi,MLA,Sunil Prabhu,Male,Shiv Sena (Uddhav Balasaheb Thackeray),3,Graduate,/assets/candidates/wiki_149.jpg,252000000,16206364,0,77,102,50000000,41000000,"Sunil Prabhu is the elected MLA representing Dindoshi, Mumbai Suburban, Maharashtra."
Maharashtra,Mumbai Suburban,AC-MH-150,Kandivali East,MLA,Atul Bhatkhalkar,Male,Bharatiya Janata Party,1,Graduate,/assets/candidates/wiki_150.jpg,239000000,24384761,0,73,79,50000000,40500000,"Atul Bhatkhalkar is the elected MLA representing Kandivali East, Mumbai Suburban, Maharashtra."
Maharashtra,Mumbai Suburban,AC-MH-151,Charkop,MLA,Yogesh Sagar,Male,Bharatiya Janata Party,3,Graduate,/assets/candidates/myneta_151.jpg,75000000,9869926,0,76,115,50000000,42500000,"Yogesh Sagar is the elected MLA representing Charkop, Mumbai Suburban, Maharashtra."
Maharashtra,Mumbai Suburban,AC-MH-152,Malad West,MLA,Aslam Shaikh,Male,Indian National Congress,4,Graduate,/assets/placeholder-avatar.svg,676000000,58266298,0,76,59,50000000,44000000,"Aslam Shaikh is the elected MLA representing Malad West, Mumbai Suburban, Maharashtra."
Maharashtra,Mumbai Suburban,AC-MH-153,Goregaon,MLA,Vidya Thakur,Female,Bharatiya Janata Party,1,Graduate,/assets/candidates/myneta_153.jpg,597000000,110456094,0,86,111,50000000,47500000,"Vidya Thakur is the elected MLA representing Goregaon, Mumbai Suburban, Maharashtra."
Maharashtra,Mumbai Suburban,AC-MH-154,Versova,MLA,Bharati Hemant Lavekar,Female,Bharatiya Janata Party,4,Graduate,/assets/candidates/ma_bharati_hemant_lavekar.jpg,120000000,20866988,0,90,73,50000000,42000000,"Bharati Hemant Lavekar is the elected MLA representing Versova, Mumbai Suburban, Maharashtra."
Maharashtra,Mumbai Suburban,AC-MH-155,Andheri West,MLA,Ameet Bhaskar Satam,Male,Bharatiya Janata Party,1,Graduate,/assets/candidates/ma_ameet_bhaskar_satam.jpg,677000000,42287674,0,90,69,50000000,47500000,"Ameet Bhaskar Satam is the elected MLA representing Andheri West, Mumbai Suburban, Maharashtra."
Maharashtra,Mumbai Suburban,AC-MH-156,Andheri East,MLA,Rutuja Ramesh Latke,Male,Shiv Sena (Uddhav Balasaheb Thackeray),2,Graduate,/assets/candidates/myneta_156.jpg,336000000,45278496,0,96,116,50000000,41000000,"Rutuja Ramesh Latke is the elected MLA representing Andheri East, Mumbai Suburban, Maharashtra."
Maharashtra,Mumbai Suburban,AC-MH-157,Vile Parle,MLA,Parag Alavani,Male,Bharatiya Janata Party,1,Graduate,/assets/candidates/myneta_157.jpg,631000000,79637160,0,94,117,50000000,42500000,"Parag Alavani is the elected MLA representing Vile Parle, Mumbai Suburban, Maharashtra."
Maharashtra,Mumbai Suburban,AC-MH-158,Chandivali,MLA,Dilip Lande,Male,Shiv Sena,1,Graduate,/assets/candidates/myneta_158.jpg,267000000,18711013,0,93,70,50000000,39500000,"Dilip Lande is the elected MLA representing Chandivali, Mumbai Suburban, Maharashtra."
Maharashtra,Mumbai Suburban,AC-MH-159,Ghatkopar West,MLA,Ram Kadam,Male,Bharatiya Janata Party,1,Graduate,/assets/candidates/wiki_159.jpg,678000000,135138324,0,79,47,50000000,39500000,"Ram Kadam is the elected MLA representing Ghatkopar West, Mumbai Suburban, Maharashtra."
Maharashtra,Mumbai Suburban,AC-MH-160,Ghatkopar East,MLA,Parag Shah,Male,Bharatiya Janata Party,2,Graduate,/assets/candidates/myneta_160.jpg,526000000,30217179,0,92,114,50000000,39000000,"Parag Shah is the elected MLA representing Ghatkopar East, Mumbai Suburban, Maharashtra."
Maharashtra,Mumbai Suburban,AC-MH-161,Mankhurd Shivaji Nagar,MLA,Abu Asim Azmi,Male,Samajwadi Party,4,Graduate,/assets/candidates/myneta_161.jpg,184000000,35098027,0,91,76,50000000,38000000,"Abu Asim Azmi is the elected MLA representing Mankhurd Shivaji Nagar, Mumbai Suburban, Maharashtra."
Maharashtra,Mumbai Suburban,AC-MH-162,Anushakti Nagar,MLA,Nawab Malik,Male,Nationalist Congress Party (Sharadchandra Pawar),4,Graduate,/assets/candidates/wiki_162.jpg,174000000,11437617,0,87,45,50000000,46500000,"Nawab Malik is the elected MLA representing Anushakti Nagar, Mumbai Suburban, Maharashtra."
Maharashtra,Mumbai Suburban,AC-MH-163,Chembur,MLA,Prakash Phaterpekar,Male,Shiv Sena (Uddhav Balasaheb Thackeray),1,Graduate,/assets/candidates/myneta_163.jpg,597000000,66308202,0,94,67,50000000,46500000,"Prakash Phaterpekar is the elected MLA representing Chembur, Mumbai Suburban, Maharashtra."
Maharashtra,Mumbai Suburban,AC-MH-164,Kurla(SC),MLA,Mangesh Kudalkar,Male,Shiv Sena,4,Graduate,/assets/placeholder-avatar.svg,336000000,47471303,0,75,33,50000000,42500000,"Mangesh Kudalkar is the elected MLA representing Kurla(SC), Mumbai Suburban, Maharashtra."
Maharashtra,Mumbai Suburban,AC-MH-165,Kalina,MLA,Sanjay Potnis,Male,Shiv Sena (Uddhav Balasaheb Thackeray),1,Graduate,/assets/candidates/wiki_165.jpg,445000000,71556908,0,86,119,50000000,41000000,"Sanjay Potnis is the elected MLA representing Kalina, Mumbai Suburban, Maharashtra."
Maharashtra,Mumbai Suburban,AC-MH-166,Vandre East,MLA,Zeeshan Siddique,Male,Nationalist Congress Party,2,Graduate,/assets/candidates/wiki_166.jpg,491000000,96805261,0,75,87,50000000,42500000,"Zeeshan Siddique is the elected MLA representing Vandre East, Mumbai Suburban, Maharashtra."
Maharashtra,Mumbai Suburban,AC-MH-167,Vandre West,MLA,Ashish Shelar,Male,Bharatiya Janata Party,1,Graduate,/assets/candidates/wiki_167.jpg,268000000,20071674,0,74,108,50000000,39500000,"Ashish Shelar is the elected MLA representing Vandre West, Mumbai Suburban, Maharashtra."
Maharashtra,Mumbai Suburban,AC-MH-168,Dharavi (SC),MLA,Varsha Gaikwad,Female,Indian National Congress,1,Graduate,/assets/candidates/varsha_gaikwad.jpg,554000000,73329765,0,91,26,50000000,41000000,"Varsha Gaikwad is the elected MLA representing Dharavi (SC), Mumbai Suburban, Maharashtra."
Maharashtra,Mumbai Suburban,AC-MH-169,Sion Koliwada,MLA,Captain R. Tamil Selvan,Male,Bharatiya Janata Party,1,Graduate,/assets/placeholder-avatar.svg,144000000,13779879,0,76,116,50000000,48000000,"Captain R. Tamil Selvan is the elected MLA representing Sion Koliwada, Mumbai Suburban, Maharashtra."
Maharashtra,Mumbai Suburban,AC-MH-170,Wadala,MLA,Kalidas Kolambkar,Male,Bharatiya Janata Party,4,Graduate,/assets/candidates/myneta_170.jpg,599000000,106628036,0,89,51,50000000,39500000,"Kalidas Kolambkar is the elected MLA representing Wadala, Mumbai Suburban, Maharashtra."
Maharashtra,Mumbai Suburban,AC-MH-171,Mahim,MLA,Sada Sarvankar,Male,Shiv Sena,2,Graduate,/assets/candidates/myneta_171.jpg,33000000,3813219,0,77,43,50000000,40000000,"Sada Sarvankar is the elected MLA representing Mahim, Mumbai Suburban, Maharashtra."
Maharashtra,Mumbai Suburban,AC-MH-172,Worli,MLA,Aditya Thackeray,Male,Shiv Sena (Uddhav Balasaheb Thackeray),1,Graduate,/assets/candidates/wiki_172.jpg,524000000,79043956,0,83,48,50000000,39500000,"Aditya Thackeray is the elected MLA representing Worli, Mumbai Suburban, Maharashtra."
Maharashtra,Mumbai Suburban,AC-MH-173,Shivadi,MLA,Ajay Choudhari,Male,Shiv Sena (Uddhav Balasaheb Thackeray),1,Graduate,/assets/placeholder-avatar.svg,622000000,56180020,0,93,78,50000000,47500000,"Ajay Choudhari is the elected MLA representing Shivadi, Mumbai Suburban, Maharashtra."
Maharashtra,Mumbai Suburban,AC-MH-174,Byculla,MLA,Yamini Jadhav,Female,Shiv Sena,2,Graduate,/assets/candidates/wiki_174.jpg,275000000,54295641,0,96,88,50000000,45500000,"Yamini Jadhav is the elected MLA representing Byculla, Mumbai Suburban, Maharashtra."
Maharashtra,Mumbai Suburban,AC-MH-175,Malabar Hill,MLA,Mangal Prabhat Lodha,Male,Bharatiya Janata Party,4,Graduate,/assets/candidates/wiki_175.jpg,547000000,35762977,0,86,39,50000000,45000000,"Mangal Prabhat Lodha is the elected MLA representing Malabar Hill, Mumbai Suburban, Maharashtra."
Maharashtra,Mumbai Suburban,AC-MH-176,Mumbadevi,MLA,Amin Patel,Male,Indian National Congress,4,Graduate,/assets/candidates/myneta_176.jpg,275000000,44162873,0,79,57,50000000,38500000,"Amin Patel is the elected MLA representing Mumbadevi, Mumbai Suburban, Maharashtra."
Maharashtra,Mumbai Suburban,AC-MH-177,Colaba,MLA,Rahul Narwekar,Male,Bharatiya Janata Party,1,Graduate,/assets/candidates/wiki_177.jpg,638000000,58259610,0,88,54,50000000,43500000,"Rahul Narwekar is the elected MLA representing Colaba, Mumbai Suburban, Maharashtra."
Maharashtra,Raigad,AC-MH-178,Panvel,MLA,Prashant Thakur,Male,Bharatiya Janata Party,1,Graduate,/assets/placeholder-avatar.svg,397000000,66028715,0,89,104,50000000,48000000,"Prashant Thakur is the elected MLA representing Panvel, Raigad, Maharashtra."
Maharashtra,Raigad,AC-MH-179,Karjat,MLA,Mahendra Sadashiv Thorve,Male,Shiv Sena,3,Graduate,/assets/candidates/wiki_179.jpg,79000000,9777584,0,80,41,50000000,40500000,"Mahendra Sadashiv Thorve is the elected MLA representing Karjat, Raigad, Maharashtra."
Maharashtra,Raigad,AC-MH-180,Uran,MLA,Mahesh Baldi,Male,Independent,2,Graduate,/assets/candidates/myneta_180.jpg,659000000,42322032,0,80,92,50000000,45500000,"Mahesh Baldi is the elected MLA representing Uran, Raigad, Maharashtra."
Maharashtra,Raigad,AC-MH-181,Pen,MLA,Ravisheth Patil,Male,Bharatiya Janata Party,3,Graduate,/assets/candidates/myneta_181.jpg,484000000,65058391,0,73,94,50000000,40500000,"Ravisheth Patil is the elected MLA representing Pen, Raigad, Maharashtra."
Maharashtra,Raigad,AC-MH-182,Alibag,MLA,Mahendra Dalvi,Male,Shiv Sena,2,Graduate,/assets/candidates/wiki_182.jpg,162000000,28728535,0,78,88,50000000,40500000,"Mahendra Dalvi is the elected MLA representing Alibag, Raigad, Maharashtra."
Maharashtra,Raigad,AC-MH-183,Shrivardhan,MLA,Aditi Sunil Tatkare,Female,Nationalist Congress Party,3,Graduate,/assets/placeholder-avatar.svg,493000000,77843519,0,96,95,50000000,45500000,"Aditi Sunil Tatkare is the elected MLA representing Shrivardhan, Raigad, Maharashtra."
Maharashtra,Raigad,AC-MH-184,Mahad,MLA,Bharat Gogawale,Male,Shiv Sena,1,Graduate,/assets/candidates/wiki_184.jpg,153000000,18322926,0,93,40,50000000,38000000,"Bharat Gogawale is the elected MLA representing Mahad, Raigad, Maharashtra."
Maharashtra,Pune,AC-MH-185,Junnar,MLA,Atul Vallabh Benke,Male,Nationalist Congress Party,4,Graduate,/assets/candidates/wiki_185.jpg,466000000,31028214,0,86,44,50000000,41500000,"Atul Vallabh Benke is the elected MLA representing Junnar, Pune, Maharashtra."
Maharashtra,Pune,AC-MH-186,Ambegaon,MLA,Dilip Walse-Patil,Male,Nationalist Congress Party,4,Graduate,/assets/candidates/wiki_186.jpg,393000000,23880400,0,76,79,50000000,39000000,"Dilip Walse-Patil is the elected MLA representing Ambegaon, Pune, Maharashtra."
Maharashtra,Pune,AC-MH-187,Khed Alandi,MLA,Dilip Mohite,Male,Nationalist Congress Party,3,Graduate,/assets/placeholder-avatar.svg,648000000,81193831,0,96,118,50000000,44000000,"Dilip Mohite is the elected MLA representing Khed Alandi, Pune, Maharashtra."
Maharashtra,Pune,AC-MH-188,Shirur,MLA,Ashok Raosaheb Pawar,Male,Nationalist Congress Party,2,Graduate,/assets/candidates/myneta_188.jpg,413000000,21827982,0,72,114,50000000,43000000,"Ashok Raosaheb Pawar is the elected MLA representing Shirur, Pune, Maharashtra."
Maharashtra,Pune,AC-MH-189,Daund,MLA,Rahul Kul,Male,Bharatiya Janata Party,3,Graduate,/assets/candidates/myneta_189.jpg,149000000,19565277,0,93,106,50000000,46500000,"Rahul Kul is the elected MLA representing Daund, Pune, Maharashtra."
Maharashtra,Pune,AC-MH-190,Indapur,MLA,Dattatray Vithoba Bharne,Male,Nationalist Congress Party,1,Graduate,/assets/candidates/wiki_190.jpg,408000000,68116412,0,75,120,50000000,44500000,"Dattatray Vithoba Bharne is the elected MLA representing Indapur, Pune, Maharashtra."
Maharashtra,Pune,AC-MH-191,Baramati,MLA,Ajit Pawar,Male,Nationalist Congress Party,3,Graduate,/assets/candidates/ma_ajit_pawar.jpg,220000000,33892157,0,79,50,50000000,47000000,"Ajit Pawar is the elected MLA representing Baramati, Pune, Maharashtra."
Maharashtra,Pune,AC-MH-192,Purandar,MLA,Sanjay Jagtap,Male,Indian National Congress,2,Graduate,/assets/placeholder-avatar.svg,32000000,5591769,0,75,113,50000000,43500000,"Sanjay Jagtap is the elected MLA representing Purandar, Pune, Maharashtra."
Maharashtra,Pune,AC-MH-193,Bhor,MLA,Sangram Anantrao Thopate,Male,Indian National Congress,4,Graduate,/assets/candidates/myneta_193.jpg,291000000,34946974,0,92,105,50000000,44000000,"Sangram Anantrao Thopate is the elected MLA representing Bhor, Pune, Maharashtra."
Maharashtra,Pune,AC-MH-194,Maval,MLA,Sunil Shelke,Male,Nationalist Congress Party,1,Graduate,/assets/candidates/myneta_194.jpg,292000000,21481494,0,75,83,50000000,39000000,"Sunil Shelke is the elected MLA representing Maval, Pune, Maharashtra."
Maharashtra,Pune,AC-MH-195,Chinchwad,MLA,Ashwini Jagtap,Male,Bharatiya Janata Party,2,Graduate,/assets/placeholder-avatar.svg,622000000,32550060,0,86,105,50000000,48000000,"Ashwini Jagtap is the elected MLA representing Chinchwad, Pune, Maharashtra."
Maharashtra,Pune,AC-MH-196,Pimpri (SC),MLA,Anna Bansode,Male,Nationalist Congress Party,4,Graduate,/assets/candidates/myneta_196.jpg,172000000,16356228,0,87,39,50000000,48000000,"Anna Bansode is the elected MLA representing Pimpri (SC), Pune, Maharashtra."
Maharashtra,Pune,AC-MH-197,Bhosari,MLA,Mahesh Landge,Male,Bharatiya Janata Party,4,Graduate,/assets/candidates/wiki_197.jpg,485000000,46824992,0,77,51,50000000,40500000,"Mahesh Landge is the elected MLA representing Bhosari, Pune, Maharashtra."
Maharashtra,Pune,AC-MH-198,Vadgaon Sheri,MLA,Sunil Tingre,Male,Nationalist Congress Party,1,Graduate,/assets/candidates/myneta_198.jpg,491000000,84086041,0,90,63,50000000,43500000,"Sunil Tingre is the elected MLA representing Vadgaon Sheri, Pune, Maharashtra."
Maharashtra,Pune,AC-MH-199,Shivajinagar,MLA,Rizwan Arshad,Male,Indian National Congress,3,Graduate,/assets/candidates/ka_4.jpg,111000000,6857158,0,90,53,40000000,36800000,"Rizwan Arshad is the elected MLA representing Shivajinagar, Bengaluru Urban, Karnataka."
Maharashtra,Pune,AC-MH-200,Kothrud,MLA,Chandrakant Bacchu Patil,Male,Bharatiya Janata Party,2,Graduate,/assets/candidates/wiki_200.jpg,658000000,94833626,0,80,97,50000000,45000000,"Chandrakant Bacchu Patil is the elected MLA representing Kothrud, Pune, Maharashtra."
Maharashtra,Pune,AC-MH-201,Khadakwasala,MLA,Bhimrao Tapkir,Male,Bharatiya Janata Party,3,Graduate,/assets/candidates/myneta_201.jpg,87000000,12215117,0,74,56,50000000,47000000,"Bhimrao Tapkir is the elected MLA representing Khadakwasala, Pune, Maharashtra."
Maharashtra,Pune,AC-MH-202,Parvati,MLA,Madhuri Misal,Female,Bharatiya Janata Party,1,Graduate,/assets/candidates/myneta_202.jpg,165000000,20741125,0,93,73,50000000,43000000,"Madhuri Misal is the elected MLA representing Parvati, Pune, Maharashtra."
Maharashtra,Pune,AC-MH-203,Hadapsar,MLA,Chetan Tupe,Male,Nationalist Congress Party,3,Graduate,/assets/candidates/myneta_203.jpg,424000000,31907753,0,92,27,50000000,45500000,"Chetan Tupe is the elected MLA representing Hadapsar, Pune, Maharashtra."
Maharashtra,Pune,AC-MH-204,Pune Cantonment,MLA,Sunil Kamble,Male,Bharatiya Janata Party,1,Graduate,/assets/placeholder-avatar.svg,208000000,38943914,0,85,33,50000000,38500000,"Sunil Kamble is the elected MLA representing Pune Cantonment, Pune, Maharashtra."
Maharashtra,Pune,AC-MH-205,Kasba Peth,MLA,Ravindra Dhangekar,Male,Indian National Congress,2,Graduate,/assets/candidates/myneta_205.jpg,463000000,29841267,0,76,45,50000000,46500000,"Ravindra Dhangekar is the elected MLA representing Kasba Peth, Pune, Maharashtra."
Maharashtra,Ahmednagar,AC-MH-206,Akole (ST),MLA,Kiran Lahamate,Male,Nationalist Congress Party,3,Graduate,/assets/candidates/myneta_206.jpg,606000000,119579597,0,76,53,50000000,47000000,"Kiran Lahamate is the elected MLA representing Akole (ST), Ahmednagar, Maharashtra."
Maharashtra,Ahmednagar,AC-MH-207,Sangamner,MLA,Balasaheb Thorat,Male,Indian National Congress,3,Graduate,/assets/candidates/wiki_207.jpg,314000000,28092082,0,90,84,50000000,42500000,"Balasaheb Thorat is the elected MLA representing Sangamner, Ahmednagar, Maharashtra."
Maharashtra,Ahmednagar,AC-MH-208,Shirdi,MLA,Radhakrishna Vikhe Patil,Male,Bharatiya Janata Party,3,Graduate,/assets/candidates/myneta_208.jpg,598000000,38907972,0,76,29,50000000,41500000,"Radhakrishna Vikhe Patil is the elected MLA representing Shirdi, Ahmednagar, Maharashtra."
Maharashtra,Ahmednagar,AC-MH-209,Kopargaon,MLA,Ashutosh Ashokrao Kale,Male,Nationalist Congress Party,1,Graduate,/assets/candidates/wiki_209.jpg,238000000,30961855,0,92,102,50000000,46000000,"Ashutosh Ashokrao Kale is the elected MLA representing Kopargaon, Ahmednagar, Maharashtra."
Maharashtra,Ahmednagar,AC-MH-210,Shrirampur (SC),MLA,Lahu Kanade,Male,Indian National Congress,1,Graduate,/assets/candidates/myneta_210.jpg,132000000,18741815,0,87,54,50000000,40000000,"Lahu Kanade is the elected MLA representing Shrirampur (SC), Ahmednagar, Maharashtra."
Maharashtra,Ahmednagar,AC-MH-211,Nevasa,MLA,Shankarrao Gadakh,Male,Shiv Sena (Uddhav Balasaheb Thackeray),2,Graduate,/assets/candidates/myneta_211.jpg,88000000,6823070,0,79,53,50000000,44000000,"Shankarrao Gadakh is the elected MLA representing Nevasa, Ahmednagar, Maharashtra."
Maharashtra,Ahmednagar,AC-MH-212,Shevgaon,MLA,Monika Rajale,Female,Bharatiya Janata Party,2,Graduate,/assets/placeholder-avatar.svg,133000000,7185814,0,83,62,50000000,45500000,"Monika Rajale is the elected MLA representing Shevgaon, Ahmednagar, Maharashtra."
Maharashtra,Ahmednagar,AC-MH-213,Rahuri,MLA,Prajakt Tanpure,Male,Nationalist Congress Party (Sharadchandra Pawar),2,Graduate,/assets/candidates/myneta_213.jpg,479000000,86693424,0,94,110,50000000,45500000,"Prajakt Tanpure is the elected MLA representing Rahuri, Ahmednagar, Maharashtra."
Maharashtra,Ahmednagar,AC-MH-214,Ahmednagar City,MLA,Sangram Jagtap,Male,Nationalist Congress Party,1,Graduate,/assets/placeholder-avatar.svg,53000000,5158188,0,80,107,50000000,38500000,"Sangram Jagtap is the elected MLA representing Ahmednagar City, Ahmednagar, Maharashtra."
Maharashtra,Ahmednagar,AC-MH-215,Shrigonda,MLA,Babanrao Pachpute,Male,Bharatiya Janata Party,3,Graduate,/assets/candidates/wiki_215.jpg,211000000,14269442,0,94,41,50000000,46500000,"Babanrao Pachpute is the elected MLA representing Shrigonda, Ahmednagar, Maharashtra."
Maharashtra,Ahmednagar,AC-MH-216,Karjat Jamkhed,MLA,Rohit Pawar,Male,Nationalist Congress Party (Sharadchandra Pawar),1,Graduate,/assets/candidates/wiki_216.jpg,56000000,6882756,0,85,109,50000000,38500000,"Rohit Pawar is the elected MLA representing Karjat Jamkhed, Ahmednagar, Maharashtra."
Maharashtra,Beed,AC-MH-217,Georai(SC),MLA,Laxman Pawar,Male,Bharatiya Janata Party,2,Graduate,/assets/placeholder-avatar.svg,641000000,49691281,0,77,69,50000000,42500000,"Laxman Pawar is the elected MLA representing Georai(SC), Beed, Maharashtra."
Maharashtra,Beed,AC-MH-218,Majalgaon,MLA,Prakashdada Solanke,Male,Nationalist Congress Party,1,Graduate,/assets/placeholder-avatar.svg,679000000,108137812,0,79,54,50000000,42000000,"Prakashdada Solanke is the elected MLA representing Majalgaon, Beed, Maharashtra."
Maharashtra,Beed,AC-MH-219,Beed,MLA,Sandeep Kshirsagar,Male,Nationalist Congress Party (Sharadchandra Pawar),1,Graduate,/assets/candidates/myneta_219.jpg,553000000,39624709,0,78,67,50000000,43500000,"Sandeep Kshirsagar is the elected MLA representing Beed, Beed, Maharashtra."
Maharashtra,Beed,AC-MH-220,Ashti,MLA,Balasaheb Ajabe,Male,Nationalist Congress Party,1,Graduate,/assets/candidates/myneta_220.jpg,59000000,8364498,0,76,90,50000000,48000000,"Balasaheb Ajabe is the elected MLA representing Ashti, Beed, Maharashtra."
Maharashtra,Beed,AC-MH-221,Kaij (SC),MLA,Namita Mundada,Female,Bharatiya Janata Party,3,Graduate,/assets/candidates/ma_namita_mundada.jpg,100000000,9211914,0,90,110,50000000,47000000,"Namita Mundada is the elected MLA representing Kaij (SC), Beed, Maharashtra."
Maharashtra,Beed,AC-MH-222,Parli,MLA,Dhananjay Munde,Male,Nationalist Congress Party,2,Graduate,/assets/candidates/ma_dhananjay_munde.jpg,394000000,76034687,0,83,47,50000000,46000000,"Dhananjay Munde is the elected MLA representing Parli, Beed, Maharashtra."
Maharashtra,Latur,AC-MH-223,Latur Rural,MLA,Dhiraj Deshmukh,Male,Indian National Congress,2,Graduate,/assets/placeholder-avatar.svg,106000000,17674642,0,78,90,50000000,45000000,"Dhiraj Deshmukh is the elected MLA representing Latur Rural, Latur, Maharashtra."
Maharashtra,Latur,AC-MH-224,Latur City,MLA,Amit Deshmukh,Male,Indian National Congress,2,Graduate,/assets/candidates/ma_amit_deshmukh.jpg,650000000,41117995,0,74,67,50000000,41000000,"Amit Deshmukh is the elected MLA representing Latur City, Latur, Maharashtra."
Maharashtra,Latur,AC-MH-225,Ahmadpur,MLA,Babasaheb Patil,Male,Nationalist Congress Party (Sharadchandra Pawar),1,Graduate,/assets/placeholder-avatar.svg,587000000,66971694,0,85,51,50000000,43000000,"Babasaheb Patil is the elected MLA representing Ahmadpur, Latur, Maharashtra."
Maharashtra,Latur,AC-MH-226,Udgir (SC),MLA,Sanjay Bansode,Male,Nationalist Congress Party,3,Graduate,/assets/candidates/ma_sanjay_bansode.jpg,420000000,37861197,0,84,119,50000000,38000000,"Sanjay Bansode is the elected MLA representing Udgir (SC), Latur, Maharashtra."
Maharashtra,Latur,AC-MH-227,Nilanga,MLA,Sambhaji Patil Nilangekar,Male,Bharatiya Janata Party,4,Graduate,/assets/candidates/wiki_227.jpg,204000000,38975649,0,89,117,50000000,44000000,"Sambhaji Patil Nilangekar is the elected MLA representing Nilanga, Latur, Maharashtra."
Maharashtra,Latur,AC-MH-228,Ausa,MLA,Abhimanyu Dattatray Pawar,Male,Bharatiya Janata Party,2,Graduate,/assets/candidates/myneta_228.jpg,329000000,34186941,0,86,84,50000000,45000000,"Abhimanyu Dattatray Pawar is the elected MLA representing Ausa, Latur, Maharashtra."
Maharashtra,Dharashiv,AC-MH-229,Umarga (SC),MLA,Dnyanraj Chougule,Male,Shiv Sena,1,Graduate,/assets/candidates/myneta_229.jpg,301000000,44356341,0,84,25,50000000,43000000,"Dnyanraj Chougule is the elected MLA representing Umarga (SC), Dharashiv, Maharashtra."
Maharashtra,Dharashiv,AC-MH-230,Tuljapur,MLA,Ranajagjitsinha Patil,Male,Bharatiya Janata Party,1,Graduate,/assets/candidates/myneta_230.jpg,488000000,75006051,0,76,32,50000000,44000000,"Ranajagjitsinha Patil is the elected MLA representing Tuljapur, Dharashiv, Maharashtra."
Maharashtra,Dharashiv,AC-MH-231,Dharashiv,MLA,Kailas Ghadge Patil,Male,Shiv Sena (Uddhav Balasaheb Thackeray),1,Graduate,/assets/candidates/wiki_231.jpg,254000000,40847477,0,88,60,50000000,40000000,"Kailas Ghadge Patil is the elected MLA representing Dharashiv, Dharashiv, Maharashtra."
Maharashtra,Dharashiv,AC-MH-232,Paranda,MLA,Tanaji Sawant,Male,Shiv Sena,3,Graduate,/assets/placeholder-avatar.svg,523000000,57341885,0,83,35,50000000,40000000,"Tanaji Sawant is the elected MLA representing Paranda, Dharashiv, Maharashtra."
Maharashtra,Solapur,AC-MH-233,Karmala,MLA,Sanjay Shinde,Male,Independent,3,Graduate,/assets/placeholder-avatar.svg,346000000,30051713,0,75,74,50000000,45000000,"Sanjay Shinde is the elected MLA representing Karmala, Solapur, Maharashtra."
Maharashtra,Solapur,AC-MH-234,Madha,MLA,Babanrao Shinde,Male,Nationalist Congress Party,2,Graduate,/assets/candidates/myneta_234.jpg,617000000,117215684,0,95,51,50000000,47500000,"Babanrao Shinde is the elected MLA representing Madha, Solapur, Maharashtra."
Maharashtra,Solapur,AC-MH-235,Barshi,MLA,Rajendra Raut,Male,Independent,4,Graduate,/assets/candidates/wiki_235.jpg,533000000,51426949,0,83,69,50000000,42500000,"Rajendra Raut is the elected MLA representing Barshi, Solapur, Maharashtra."
Maharashtra,Solapur,AC-MH-236,Mohol (SC),MLA,Yashwant Mane,Male,Nationalist Congress Party,4,Graduate,/assets/placeholder-avatar.svg,242000000,44476409,0,89,48,50000000,43500000,"Yashwant Mane is the elected MLA representing Mohol (SC), Solapur, Maharashtra."
Maharashtra,Solapur,AC-MH-237,Solapur City North,MLA,Vijay Deshmukh,Male,Bharatiya Janata Party,3,Graduate,/assets/placeholder-avatar.svg,97000000,10773517,0,85,94,50000000,45000000,"Vijay Deshmukh is the elected MLA representing Solapur City North, Solapur, Maharashtra."
Maharashtra,Solapur,AC-MH-238,Akkalkot,MLA,Sachin Kalyanshetti,Male,Bharatiya Janata Party,4,Graduate,/assets/candidates/myneta_238.jpg,123000000,21882469,0,91,93,50000000,41500000,"Sachin Kalyanshetti is the elected MLA representing Akkalkot, Solapur, Maharashtra."
Maharashtra,Solapur,AC-MH-239,Solapur South,MLA,Subhash Sureshchandra Deshmukh,Male,Bharatiya Janata Party,4,Graduate,/assets/candidates/wiki_239.jpg,459000000,75294811,0,79,37,50000000,45000000,"Subhash Sureshchandra Deshmukh is the elected MLA representing Solapur South, Solapur, Maharashtra."
Maharashtra,Solapur,AC-MH-240,Pandharpur,MLA,Samadhan Autade,Male,Bharatiya Janata Party,4,Graduate,/assets/candidates/myneta_240.jpg,534000000,68051279,0,92,28,50000000,44000000,"Samadhan Autade is the elected MLA representing Pandharpur, Solapur, Maharashtra."
Maharashtra,Solapur,AC-MH-241,Sangola,MLA,Adv. Shahajibapu Rajaram Patil,Male,Shiv Sena,1,Graduate,/assets/placeholder-avatar.svg,301000000,26169982,0,82,41,50000000,47500000,"Adv. Shahajibapu Rajaram Patil is the elected MLA representing Sangola, Solapur, Maharashtra."
Maharashtra,Solapur,AC-MH-242,Malshiras (SC),MLA,Ram Satpute,Male,Bharatiya Janata Party,1,Graduate,/assets/candidates/wiki_242.jpg,354000000,50340152,0,74,32,50000000,48000000,"Ram Satpute is the elected MLA representing Malshiras (SC), Solapur, Maharashtra."
Maharashtra,Satara,AC-MH-243,Phaltan (SC),MLA,Dipak Pralhad Chavan,Male,Nationalist Congress Party,3,Graduate,/assets/candidates/myneta_243.jpg,373000000,63915308,0,92,41,50000000,39000000,"Dipak Pralhad Chavan is the elected MLA representing Phaltan (SC), Satara, Maharashtra."
Maharashtra,Satara,AC-MH-244,Wai,MLA,Makrand Jadhav - Patil,Male,Nationalist Congress Party,2,Graduate,/assets/placeholder-avatar.svg,29000000,3434477,0,82,113,50000000,41000000,"Makrand Jadhav - Patil is the elected MLA representing Wai, Satara, Maharashtra."
Maharashtra,Satara,AC-MH-245,Koregaon,MLA,Mahesh Sambhajiraje Shinde,Male,Shiv Sena,1,Graduate,/assets/candidates/myneta_245.jpg,289000000,16504271,0,75,78,50000000,47500000,"Mahesh Sambhajiraje Shinde is the elected MLA representing Koregaon, Satara, Maharashtra."
Maharashtra,Satara,AC-MH-246,Man,MLA,Jaykumar Gore,Male,Bharatiya Janata Party,3,Graduate,/assets/candidates/myneta_246.jpg,516000000,28111181,0,91,70,50000000,46000000,"Jaykumar Gore is the elected MLA representing Man, Satara, Maharashtra."
Maharashtra,Satara,AC-MH-247,Karad North,MLA,Shamrao Pandurang Patil,Male,Nationalist Congress Party,1,Graduate,/assets/placeholder-avatar.svg,655000000,62007361,0,76,104,50000000,46000000,"Shamrao Pandurang Patil is the elected MLA representing Karad North, Satara, Maharashtra."
Maharashtra,Satara,AC-MH-248,Karad South,MLA,Prithviraj Chavan,Male,Indian National Congress,2,Graduate,/assets/candidates/wiki_248.jpg,411000000,56215651,0,78,116,50000000,40000000,"Prithviraj Chavan is the elected MLA representing Karad South, Satara, Maharashtra."
Maharashtra,Satara,AC-MH-249,Patan,MLA,Shambhuraj Desai,Male,Shiv Sena,2,Graduate,/assets/candidates/myneta_249.jpg,658000000,55745700,0,86,34,50000000,46000000,"Shambhuraj Desai is the elected MLA representing Patan, Satara, Maharashtra."
Maharashtra,Satara,AC-MH-250,Satara,MLA,Shivendra Raje Bhosale,Male,Bharatiya Janata Party,4,Graduate,/assets/candidates/myneta_250.jpg,451000000,33585570,0,76,90,50000000,42500000,"Shivendra Raje Bhosale is the elected MLA representing Satara, Satara, Maharashtra."
Maharashtra,Ratnagiri,AC-MH-251,Dapoli,MLA,Yogesh Kadam,Male,Shiv Sena,3,Graduate,/assets/placeholder-avatar.svg,633000000,112442168,0,75,76,50000000,38000000,"Yogesh Kadam is the elected MLA representing Dapoli, Ratnagiri, Maharashtra."
Maharashtra,Ratnagiri,AC-MH-252,Guhagar,MLA,Bhaskar Jadhav,Male,Shiv Sena (Uddhav Balasaheb Thackeray),2,Graduate,/assets/placeholder-avatar.svg,422000000,24530293,0,83,111,50000000,42500000,"Bhaskar Jadhav is the elected MLA representing Guhagar, Ratnagiri, Maharashtra."
Maharashtra,Ratnagiri,AC-MH-253,Chiplun,MLA,Shekhar Govindrao Nikam,Male,Nationalist Congress Party,2,Graduate,/assets/candidates/myneta_253.jpg,598000000,35416433,0,91,109,50000000,47500000,"Shekhar Govindrao Nikam is the elected MLA representing Chiplun, Ratnagiri, Maharashtra."
Maharashtra,Ratnagiri,AC-MH-254,Ratnagiri,MLA,Uday Samant,Male,Shiv Sena,4,Graduate,/assets/candidates/wiki_254.jpg,639000000,76968466,0,89,45,50000000,47000000,"Uday Samant is the elected MLA representing Ratnagiri, Ratnagiri, Maharashtra."
Maharashtra,Ratnagiri,AC-MH-255,Rajapur,MLA,Rajan Salvi,Male,Shiv Sena (Uddhav Balasaheb Thackeray),4,Graduate,/assets/candidates/myneta_255.jpg,284000000,28081754,0,83,35,50000000,43500000,"Rajan Salvi is the elected MLA representing Rajapur, Ratnagiri, Maharashtra."
Maharashtra,Sindhudurg,AC-MH-256,Kankavli,MLA,Nitesh Narayan Rane,Male,Bharatiya Janata Party,3,Graduate,/assets/candidates/wiki_256.jpg,573000000,52061118,0,83,87,50000000,46000000,"Nitesh Narayan Rane is the elected MLA representing Kankavli, Sindhudurg, Maharashtra."
Maharashtra,Sindhudurg,AC-MH-257,Kudal,MLA,Vaibhav Naik,Male,Shiv Sena (Uddhav Balasaheb Thackeray),1,Graduate,/assets/placeholder-avatar.svg,374000000,44565008,0,95,27,50000000,41500000,"Vaibhav Naik is the elected MLA representing Kudal, Sindhudurg, Maharashtra."
Maharashtra,Sindhudurg,AC-MH-258,Sawantwadi,MLA,Deepak Vasant Kesarkar,Male,Shiv Sena,3,Graduate,/assets/placeholder-avatar.svg,425000000,40616746,0,84,35,50000000,44000000,"Deepak Vasant Kesarkar is the elected MLA representing Sawantwadi, Sindhudurg, Maharashtra."
Maharashtra,Kolhapur,AC-MH-259,Chandgad,MLA,Rajesh Narasingrao Patil,Male,Nationalist Congress Party,1,Graduate,/assets/candidates/myneta_259.jpeg,325000000,56324737,0,83,49,50000000,46500000,"Rajesh Narasingrao Patil is the elected MLA representing Chandgad, Kolhapur, Maharashtra."
Maharashtra,Kolhapur,AC-MH-260,Radhanagari,MLA,Prakashrao Abitkar,Male,Shiv Sena,1,Graduate,/assets/placeholder-avatar.svg,332000000,32671298,0,72,71,50000000,39000000,"Prakashrao Abitkar is the elected MLA representing Radhanagari, Kolhapur, Maharashtra."
Maharashtra,Kolhapur,AC-MH-261,Kagal,MLA,Hasan Mushrif,Male,Nationalist Congress Party,1,Graduate,/assets/candidates/myneta_261.jpg,253000000,20205065,0,90,109,50000000,45000000,"Hasan Mushrif is the elected MLA representing Kagal, Kolhapur, Maharashtra."
Maharashtra,Kolhapur,AC-MH-262,Kolhapur South,MLA,Ruturaj Sanjay Patil,Male,Indian National Congress,3,Graduate,/assets/candidates/wiki_262.jpg,294000000,49951601,0,96,78,50000000,45500000,"Ruturaj Sanjay Patil is the elected MLA representing Kolhapur South, Kolhapur, Maharashtra."
Maharashtra,Kolhapur,AC-MH-263,Kolhapur North,MLA,Jayshri Jadhav,Male,Indian National Congress,4,Graduate,/assets/candidates/myneta_263.jpg,234000000,20283984,0,84,32,50000000,46500000,"Jayshri Jadhav is the elected MLA representing Kolhapur North, Kolhapur, Maharashtra."
Maharashtra,Kolhapur,AC-MH-264,Shahuwadi,MLA,Vinay Kore,Male,Jan Surajya Shakti,2,Graduate,/assets/candidates/myneta_264.jpg,180000000,23680768,0,95,93,50000000,40500000,"Vinay Kore is the elected MLA representing Shahuwadi, Kolhapur, Maharashtra."
Maharashtra,Kolhapur,AC-MH-265,Hatkanangle (SC),MLA,Raju Awale,Male,Indian National Congress,2,Graduate,/assets/candidates/myneta_265.jpg,399000000,79791949,0,87,78,50000000,44500000,"Raju Awale is the elected MLA representing Hatkanangle (SC), Kolhapur, Maharashtra."
Maharashtra,Kolhapur,AC-MH-266,Ichalkaranji,MLA,Prakashanna Awade,Male,Bharatiya Janata Party,2,Graduate,/assets/candidates/wiki_266.jpg,288000000,31948975,0,93,44,50000000,47000000,"Prakashanna Awade is the elected MLA representing Ichalkaranji, Kolhapur, Maharashtra."
Maharashtra,Kolhapur,AC-MH-267,Shirol,MLA,Rajendra Patil,Male,Independent,3,Graduate,/assets/candidates/wiki_267.jpg,421000000,71894087,0,94,66,50000000,40500000,"Rajendra Patil is the elected MLA representing Shirol, Kolhapur, Maharashtra."
Maharashtra,Sangli,AC-MH-268,Miraj (SC),MLA,Suresh Khade,Male,Bharatiya Janata Party,2,Graduate,/assets/candidates/myneta_268.jpg,208000000,33523482,0,83,87,50000000,42500000,"Suresh Khade is the elected MLA representing Miraj (SC), Sangli, Maharashtra."
Maharashtra,Sangli,AC-MH-269,Sangli,MLA,Sudhir Gadgil,Male,Bharatiya Janata Party,2,Graduate,/assets/candidates/myneta_269.jpg,418000000,76228292,0,89,80,50000000,47500000,"Sudhir Gadgil is the elected MLA representing Sangli, Sangli, Maharashtra."
Maharashtra,Sangli,AC-MH-270,Islampur,MLA,Jayant Patil,Male,Nationalist Congress Party (Sharadchandra Pawar),2,Graduate,/assets/candidates/wiki_270.jpg,499000000,48658715,0,91,83,50000000,39500000,"Jayant Patil is the elected MLA representing Islampur, Sangli, Maharashtra."
Maharashtra,Sangli,AC-MH-271,Shirala,MLA,Mansing Fattesingrao Naik,Male,Nationalist Congress Party (Sharadchandra Pawar),2,Graduate,/assets/candidates/myneta_271.jpeg,500000000,82480780,0,82,65,50000000,38500000,"Mansing Fattesingrao Naik is the elected MLA representing Shirala, Sangli, Maharashtra."
Maharashtra,Sangli,AC-MH-272,Palus-Kadegaon,MLA,Vishwajeet Kadam,Male,Indian National Congress,1,Graduate,/assets/candidates/wiki_272.jpg,146000000,12941552,0,77,98,50000000,47000000,"Vishwajeet Kadam is the elected MLA representing Palus-Kadegaon, Sangli, Maharashtra."
Maharashtra,Sangli,AC-MH-273,Tasgaon-Kavathe Mahankal,MLA,Suman Patil,Male,Nationalist Congress Party (Sharadchandra Pawar),3,Graduate,/assets/candidates/myneta_273.jpg,216000000,29939993,0,92,95,50000000,38000000,"Suman Patil is the elected MLA representing Tasgaon-Kavathe Mahankal, Sangli, Maharashtra."
Maharashtra,Sangli,AC-MH-274,Jat,MLA,Vikramsinh Balasaheb Sawant,Male,Indian National Congress,4,Graduate,/assets/candidates/myneta_274.jpg,192000000,31704460,0,79,103,50000000,43000000,"Vikramsinh Balasaheb Sawant is the elected MLA representing Jat, Sangli, Maharashtra."
Uttar Pradesh,Kanpur Nagar,AC-UP-41,Maharajpur,Speaker of UP Assembly,Satish Mahana,Male,Bharatiya Janata Party,1,Graduate,/assets/candidates/up_40.jpg,30000000,2762266,0,93,35,50000000,48000000,"Satish Mahana is the elected Speaker of UP Assembly representing Maharajpur, Kanpur Nagar, Uttar Pradesh."
Uttar Pradesh,Ayodhya,AC-UP-42,Ayodhya,MLA,Ved Prakash Gupta,Male,Bharatiya Janata Party,2,Graduate,/assets/placeholder-avatar.svg,713000000,119912866,0,94,121,50000000,41500000,"Ved Prakash Gupta is the elected MLA representing Ayodhya, Ayodhya (Faizabad), Uttar Pradesh."
Uttar Pradesh,Ayodhya,AC-UP-43,Rudauli,MLA,Ram Chandra Yadav,Male,Bharatiya Janata Party,2,Graduate,/assets/placeholder-avatar.svg,787000000,93207344,0,90,91,50000000,46500000,"Ram Chandra Yadav is the elected MLA representing Rudauli, Ayodhya (Faizabad), Uttar Pradesh."
Uttar Pradesh,Ayodhya,AC-UP-44,Bikapur,MLA,Amit Singh Chauhan,Male,Bharatiya Janata Party,1,Graduate,/assets/placeholder-avatar.svg,312000000,17924342,0,78,62,50000000,38000000,"Amit Singh Chauhan is the elected MLA representing Bikapur, Ayodhya (Faizabad), Uttar Pradesh."
Uttar Pradesh,Ayodhya,AC-UP-45,Milkipur (SC),MLA / MP,Awadhesh Prasad,Male,Samajwadi Party,3,Graduate,/assets/placeholder-avatar.svg,532000000,89596781,1,84,130,50000000,46000000,"Awadhesh Prasad is the elected MLA / MP representing Milkipur (SC), Ayodhya (Faizabad), Uttar Pradesh."
Uttar Pradesh,Ayodhya,AC-UP-46,Goshainganj,MLA,Abhay Singh,Male,Samajwadi Party,5,Graduate,/assets/placeholder-avatar.svg,284000000,36109734,1,93,117,50000000,46000000,"Abhay Singh is the elected MLA representing Goshainganj, Ayodhya (Faizabad), Uttar Pradesh."
Uttar Pradesh,Prayagraj,AC-UP-47,Allahabad North,MLA,Harshvardhan Bajpai,Male,Bharatiya Janata Party,5,Graduate,/assets/placeholder-avatar.svg,377000000,54555304,1,85,72,50000000,46500000,"Harshvardhan Bajpai is the elected MLA representing Allahabad North, Prayagraj (Allahabad), Uttar Pradesh."
Uttar Pradesh,Prayagraj,AC-UP-48,Allahabad South,Cabinet Minister for Industrial Dev,Nand Gopal Gupta Nandi,Male,Bharatiya Janata Party,5,Graduate,/assets/placeholder-avatar.svg,468000000,61420645,0,91,90,50000000,47500000,"Nand Gopal Gupta Nandi is the elected Cabinet Minister for Industrial Dev representing Allahabad South, Prayagraj (Allahabad), Uttar Pradesh."
Uttar Pradesh,Prayagraj,AC-UP-49,Allahabad West,MLA / Former Cabinet Minister,Sidharth Nath Singh,Male,Bharatiya Janata Party,3,Graduate,/assets/candidates/up_48.jpg,114000000,18424901,0,81,121,50000000,40500000,"Sidharth Nath Singh is the elected MLA / Former Cabinet Minister representing Allahabad West, Prayagraj (Allahabad), Uttar Pradesh."
Uttar Pradesh,Prayagraj,AC-UP-50,Phulpur,MLA,Praveen Patel,Male,Bharatiya Janata Party,4,Graduate,/assets/placeholder-avatar.svg,431000000,74853281,1,93,94,50000000,42500000,"Praveen Patel is the elected MLA representing Phulpur, Prayagraj (Allahabad), Uttar Pradesh."
Uttar Pradesh,Prayagraj,AC-UP-51,Pratappur,MLA,Vijma Yadav,Male,Samajwadi Party,2,Graduate,/assets/placeholder-avatar.svg,825000000,108205433,0,80,115,50000000,38000000,"Vijma Yadav is the elected MLA representing Pratappur, Prayagraj (Allahabad), Uttar Pradesh."
Uttar Pradesh,Prayagraj,AC-UP-52,Koraon (SC),MLA,Rajmani Kol,Male,Bharatiya Janata Party,5,Graduate,/assets/placeholder-avatar.svg,776000000,118798434,1,88,100,50000000,39500000,"Rajmani Kol is the elected MLA representing Koraon (SC), Prayagraj (Allahabad), Uttar Pradesh."
Uttar Pradesh,Prayagraj,AC-UP-53,Meja,MLA,Sandeep Patel,Male,Samajwadi Party,3,Graduate,/assets/placeholder-avatar.svg,251000000,36889778,0,80,116,50000000,45500000,"Sandeep Patel is the elected MLA representing Meja, Prayagraj (Allahabad), Uttar Pradesh."
Uttar Pradesh,Prayagraj,AC-UP-54,Bara (SC),MLA,Vachaspati,Male,Apna Dal (S),4,Graduate,/assets/placeholder-avatar.svg,590000000,63608142,0,95,85,50000000,45000000,"Vachaspati is the elected MLA representing Bara (SC), Prayagraj (Allahabad), Uttar Pradesh."
Uttar Pradesh,Mathura,AC-UP-55,Mathura,MLA / Former Energy Minister,Shrikant Sharma,Male,Bharatiya Janata Party,5,Graduate,/assets/candidates/up_54.jpg,161000000,14249652,0,90,95,50000000,47500000,"Shrikant Sharma is the elected MLA / Former Energy Minister representing Mathura, Mathura, Uttar Pradesh."
Uttar Pradesh,Mathura,AC-UP-56,Govardhan,MLA,Meghshyam Singh,Male,Bharatiya Janata Party,3,Graduate,/assets/placeholder-avatar.svg,107000000,9008748,0,79,129,50000000,41000000,"Meghshyam Singh is the elected MLA representing Govardhan, Mathura, Uttar Pradesh."
Uttar Pradesh,Mathura,AC-UP-57,Chhata,Cabinet Minister for Sugarcane,Laxmi Narayan Chaudhary,Male,Bharatiya Janata Party,4,Graduate,/assets/placeholder-avatar.svg,386000000,30279870,0,92,119,50000000,43500000,"Laxmi Narayan Chaudhary is the elected Cabinet Minister for Sugarcane representing Chhata, Mathura, Uttar Pradesh."
Uttar Pradesh,Mathura,AC-UP-58,Mant,MLA,Rajesh Chaudhary,Male,Bharatiya Janata Party,2,Graduate,/assets/placeholder-avatar.svg,643000000,101023539,1,96,98,50000000,47500000,"Rajesh Chaudhary is the elected MLA representing Mant, Mathura, Uttar Pradesh."
Uttar Pradesh,Meerut,AC-UP-60,Meerut Cantt,MLA,Amit Agarwal,Male,Bharatiya Janata Party,2,Graduate,/assets/placeholder-avatar.svg,247000000,29002190,0,86,93,50000000,47000000,"Amit Agarwal is the elected MLA representing Meerut Cantt, Meerut, Uttar Pradesh."
Uttar Pradesh,Meerut,AC-UP-62,Meerut South,Minister of State for Energy,Somendra Tomar,Male,Bharatiya Janata Party,3,Graduate,/assets/placeholder-avatar.svg,417000000,62827406,0,78,67,50000000,39000000,"Somendra Tomar is the elected Minister of State for Energy representing Meerut South, Meerut, Uttar Pradesh."
Uttar Pradesh,Meerut,AC-UP-63,Sardhana,MLA,Atul Pradhan,Male,Samajwadi Party,4,Graduate,/assets/placeholder-avatar.svg,513000000,67949117,0,83,118,50000000,41000000,"Atul Pradhan is the elected MLA representing Sardhana, Meerut, Uttar Pradesh."
Uttar Pradesh,Meerut,AC-UP-64,Hastinapur (SC),Minister of State for Jal Shakti,Dinesh Khatik,Male,Bharatiya Janata Party,1,Graduate,/assets/placeholder-avatar.svg,138000000,18431055,0,87,94,50000000,42500000,"Dinesh Khatik is the elected Minister of State for Jal Shakti representing Hastinapur (SC), Meerut, Uttar Pradesh."
Uttar Pradesh,Meerut,AC-UP-65,Kithore,MLA,Shahid Manzoor,Male,Samajwadi Party,5,Graduate,/assets/placeholder-avatar.svg,494000000,36353900,0,93,126,50000000,40500000,"Shahid Manzoor is the elected MLA representing Kithore, Meerut, Uttar Pradesh."
Uttar Pradesh,Agra,AC-UP-66,Agra Cantt (SC),MLA / Former Minister,Dr. G. S. Dharmesh,Male,Bharatiya Janata Party,1,Post Graduate,/assets/placeholder-avatar.svg,125000000,7912603,0,83,109,50000000,45500000,"Dr. G. S. Dharmesh is the elected MLA / Former Minister representing Agra Cantt (SC), Agra, Uttar Pradesh."
Uttar Pradesh,Agra,AC-UP-67,Agra North,MLA,Purshottam Khandelwal,Male,Bharatiya Janata Party,1,Graduate,/assets/placeholder-avatar.svg,403000000,20651533,0,93,34,50000000,45500000,"Purshottam Khandelwal is the elected MLA representing Agra North, Agra, Uttar Pradesh."
Uttar Pradesh,Agra,AC-UP-68,Agra South,Cabinet Minister for Higher Education,Yogendra Upadhyaya,Male,Bharatiya Janata Party,1,Graduate,/assets/placeholder-avatar.svg,692000000,32914811,0,85,62,50000000,38000000,"Yogendra Upadhyaya is the elected Cabinet Minister for Higher Education representing Agra South, Agra, Uttar Pradesh."
Uttar Pradesh,Agra,AC-UP-69,Agra Rural (SC),Cabinet Minister for Women & Child Dev,Baby Rani Maurya,Male,Bharatiya Janata Party,5,Graduate,/assets/candidates/up_68.jpg,527000000,52112296,0,95,50,50000000,46000000,"Baby Rani Maurya is the elected Cabinet Minister for Women & Child Dev representing Agra Rural (SC), Agra, Uttar Pradesh."
Uttar Pradesh,Agra,AC-UP-70,Fatehabad,MLA,Chhote Lal Verma,Male,Bharatiya Janata Party,5,Graduate,/assets/placeholder-avatar.svg,743000000,63676321,1,78,59,50000000,45500000,"Chhote Lal Verma is the elected MLA representing Fatehabad, Agra, Uttar Pradesh."
Uttar Pradesh,Agra,AC-UP-71,Bah,MLA,Rani Pakshalika Singh,Female,Bharatiya Janata Party,3,Graduate,/assets/placeholder-avatar.svg,789000000,106529006,0,88,40,50000000,39500000,"Rani Pakshalika Singh is the elected MLA representing Bah, Agra, Uttar Pradesh."
Uttar Pradesh,Agra,AC-UP-72,Fatehpur Sikri,MLA,Chaudhary Babulal,Male,Bharatiya Janata Party,3,Graduate,/assets/candidates/up_71.jpg,171000000,27274133,0,92,99,50000000,47000000,"Chaudhary Babulal is the elected MLA representing Fatehpur Sikri, Agra, Uttar Pradesh."
Karnataka,Bengaluru Urban,AC-KA-2,Malleshwaram,MLA / Former Deputy CM,Dr. C. N. Ashwath Narayan,Male,Bharatiya Janata Party,1,Post Graduate,/assets/candidates/ka_1.jpg,268000000,36132183,1,96,89,40000000,36800000,"Dr. C. N. Ashwath Narayan is the elected MLA / Former Deputy CM representing Malleshwaram, Bengaluru Urban, Karnataka."
Karnataka,Bengaluru Urban,AC-KA-5,Shivajinagar,MLA,Rizwan Arshad,Male,Indian National Congress,3,Graduate,/assets/candidates/ka_4.jpg,111000000,6857158,0,90,53,40000000,36800000,"Rizwan Arshad is the elected MLA representing Shivajinagar, Bengaluru Urban, Karnataka."
Karnataka,Bengaluru Urban,AC-KA-6,Jayanagar,MLA,C. K. Ramamurthy,Male,Bharatiya Janata Party,5,Graduate,/assets/placeholder-avatar.svg,357000000,53420184,0,97,32,40000000,30800000,"C. K. Ramamurthy is the elected MLA representing Jayanagar, Bengaluru Urban, Karnataka."
Karnataka,Bengaluru Urban,AC-KA-8,Gandhi Nagar,Cabinet Minister for Health,Dinesh Gundu Rao,Male,Indian National Congress,4,Graduate,/assets/candidates/ka_7.jpg,614000000,88645660,0,90,54,40000000,34400000,"Dinesh Gundu Rao is the elected Cabinet Minister for Health representing Gandhi Nagar, Bengaluru Urban, Karnataka."
Karnataka,Bengaluru Urban,AC-KA-9,Sarvagnanagar,Cabinet Minister for Energy,K. J. George,Male,Indian National Congress,5,Graduate,/assets/candidates/ka_8.jpg,508000000,22126980,0,95,33,40000000,32000000,"K. J. George is the elected Cabinet Minister for Energy representing Sarvagnanagar, Bengaluru Urban, Karnataka."
Karnataka,Bengaluru Urban,AC-KA-10,Mahadevapura (SC),MLA,Manjula S.,Female,Bharatiya Janata Party,5,Graduate,/assets/placeholder-avatar.svg,106000000,18354885,1,87,30,40000000,35600000,"Manjula S. is the elected MLA representing Mahadevapura (SC), Bengaluru Urban, Karnataka."
Karnataka,Bengaluru Urban,AC-KA-11,Bommanahalli,MLA,M. Satish Reddy,Male,Bharatiya Janata Party,2,Graduate,/assets/placeholder-avatar.svg,728000000,107548585,0,81,108,40000000,32400000,"M. Satish Reddy is the elected MLA representing Bommanahalli, Bengaluru Urban, Karnataka."
Karnataka,Bengaluru Urban,AC-KA-12,Yelahanka,MLA,S. R. Vishwanath,Male,Bharatiya Janata Party,1,Graduate,/assets/candidates/ka_11.jpg,44000000,6098510,0,93,92,40000000,31200000,"S. R. Vishwanath is the elected MLA representing Yelahanka, Bengaluru Urban, Karnataka."
Karnataka,Bengaluru Urban,AC-KA-13,Hebbal,Cabinet Minister for Urban Dev,Byrathi Suresh,Male,Indian National Congress,5,Graduate,/assets/candidates/ka_12.jpg,198000000,26808717,0,92,47,40000000,36400000,"Byrathi Suresh is the elected Cabinet Minister for Urban Dev representing Hebbal, Bengaluru Urban, Karnataka."
Karnataka,Bengaluru Urban,AC-KA-14,Yeshwanthpur,MLA,S. T. Somashekar,Male,Bharatiya Janata Party,3,Graduate,/assets/placeholder-avatar.svg,504000000,86100629,0,86,53,40000000,35600000,"S. T. Somashekar is the elected MLA representing Yeshwanthpur, Bengaluru Urban, Karnataka."
Karnataka,Bengaluru Urban,AC-KA-16,Basavanagudi,MLA,Ravi Subramanya L. A.,Male,Bharatiya Janata Party,4,Graduate,/assets/placeholder-avatar.svg,831000000,61912074,0,89,93,40000000,30400000,"Ravi Subramanya L. A. is the elected MLA representing Basavanagudi, Bengaluru Urban, Karnataka."
Karnataka,Mysuru,AC-KA-17,Varuna,MLA / Former Chief Minister,Siddaramaiah,Male,Indian National Congress,4,Graduate,/assets/candidates/ka_siddaramaiah.jpg,602000000,81012728,0,84,105,40000000,38000000,"Siddaramaiah is the elected Chief Minister of Karnataka representing Varuna, Mysuru, Karnataka."
Karnataka,Mysuru,AC-KA-18,Krishnaraja,MLA,T. S. Srivatsa,Male,Bharatiya Janata Party,4,Graduate,/assets/placeholder-avatar.svg,174000000,16972831,0,93,83,40000000,34800000,"T. S. Srivatsa is the elected MLA representing Krishnaraja, Mysuru, Karnataka."
Karnataka,Mysuru,AC-KA-19,Chamaraja,MLA,K. Harish Gowda,Male,Indian National Congress,1,Graduate,/assets/placeholder-avatar.svg,781000000,84278138,0,96,82,40000000,38000000,"K. Harish Gowda is the elected MLA representing Chamaraja, Mysuru, Karnataka."
Karnataka,Mysuru,AC-KA-20,Narasimharaja,MLA,Tanveer Sait,Male,Indian National Congress,1,Graduate,/assets/candidates/ka_tanveer_sait.jpg,81000000,9679940,1,96,104,40000000,32400000,"Tanveer Sait is the elected MLA representing Narasimharaja, Mysuru, Karnataka."
Karnataka,Mysuru,AC-KA-21,Chamundeshwari,MLA / Core Committee Chief,G. T. Devegowda,Male,Janata Dal (Secular),5,Graduate,/assets/placeholder-avatar.svg,462000000,58387442,0,97,119,40000000,36400000,"G. T. Devegowda is the elected MLA / Core Committee Chief representing Chamundeshwari, Mysuru, Karnataka."
Karnataka,Mysuru,AC-KA-22,Hunsur,MLA,G. D. Harish Gowda,Male,Janata Dal (Secular),2,Graduate,/assets/placeholder-avatar.svg,735000000,68711939,0,85,33,40000000,36800000,"G. D. Harish Gowda is the elected MLA representing Hunsur, Mysuru, Karnataka."
Karnataka,Mysuru,AC-KA-23,Periyapatna,Cabinet Minister for Animal Husbandry,K. Venkatesh,Male,Indian National Congress,4,Graduate,/assets/candidates/ka_22.jpg,47000000,4468740,0,78,120,40000000,35600000,"K. Venkatesh is the elected Cabinet Minister for Animal Husbandry representing Periyapatna, Mysuru, Karnataka."
Karnataka,Mysuru,AC-KA-24,T. Narasipur (SC),Cabinet Minister for Social Welfare,Dr. H. C. Mahadevappa,Male,Indian National Congress,1,Post Graduate,/assets/candidates/ka_23.jpg,105000000,13944493,0,97,81,40000000,32799999,"Dr. H. C. Mahadevappa is the elected Cabinet Minister for Social Welfare representing T. Narasipur (SC), Mysuru, Karnataka."
Karnataka,Ramanagara,AC-KA-25,Kanakapura,Chief Minister of Karnataka,D. K. Shivakumar,Male,Indian National Congress,4,Graduate,/assets/candidates/ka_d__k__shivakumar.jpg,449000000,55831774,0,90,97,40000000,32000000,"D. K. Shivakumar is the elected Deputy Chief Minister / KPCC President representing Kanakapura, Ramanagara, Karnataka."
Karnataka,Ramanagara,AC-KA-26,Channapatna,Former Chief Minister / Union Minister,H. D. Kumaraswamy,Male,Janata Dal (Secular),5,Graduate,/assets/candidates/ka_h__d__kumaraswamy.jpg,383000000,41649391,0,95,96,40000000,36000000,"H. D. Kumaraswamy is the elected Former Chief Minister / Union Minister representing Channapatna, Ramanagara, Karnataka."
Karnataka,Ramanagara,AC-KA-28,Magadi,MLA,H. C. Balakrishna,Male,Indian National Congress,3,Graduate,/assets/placeholder-avatar.svg,285000000,49375481,0,91,58,40000000,36400000,"H. C. Balakrishna is the elected MLA representing Magadi, Ramanagara, Karnataka."
Karnataka,Dharwad,AC-KA-29,Hubli-Dharwad Central,MLA,Mahesh Tenginkai,Male,Bharatiya Janata Party,4,Graduate,/assets/placeholder-avatar.svg,418000000,62820664,2,97,96,40000000,30800000,"Mahesh Tenginkai is the elected MLA representing Hubli-Dharwad Central, Dharwad & Hubballi, Karnataka."
Karnataka,Dharwad,AC-KA-30,Hubli-Dharwad East (SC),MLA,Abbayya Prasad,Male,Indian National Congress,3,Graduate,/assets/placeholder-avatar.svg,131000000,10974922,2,79,91,40000000,30800000,"Abbayya Prasad is the elected MLA representing Hubli-Dharwad East (SC), Dharwad & Hubballi, Karnataka."
Karnataka,Dharwad,AC-KA-31,Hubli-Dharwad West,Deputy Leader of Opposition,Arvind Bellad,Male,Bharatiya Janata Party,1,Graduate,/assets/candidates/ka_30.jpg,214000000,37243172,0,80,62,40000000,38400000,"Arvind Bellad is the elected Deputy Leader of Opposition representing Hubli-Dharwad West, Dharwad & Hubballi, Karnataka."
Karnataka,Dharwad,AC-KA-32,Navalgund,MLA,N. H. Konaraddi,Male,Indian National Congress,4,Graduate,/assets/placeholder-avatar.svg,393000000,38957462,2,79,114,40000000,33600000,"N. H. Konaraddi is the elected MLA representing Navalgund, Dharwad & Hubballi, Karnataka."
Karnataka,Dharwad,AC-KA-33,Kundgol,MLA,M. R. Patil,Male,Bharatiya Janata Party,4,Graduate,/assets/placeholder-avatar.svg,84000000,8568811,0,91,92,40000000,36800000,"M. R. Patil is the elected MLA representing Kundgol, Dharwad & Hubballi, Karnataka."
Karnataka,Dharwad,AC-KA-34,Kalghatgi,Cabinet Minister for Labour,Santosh Lad,Male,Indian National Congress,4,Graduate,/assets/candidates/ka_33.jpg,721000000,126632482,0,81,34,40000000,34000000,"Santosh Lad is the elected Cabinet Minister for Labour representing Kalghatgi, Dharwad & Hubballi, Karnataka."
Karnataka,Dakshina Kannada,AC-KA-35,Mangalore City South,MLA,D. Vedavyas Kamath,Male,Bharatiya Janata Party,1,Graduate,/assets/placeholder-avatar.svg,572000000,90898529,0,86,119,40000000,30400000,"D. Vedavyas Kamath is the elected MLA representing Mangalore City South, Dakshina Kannada (Mangaluru), Karnataka."
Karnataka,Dakshina Kannada,AC-KA-36,Mangalore City North,MLA,Dr. Y. Bharath Shetty,Male,Bharatiya Janata Party,3,Post Graduate,/assets/placeholder-avatar.svg,125000000,7208115,0,85,73,40000000,31600000,"Dr. Y. Bharath Shetty is the elected MLA representing Mangalore City North, Dakshina Kannada (Mangaluru), Karnataka."
Karnataka,Dakshina Kannada,AC-KA-38,Moodabidri,MLA,Umanatha A. Kotian,Male,Bharatiya Janata Party,1,Graduate,/assets/placeholder-avatar.svg,508000000,55381984,0,95,105,40000000,34800000,"Umanatha A. Kotian is the elected MLA representing Moodabidri, Dakshina Kannada (Mangaluru), Karnataka."
Karnataka,Dakshina Kannada,AC-KA-39,Bantwal,MLA,Rajesh Naik,Male,Bharatiya Janata Party,1,Graduate,/assets/placeholder-avatar.svg,338000000,52690951,1,86,130,40000000,33200000,"Rajesh Naik is the elected MLA representing Bantwal, Dakshina Kannada (Mangaluru), Karnataka."
Karnataka,Dakshina Kannada,AC-KA-40,Puttur,MLA,Ashok Kumar Rai,Male,Indian National Congress,1,Graduate,/assets/placeholder-avatar.svg,745000000,60958830,0,94,48,40000000,31600000,"Ashok Kumar Rai is the elected MLA representing Puttur, Dakshina Kannada (Mangaluru), Karnataka."
Karnataka,Dakshina Kannada,AC-KA-41,Sullia (SC),MLA,Bhagirathi Murulya,Male,Bharatiya Janata Party,3,Graduate,/assets/placeholder-avatar.svg,40000000,6363043,0,85,64,40000000,36800000,"Bhagirathi Murulya is the elected MLA representing Sullia (SC), Dakshina Kannada (Mangaluru), Karnataka."
Karnataka,Dakshina Kannada,AC-KA-42,Belthangady,MLA,Harish Poonja,Male,Bharatiya Janata Party,5,Graduate,/assets/placeholder-avatar.svg,341000000,49030783,0,83,37,40000000,38400000,"Harish Poonja is the elected MLA representing Belthangady, Dakshina Kannada (Mangaluru), Karnataka."
Karnataka,Belagavi,AC-KA-43,Belgaum Uttar,MLA,Asif Sait,Male,Indian National Congress,1,Graduate,/assets/placeholder-avatar.svg,491000000,24944149,0,93,96,40000000,35600000,"Asif Sait is the elected MLA representing Belgaum Uttar, Belagavi, Karnataka."
Karnataka,Belagavi,AC-KA-44,Belgaum Dakshin,MLA,Abhay Patil,Male,Bharatiya Janata Party,2,Graduate,/assets/candidates/ka_43.jpg,40000000,4851058,0,95,68,40000000,30400000,"Abhay Patil is the elected MLA representing Belgaum Dakshin, Belagavi, Karnataka."
Karnataka,Belagavi,AC-KA-45,Belgaum Rural,Cabinet Minister for Women & Child,Laxmi Hebbalkar,Female,Indian National Congress,4,Graduate,/assets/placeholder-avatar.svg,589000000,67294652,0,90,124,40000000,36400000,"Laxmi Hebbalkar is the elected Cabinet Minister for Women & Child representing Belgaum Rural, Belagavi, Karnataka."
Karnataka,Belagavi,AC-KA-46,Gokak,MLA / Former Water Resources Minister,Ramesh Jarkiholi,Male,Bharatiya Janata Party,2,Graduate,/assets/candidates/ka_45.jpg,256000000,36684594,0,85,57,40000000,36000000,"Ramesh Jarkiholi is the elected MLA / Former Water Resources Minister representing Gokak, Belagavi, Karnataka."
Karnataka,Belagavi,AC-KA-47,Arabhavi,MLA,Balachandra Jarkiholi,Male,Bharatiya Janata Party,3,Graduate,/assets/placeholder-avatar.svg,471000000,19623392,0,81,48,40000000,38400000,"Balachandra Jarkiholi is the elected MLA representing Arabhavi, Belagavi, Karnataka."
Karnataka,Belagavi,AC-KA-48,Hukkeri,MLA,Nikhil Katti,Male,Bharatiya Janata Party,4,Graduate,/assets/placeholder-avatar.svg,616000000,90791296,0,79,34,40000000,31200000,"Nikhil Katti is the elected MLA representing Hukkeri, Belagavi, Karnataka."
Karnataka,Belagavi,AC-KA-49,Chikkodi-Sadalga,MLA,Ganesh Hukkeri,Male,Indian National Congress,4,Graduate,/assets/placeholder-avatar.svg,736000000,101132698,0,92,117,40000000,31600000,"Ganesh Hukkeri is the elected MLA representing Chikkodi-Sadalga, Belagavi, Karnataka."
Karnataka,Belagavi,AC-KA-50,Athani,MLA / Former Deputy CM,Laxman Savadi,Male,Indian National Congress,5,Graduate,/assets/candidates/laxman_savadi.jpg,475000000,31050736,0,79,118,40000000,37200000,"Laxman Savadi is the elected MLA / Former Deputy CM representing Athani, Belagavi, Karnataka."
Karnataka,Belagavi,AC-KA-51,Kagwad,MLA,B. A. Raju Kage,Male,Indian National Congress,1,Graduate,/assets/placeholder-avatar.svg,821000000,121698506,1,88,106,40000000,32799999,"B. A. Raju Kage is the elected MLA representing Kagwad, Belagavi, Karnataka."
Karnataka,Belagavi,AC-KA-52,Kudachi (SC),MLA,Mahendra Kalli,Male,Indian National Congress,2,Graduate,/assets/placeholder-avatar.svg,188000000,14077991,0,96,76,40000000,37600000,"Mahendra Kalli is the elected MLA representing Kudachi (SC), Belagavi, Karnataka."
Karnataka,Belagavi,AC-KA-53,Raybag (SC),MLA,Duryodhan Mahalingappa Aihole,Male,Bharatiya Janata Party,1,Graduate,/assets/placeholder-avatar.svg,248000000,34057147,1,85,34,40000000,31600000,"Duryodhan Mahalingappa Aihole is the elected MLA representing Raybag (SC), Belagavi, Karnataka."
Karnataka,Belagavi,AC-KA-54,Bailhongal,MLA,Koujalagi Mahantesh Shivalingappa,Male,Indian National Congress,1,Graduate,/assets/placeholder-avatar.svg,428000000,27538336,2,95,83,40000000,34400000,"Koujalagi Mahantesh Shivalingappa is the elected MLA representing Bailhongal, Belagavi, Karnataka."
Karnataka,Belagavi,AC-KA-55,Saundatti Yellamma,MLA,Vishwas Vasant Vaidya,Male,Indian National Congress,3,Graduate,/assets/candidates/ka_54.jpg,303000000,38161464,0,81,38,40000000,30800000,"Vishwas Vasant Vaidya is the elected MLA representing Saundatti Yellamma, Belagavi, Karnataka."
Karnataka,Belagavi,AC-KA-56,Ramdurg,MLA,Chikka Revanna,Male,Indian National Congress,2,Graduate,/assets/placeholder-avatar.svg,130000000,18016487,0,92,82,40000000,36800000,"Chikka Revanna is the elected MLA representing Ramdurg, Belagavi, Karnataka."
Karnataka,Belagavi,AC-KA-57,Khanapur,MLA,Vithal Halagekar,Male,Bharatiya Janata Party,5,Graduate,/assets/placeholder-avatar.svg,636000000,73359706,0,92,85,40000000,38400000,"Vithal Halagekar is the elected MLA representing Khanapur, Belagavi, Karnataka."
Karnataka,Belagavi,AC-KA-58,Kittur,MLA,Babasaheb Patil,Male,Indian National Congress,1,Graduate,/assets/placeholder-avatar.svg,845000000,139968337,0,93,80,40000000,32400000,"Babasaheb Patil is the elected MLA representing Kittur, Belagavi, Karnataka."
Karnataka,Belagavi,AC-KA-59,Nippani,MLA / Former Minister,Shashikala Jolle,Female,Bharatiya Janata Party,1,Graduate,/assets/candidates/ka_58.jpg,129000000,10759567,0,86,42,40000000,36400000,"Shashikala Jolle is the elected MLA / Former Minister representing Nippani, Belagavi, Karnataka."
Karnataka,Belagavi,AC-KA-60,Yemkanmardi (ST),Cabinet Minister for PWD,Satish Jarkiholi,Male,Indian National Congress,2,Graduate,/assets/candidates/ka_59.jpg,143000000,25471545,0,84,73,40000000,33200000,"Satish Jarkiholi is the elected Cabinet Minister for PWD representing Yemkanmardi (ST), Belagavi, Karnataka."
Karnataka,Shivamogga,AC-KA-61,Shimoga,MLA,S. N. Channabasappa,Male,Bharatiya Janata Party,3,Graduate,/assets/placeholder-avatar.svg,576000000,91209385,0,94,112,40000000,38000000,"S. N. Channabasappa is the elected MLA representing Shimoga, Shivamogga, Karnataka."
Karnataka,Shivamogga,AC-KA-62,Shimoga Rural (SC),MLA,Sharada Puryanaik,Female,Janata Dal (Secular),4,Graduate,/assets/placeholder-avatar.svg,169000000,29269397,0,92,81,40000000,31200000,"Sharada Puryanaik is the elected MLA representing Shimoga Rural (SC), Shivamogga, Karnataka."
Karnataka,Shivamogga,AC-KA-63,Bhadravati,MLA,B. K. Sangameshwara,Male,Indian National Congress,3,Graduate,/assets/placeholder-avatar.svg,535000000,30304560,1,93,80,40000000,34800000,"B. K. Sangameshwara is the elected MLA representing Bhadravati, Shivamogga, Karnataka."
Karnataka,Shivamogga,AC-KA-65,Shikaripura,State BJP President / MLA,B. Y. Vijayendra,Male,Bharatiya Janata Party,2,Graduate,/assets/candidates/ka_64.jpg,180000000,15548603,2,83,98,40000000,31600000,"B. Y. Vijayendra is the elected State BJP President / MLA representing Shikaripura, Shivamogga, Karnataka."
Karnataka,Shivamogga,AC-KA-66,Sorab,Cabinet Minister for Primary Education,Madhu Bangarappa,Male,Indian National Congress,1,Graduate,/assets/candidates/ka_65.jpg,356000000,17897621,0,81,83,40000000,30800000,"Madhu Bangarappa is the elected Cabinet Minister for Primary Education representing Sorab, Shivamogga, Karnataka."
Karnataka,Shivamogga,AC-KA-67,Sagar,MLA,Belur Gopalkrishna,Male,Indian National Congress,4,Graduate,/assets/placeholder-avatar.svg,686000000,82316959,0,78,110,40000000,32799999,"Belur Gopalkrishna is the elected MLA representing Sagar, Shivamogga, Karnataka."
Karnataka,Ballari,AC-KA-68,Bellary City,MLA,Nara Bharath Reddy,Male,Indian National Congress,2,Graduate,/assets/placeholder-avatar.svg,635000000,68494117,0,88,55,40000000,35200000,"Nara Bharath Reddy is the elected MLA representing Bellary City, Ballari, Karnataka."
Karnataka,Ballari,AC-KA-70,Kampli (ST),MLA,J. N. Ganesh,Male,Indian National Congress,1,Graduate,/assets/candidates/ka_69.jpg,121000000,14758290,0,87,102,40000000,31600000,"J. N. Ganesh is the elected MLA representing Kampli (ST), Ballari, Karnataka."
Karnataka,Ballari,AC-KA-71,Siruguppa (ST),MLA,B. M. Nagaraja,Male,Indian National Congress,4,Graduate,/assets/placeholder-avatar.svg,557000000,67450642,0,97,122,40000000,34400000,"B. M. Nagaraja is the elected MLA representing Siruguppa (ST), Ballari, Karnataka."
Karnataka,Ballari,AC-KA-72,Sandur (ST),MLA / MP,E. Tukaram,Male,Indian National Congress,4,Graduate,/assets/placeholder-avatar.svg,139000000,16407071,0,80,62,40000000,34800000,"E. Tukaram is the elected MLA / MP representing Sandur (ST), Ballari, Karnataka."
Punjab,Sangrur,AC-PB-2,Dhuri,Chief Minister of Punjab,Bhagwant Mann,Male,Aam Aadmi Party,3,Graduate,/assets/candidates/pu_bhagwant_mann.jpg,199000000,33291972,0,84,62,50000000,44000000,"Bhagwant Mann is the elected Chief Minister of Punjab representing Dhuri, Sangrur, Punjab."
Punjab,Sangrur,AC-PB-3,Sangrur,MLA,Narinder Kaur Bharaj,Female,Aam Aadmi Party,5,Graduate,/assets/placeholder-avatar.svg,150000000,16853107,0,89,59,50000000,39000000,"Narinder Kaur Bharaj is the elected MLA representing Sangrur, Sangrur, Punjab."
Punjab,Sangrur,AC-PB-4,Sunam,Cabinet Minister for Housing & Urban Dev,Aman Arora,Male,Aam Aadmi Party,2,Graduate,/assets/candidates/pb_3.jpg,749000000,85179586,0,80,110,50000000,38500000,"Aman Arora is the elected Cabinet Minister for Housing & Urban Dev representing Sunam, Sangrur, Punjab."
Punjab,Sangrur,AC-PB-5,Dirba (SC),Cabinet Minister for Finance,Harpal Singh Cheema,Male,Aam Aadmi Party,1,Graduate,/assets/candidates/pb_4.jpg,258000000,36422111,0,88,111,50000000,39500000,"Harpal Singh Cheema is the elected Cabinet Minister for Finance representing Dirba (SC), Sangrur, Punjab."
Punjab,Sangrur,AC-PB-6,Lehra,MLA,Barinder Kumar Goyal,Male,Aam Aadmi Party,4,Graduate,/assets/placeholder-avatar.svg,742000000,60688125,1,80,118,50000000,47000000,"Barinder Kumar Goyal is the elected MLA representing Lehra, Sangrur, Punjab."
Punjab,Amritsar,AC-PB-7,Amritsar East,MLA,Jeevan Jyot Kaur,Female,Aam Aadmi Party,5,Graduate,/assets/candidates/pb_6.jpg,239000000,33405019,0,84,103,50000000,39500000,"Jeevan Jyot Kaur is the elected MLA representing Amritsar East, Amritsar, Punjab."
Punjab,Amritsar,AC-PB-8,Amritsar North,MLA / Former IPS Officer,Kunwar Vijay Pratap Singh,Male,Aam Aadmi Party,2,Graduate,/assets/candidates/pb_7.jpg,328000000,49564000,0,81,43,50000000,46500000,"Kunwar Vijay Pratap Singh is the elected MLA / Former IPS Officer representing Amritsar North, Amritsar, Punjab."
Punjab,Amritsar,AC-PB-9,Amritsar Central,MLA,Dr. Ajay Gupta,Male,Aam Aadmi Party,1,Post Graduate,/assets/placeholder-avatar.svg,111000000,9594680,2,80,56,50000000,46000000,"Dr. Ajay Gupta is the elected MLA representing Amritsar Central, Amritsar, Punjab."
Punjab,Amritsar,AC-PB-10,Amritsar West (SC),MLA,Dr. Jasbir Singh Sandhu,Male,Aam Aadmi Party,5,Post Graduate,/assets/placeholder-avatar.svg,647000000,88218614,0,86,77,50000000,47500000,"Dr. Jasbir Singh Sandhu is the elected MLA representing Amritsar West (SC), Amritsar, Punjab."
Punjab,Amritsar,AC-PB-11,Amritsar South,MLA / Former Minister,Dr. Inderbir Singh Nijjar,Male,Aam Aadmi Party,3,Post Graduate,/assets/candidates/pu_dr__inderbir_singh_nijjar.jpg,89000000,4956310,0,79,47,50000000,43500000,"Dr. Inderbir Singh Nijjar is the elected MLA / Former Minister representing Amritsar South, Amritsar, Punjab."
Punjab,Amritsar,AC-PB-12,Majitha,MLA,Ganieve Kaur Majithia,Female,Shiromani Akali Dal,4,Graduate,/assets/placeholder-avatar.svg,474000000,25604652,0,84,64,50000000,46500000,"Ganieve Kaur Majithia is the elected MLA representing Majitha, Amritsar, Punjab."
Punjab,Amritsar,AC-PB-13,Jandiala (SC),Cabinet Minister for Power,Harbhajan Singh ETO,Male,Aam Aadmi Party,4,Graduate,/assets/placeholder-avatar.svg,49000000,7366984,0,88,47,50000000,43500000,"Harbhajan Singh ETO is the elected Cabinet Minister for Power representing Jandiala (SC), Amritsar, Punjab."
Punjab,Amritsar,AC-PB-14,Attari (SC),MLA,Jaswinder Singh Ramdas,Male,Aam Aadmi Party,5,Graduate,/assets/placeholder-avatar.svg,66000000,9367323,2,87,71,50000000,43000000,"Jaswinder Singh Ramdas is the elected MLA representing Attari (SC), Amritsar, Punjab."
Punjab,Amritsar,AC-PB-15,Raja Sansi,MLA,Sukhbinder Singh Sarkaria,Male,Indian National Congress,5,Graduate,/assets/placeholder-avatar.svg,651000000,96379569,0,83,73,50000000,42000000,"Sukhbinder Singh Sarkaria is the elected MLA representing Raja Sansi, Amritsar, Punjab."
Punjab,Amritsar,AC-PB-16,Baba Bakala (SC),MLA,Dalbir Singh Tong,Male,Aam Aadmi Party,3,Graduate,/assets/placeholder-avatar.svg,482000000,45728837,0,85,89,50000000,42500000,"Dalbir Singh Tong is the elected MLA representing Baba Bakala (SC), Amritsar, Punjab."
Punjab,Amritsar,AC-PB-17,Ajnala,Cabinet Minister for NRI Affairs,Kuldeep Singh Dhaliwal,Male,Aam Aadmi Party,4,Graduate,/assets/candidates/pb_16.jpg,124000000,11544685,0,79,123,50000000,45000000,"Kuldeep Singh Dhaliwal is the elected Cabinet Minister for NRI Affairs representing Ajnala, Amritsar, Punjab."
Punjab,Ludhiana,AC-PB-18,Ludhiana Central,MLA,Ashok Prashar Pappu,Male,Aam Aadmi Party,2,Graduate,/assets/placeholder-avatar.svg,705000000,80822977,0,93,53,50000000,39500000,"Ashok Prashar Pappu is the elected MLA representing Ludhiana Central, Ludhiana, Punjab."
Punjab,Ludhiana,AC-PB-19,Ludhiana East,MLA,Daljit Singh Grewal,Male,Aam Aadmi Party,4,Graduate,/assets/candidates/pb_18.jpg,561000000,90118488,0,95,110,50000000,42500000,"Daljit Singh Grewal is the elected MLA representing Ludhiana East, Ludhiana, Punjab."
Punjab,Ludhiana,AC-PB-20,Ludhiana West,MLA,Gurpreet Bassi Gogi,Male,Aam Aadmi Party,1,Graduate,/assets/candidates/pb_19.jpg,630000000,104123251,0,81,98,50000000,40500000,"Gurpreet Bassi Gogi is the elected MLA representing Ludhiana West, Ludhiana, Punjab."
Punjab,Ludhiana,AC-PB-21,Ludhiana South,MLA,Rajinder Pal Kaur Chhina,Female,Aam Aadmi Party,2,Graduate,/assets/placeholder-avatar.svg,791000000,73767809,2,78,115,50000000,45000000,"Rajinder Pal Kaur Chhina is the elected MLA representing Ludhiana South, Ludhiana, Punjab."
Punjab,Ludhiana,AC-PB-22,Ludhiana North,MLA,Madan Lal Bagga,Male,Aam Aadmi Party,5,Graduate,/assets/placeholder-avatar.svg,81000000,3993639,1,95,105,50000000,41000000,"Madan Lal Bagga is the elected MLA representing Ludhiana North, Ludhiana, Punjab."
Punjab,Ludhiana,AC-PB-23,Atam Nagar,MLA,Kulwant Singh Sidhu,Male,Aam Aadmi Party,5,Graduate,/assets/placeholder-avatar.svg,58000000,7436430,2,89,121,50000000,43500000,"Kulwant Singh Sidhu is the elected MLA representing Atam Nagar, Ludhiana, Punjab."
Punjab,Ludhiana,AC-PB-24,Gill (SC),MLA,Jiwan Singh Sangowal,Male,Aam Aadmi Party,1,Graduate,/assets/placeholder-avatar.svg,701000000,89148098,0,88,130,50000000,41500000,"Jiwan Singh Sangowal is the elected MLA representing Gill (SC), Ludhiana, Punjab."
Punjab,Ludhiana,AC-PB-25,Payal (SC),MLA,Manwinder Singh Giaspura,Male,Aam Aadmi Party,4,Graduate,/assets/placeholder-avatar.svg,843000000,103944657,2,84,56,50000000,42000000,"Manwinder Singh Giaspura is the elected MLA representing Payal (SC), Ludhiana, Punjab."
Punjab,Ludhiana,AC-PB-26,Dakha,MLA,Manpreet Singh Ayali,Male,Shiromani Akali Dal,4,Graduate,/assets/candidates/pb_25.jpg,754000000,122571982,0,80,101,50000000,39500000,"Manpreet Singh Ayali is the elected MLA representing Dakha, Ludhiana, Punjab."
Punjab,Ludhiana,AC-PB-27,Raikot (SC),MLA,Hakam Singh Thekedar,Male,Aam Aadmi Party,2,Graduate,/assets/placeholder-avatar.svg,69000000,11370639,0,92,91,50000000,45000000,"Hakam Singh Thekedar is the elected MLA representing Raikot (SC), Ludhiana, Punjab."
Punjab,Ludhiana,AC-PB-28,Jagraon (SC),MLA,Sarvjit Kaur Manuke,Female,Aam Aadmi Party,1,Graduate,/assets/placeholder-avatar.svg,181000000,21194973,1,89,117,50000000,44500000,"Sarvjit Kaur Manuke is the elected MLA representing Jagraon (SC), Ludhiana, Punjab."
Punjab,Ludhiana,AC-PB-29,Samrala,MLA,Jagtar Singh Diyalpura,Male,Aam Aadmi Party,3,Graduate,/assets/placeholder-avatar.svg,341000000,51180286,0,94,75,50000000,44500000,"Jagtar Singh Diyalpura is the elected MLA representing Samrala, Ludhiana, Punjab."
Punjab,Ludhiana,AC-PB-30,Sahnewal,Cabinet Minister for Revenue,Hardeep Singh Mundian,Male,Aam Aadmi Party,2,Graduate,/assets/placeholder-avatar.svg,755000000,44865435,0,93,105,50000000,42500000,"Hardeep Singh Mundian is the elected Cabinet Minister for Revenue representing Sahnewal, Ludhiana, Punjab."
Punjab,Ludhiana,AC-PB-31,Khanna,Cabinet Minister for Tourism,Tarunpreet Singh Sond,Male,Aam Aadmi Party,1,Graduate,/assets/placeholder-avatar.svg,391000000,52187998,0,91,110,50000000,46000000,"Tarunpreet Singh Sond is the elected Cabinet Minister for Tourism representing Khanna, Ludhiana, Punjab."
Punjab,Jalandhar,AC-PB-32,Jalandhar Central,MLA,Raman Arora,Male,Aam Aadmi Party,2,Graduate,/assets/placeholder-avatar.svg,477000000,48946119,0,89,103,50000000,39500000,"Raman Arora is the elected MLA representing Jalandhar Central, Jalandhar, Punjab."
Punjab,Jalandhar,AC-PB-33,Jalandhar North,MLA,Avtar Singh Junior,Male,Indian National Congress,3,Graduate,/assets/placeholder-avatar.svg,749000000,114766618,0,94,70,50000000,41000000,"Avtar Singh Junior is the elected MLA representing Jalandhar North, Jalandhar, Punjab."
Punjab,Jalandhar,AC-PB-34,Jalandhar West (SC),Cabinet Minister for Defense Services,Mohinder Bhagat,Male,Aam Aadmi Party,4,Graduate,/assets/placeholder-avatar.svg,270000000,13254934,0,86,130,50000000,38000000,"Mohinder Bhagat is the elected Cabinet Minister for Defense Services representing Jalandhar West (SC), Jalandhar, Punjab."
Punjab,Jalandhar,AC-PB-35,Jalandhar Cantt,MLA / Olympian,Pargat Singh,Male,Indian National Congress,2,Graduate,/assets/candidates/pb_34.jpg,589000000,100383661,1,89,116,50000000,42000000,"Pargat Singh is the elected MLA / Olympian representing Jalandhar Cantt, Jalandhar, Punjab."
Punjab,Jalandhar,AC-PB-36,Kartarpur (SC),MLA / Former Minister,Balkar Singh,Male,Aam Aadmi Party,1,Graduate,/assets/placeholder-avatar.svg,821000000,128975051,0,92,35,50000000,48000000,"Balkar Singh is the elected MLA / Former Minister representing Kartarpur (SC), Jalandhar, Punjab."
Punjab,Jalandhar,AC-PB-37,Adampur (SC),MLA,Sukhwinder Singh Kotli,Male,Indian National Congress,5,Graduate,/assets/placeholder-avatar.svg,552000000,51981002,1,88,61,50000000,39000000,"Sukhwinder Singh Kotli is the elected MLA representing Adampur (SC), Jalandhar, Punjab."
Punjab,Jalandhar,AC-PB-38,Nakodar,MLA,Inderjit Kaur Mann,Female,Aam Aadmi Party,2,Graduate,/assets/placeholder-avatar.svg,511000000,55731628,1,81,75,50000000,43500000,"Inderjit Kaur Mann is the elected MLA representing Nakodar, Jalandhar, Punjab."
Punjab,Jalandhar,AC-PB-39,Shahkot,MLA,Hardev Singh Laddi,Male,Indian National Congress,5,Graduate,/assets/placeholder-avatar.svg,137000000,6767054,0,96,56,50000000,39000000,"Hardev Singh Laddi is the elected MLA representing Shahkot, Jalandhar, Punjab."
Punjab,Jalandhar,AC-PB-40,Phillaur (SC),MLA,Vikramjit Singh Chaudhary,Male,Indian National Congress,4,Graduate,/assets/candidates/pb_39.jpg,283000000,50901510,0,88,108,50000000,48000000,"Vikramjit Singh Chaudhary is the elected MLA representing Phillaur (SC), Jalandhar, Punjab."
Punjab,Patiala,AC-PB-41,Patiala Urban,MLA,Ajit Pal Singh Kohli,Male,Aam Aadmi Party,4,Graduate,/assets/placeholder-avatar.svg,707000000,109083907,1,81,117,50000000,41000000,"Ajit Pal Singh Kohli is the elected MLA representing Patiala Urban, Patiala, Punjab."
Punjab,Patiala,AC-PB-42,Patiala Rural,Cabinet Minister for Health,Dr. Balbir Singh,Male,Aam Aadmi Party,4,Post Graduate,/assets/placeholder-avatar.svg,613000000,84182786,0,96,45,50000000,38500000,"Dr. Balbir Singh is the elected Cabinet Minister for Health representing Patiala Rural, Patiala, Punjab."
Punjab,Patiala,AC-PB-43,Rajpura,MLA,Neena Mittal,Male,Aam Aadmi Party,1,Graduate,/assets/placeholder-avatar.svg,573000000,23393803,0,85,72,50000000,47000000,"Neena Mittal is the elected MLA representing Rajpura, Patiala, Punjab."
Punjab,Patiala,AC-PB-44,Samana,Cabinet Minister for Public Relations,Chetan Singh Jauramajra,Male,Aam Aadmi Party,3,Graduate,/assets/placeholder-avatar.svg,40000000,5310921,0,88,90,50000000,40500000,"Chetan Singh Jauramajra is the elected Cabinet Minister for Public Relations representing Samana, Patiala, Punjab."
Punjab,Patiala,AC-PB-45,Nabha (SC),MLA,Gurdev Singh Dev Mann,Male,Aam Aadmi Party,4,Graduate,/assets/placeholder-avatar.svg,408000000,39469850,0,78,99,50000000,47500000,"Gurdev Singh Dev Mann is the elected MLA representing Nabha (SC), Patiala, Punjab."
Punjab,Patiala,AC-PB-46,Sanour,MLA,Harmeet Singh Pathanmajra,Male,Aam Aadmi Party,5,Graduate,/assets/placeholder-avatar.svg,532000000,80888790,1,93,45,50000000,41500000,"Harmeet Singh Pathanmajra is the elected MLA representing Sanour, Patiala, Punjab."
Punjab,Patiala,AC-PB-47,Ghanaur,MLA / International Boxer,Gurlal Ghanaur,Male,Aam Aadmi Party,3,Graduate,/assets/placeholder-avatar.svg,708000000,117442599,0,89,61,50000000,38500000,"Gurlal Ghanaur is the elected MLA / International Boxer representing Ghanaur, Patiala, Punjab."
Punjab,Patiala,AC-PB-48,Shutrana (SC),MLA,Kulwant Singh Bazigar,Male,Aam Aadmi Party,1,Graduate,/assets/placeholder-avatar.svg,364000000,22909317,0,94,61,50000000,44500000,"Kulwant Singh Bazigar is the elected MLA representing Shutrana (SC), Patiala, Punjab."
Punjab,Bathinda,AC-PB-49,Bathinda Urban,MLA,Jagroop Singh Gill,Male,Aam Aadmi Party,3,Graduate,/assets/placeholder-avatar.svg,159000000,27575248,1,83,74,50000000,46000000,"Jagroop Singh Gill is the elected MLA representing Bathinda Urban, Bathinda, Punjab."
Punjab,Bathinda,AC-PB-50,Bathinda Rural (SC),MLA,Amit Rattan Kotfatta,Male,Aam Aadmi Party,1,Graduate,/assets/placeholder-avatar.svg,367000000,36247659,0,95,76,50000000,42000000,"Amit Rattan Kotfatta is the elected MLA representing Bathinda Rural (SC), Bathinda, Punjab."
Punjab,Bathinda,AC-PB-51,Talwandi Sabo,MLA,Prof. Baljinder Kaur,Female,Aam Aadmi Party,4,Graduate,/assets/placeholder-avatar.svg,411000000,34943678,0,91,87,50000000,46500000,"Prof. Baljinder Kaur is the elected MLA representing Talwandi Sabo, Bathinda, Punjab."
Punjab,Bathinda,AC-PB-52,Maur,MLA,Sukhveer Singh Maiser Khana,Male,Aam Aadmi Party,2,Graduate,/assets/placeholder-avatar.svg,64000000,3042779,0,79,107,50000000,42000000,"Sukhveer Singh Maiser Khana is the elected MLA representing Maur, Bathinda, Punjab."
Punjab,Bathinda,AC-PB-53,Rampura Phul,MLA,Balkar Singh Sidhu,Male,Aam Aadmi Party,5,Graduate,/assets/placeholder-avatar.svg,801000000,59180105,0,95,130,50000000,42000000,"Balkar Singh Sidhu is the elected MLA representing Rampura Phul, Bathinda, Punjab."
Punjab,Bathinda,AC-PB-54,Bhucho Mandi (SC),MLA,Master Jagsir Singh,Male,Aam Aadmi Party,5,Graduate,/assets/placeholder-avatar.svg,718000000,30633450,0,78,42,50000000,38000000,"Master Jagsir Singh is the elected MLA representing Bhucho Mandi (SC), Bathinda, Punjab."
Punjab,SAS Nagar (Mohali),AC-PB-55,Anandpur Sahib,Cabinet Minister for Education,Harjot Singh Bains,Male,Aam Aadmi Party,5,Graduate,/assets/placeholder-avatar.svg,644000000,44158667,0,80,80,50000000,48000000,"Harjot Singh Bains is the elected Cabinet Minister for Education representing Anandpur Sahib, Rupnagar & SAS Nagar (Mohali), Punjab."
Punjab,SAS Nagar (Mohali),AC-PB-56,Rupnagar,MLA,Dinesh Chadha,Male,Aam Aadmi Party,3,Graduate,/assets/candidates/pb_55.jpg,119000000,10931887,2,80,121,50000000,44500000,"Dinesh Chadha is the elected MLA representing Rupnagar, Rupnagar & SAS Nagar (Mohali), Punjab."
Punjab,SAS Nagar (Mohali),AC-PB-57,Chamkaur Sahib (SC),MLA,Dr. Charanjit Singh,Male,Aam Aadmi Party,5,Post Graduate,/assets/placeholder-avatar.svg,384000000,55471095,0,78,76,50000000,39000000,"Dr. Charanjit Singh is the elected MLA representing Chamkaur Sahib (SC), Rupnagar & SAS Nagar (Mohali), Punjab."
Punjab,SAS Nagar (Mohali),AC-PB-58,Mohali,MLA,Kulwant Singh,Male,Aam Aadmi Party,3,Graduate,/assets/placeholder-avatar.svg,745000000,122840146,0,93,51,50000000,48000000,"Kulwant Singh is the elected MLA representing Mohali, Rupnagar & SAS Nagar (Mohali), Punjab."
Punjab,SAS Nagar (Mohali),AC-PB-59,Kharar,MLA / Former Cabinet Minister,Anmol Gagan Maan,Male,Aam Aadmi Party,2,Graduate,/assets/candidates/pb_58.jpg,410000000,58587564,0,95,117,50000000,41000000,"Anmol Gagan Maan is the elected MLA / Former Cabinet Minister representing Kharar, Rupnagar & SAS Nagar (Mohali), Punjab."
Punjab,SAS Nagar (Mohali),AC-PB-60,Dera Bassi,MLA,Kuljit Singh Randhawa,Male,Aam Aadmi Party,1,Graduate,/assets/placeholder-avatar.svg,174000000,17659004,0,89,49,50000000,48000000,"Kuljit Singh Randhawa is the elected MLA representing Dera Bassi, Rupnagar & SAS Nagar (Mohali), Punjab."
Uttar Pradesh,Gorakhpur,PC-UP-64,Gorakhpur (Lok Sabha),MP,Ravi Kishan,Male,Bharatiya Janata Party,2,Graduate,/assets/candidates/ut_ravi_kishan.jpg,350000000,18000000,0,89,168,147000000,13000000,Ravi Kishan Shukla is an Indian actor and Member of Parliament representing the Gorakhpur Lok Sabha constituency.
Punjab,Barnala,AC-PB-477,Barnala,MLA,Gurmeet Singh Meet Hayer,Male,Aam Aadmi Party,2,Graduate,/assets/placeholder-avatar.svg,185000000,12000000,0,92,65,50000000,46000000,"Gurmeet Singh Meet Hayer is the elected MLA representing Barnala, Barnala, Punjab."
Punjab,Barnala,AC-PB-478,Mehal Kalan (SC),MLA,Kulwant Singh Pandori,Male,Aam Aadmi Party,2,Graduate,/assets/placeholder-avatar.svg,45000000,3200000,0,88,48,50000000,42000000,"Kulwant Singh Pandori is the elected MLA representing Mehal Kalan (SC), Barnala, Punjab."
Punjab,Barnala,AC-PB-479,Bhadaur (SC),MLA,Labh Singh Ugoke,Male,Aam Aadmi Party,1,Graduate,/assets/placeholder-avatar.svg,15000000,1200000,0,94,72,50000000,45000000,"Labh Singh Ugoke is the elected MLA representing Bhadaur (SC), Barnala, Punjab."
Punjab,Fatehgarh Sahib,AC-PB-480,Fatehgarh Sahib,MLA,Lakhbir Singh Rai,Male,Aam Aadmi Party,1,Graduate,/assets/placeholder-avatar.svg,78000000,8500000,0,89,54,50000000,43000000,"Lakhbir Singh Rai is the elected MLA representing Fatehgarh Sahib, Fatehgarh Sahib, Punjab."
Punjab,Fatehgarh Sahib,AC-PB-481,Amloh,MLA,Gurinder Singh Garry Birring,Male,Aam Aadmi Party,1,Post Graduate,/assets/placeholder-avatar.svg,145000000,16000000,0,91,62,50000000,44000000,"Gurinder Singh Garry Birring is the elected MLA representing Amloh, Fatehgarh Sahib, Punjab."
Punjab,Fatehgarh Sahib,AC-PB-482,Bassi Pathana (SC),MLA,Rupinder Singh Happy,Male,Aam Aadmi Party,1,Graduate,/assets/placeholder-avatar.svg,52000000,4100000,0,87,46,50000000,41000000,"Rupinder Singh Happy is the elected MLA representing Bassi Pathana (SC), Fatehgarh Sahib, Punjab."
Punjab,Faridkot,AC-PB-483,Faridkot,MLA,Gurdit Singh Sekhon,Male,Aam Aadmi Party,1,Graduate,/assets/placeholder-avatar.svg,98000000,7500000,0,90,58,50000000,43500000,"Gurdit Singh Sekhon is the elected MLA representing Faridkot, Faridkot, Punjab."
Punjab,Faridkot,AC-PB-484,Kotkapura,Speaker of Punjab Assembly,Kultar Singh Sandhwan,Male,Aam Aadmi Party,2,Graduate,/assets/placeholder-avatar.svg,112000000,14000000,0,95,34,50000000,48000000,"Kultar Singh Sandhwan is the elected Speaker of Punjab Assembly representing Kotkapura, Faridkot, Punjab."
Punjab,Faridkot,AC-PB-485,Jaitu (SC),MLA,Amolak Singh,Male,Aam Aadmi Party,1,Graduate,/assets/placeholder-avatar.svg,38000000,2900000,0,86,51,50000000,41500000,"Amolak Singh is the elected MLA representing Jaitu (SC), Faridkot, Punjab."
Punjab,Fazilka,AC-PB-486,Fazilka,MLA,Narinderpal Singh Sawna,Male,Aam Aadmi Party,1,Graduate,/assets/placeholder-avatar.svg,89000000,6200000,0,88,64,50000000,42500000,"Narinderpal Singh Sawna is the elected MLA representing Fazilka, Fazilka, Punjab."
Punjab,Fazilka,AC-PB-487,Abohar,MLA,Sandeep Jakhar,Male,Indian National Congress,1,Graduate,/assets/placeholder-avatar.svg,280000000,24000000,0,85,78,50000000,39500000,"Sandeep Jakhar is the elected MLA representing Abohar, Fazilka, Punjab."
Punjab,Fazilka,AC-PB-488,Jalalabad,MLA,Jagdeep Kamboj Goldy,Male,Aam Aadmi Party,1,Graduate,/assets/placeholder-avatar.svg,64000000,5100000,0,93,82,50000000,45000000,"Jagdeep Kamboj Goldy is the elected MLA representing Jalalabad, Fazilka, Punjab."
Punjab,Fazilka,AC-PB-489,Balluana (SC),MLA,Amandeep Singh Goldy Musafir,Male,Aam Aadmi Party,1,Graduate,/assets/placeholder-avatar.svg,42000000,3300000,0,87,49,50000000,41000000,"Amandeep Singh Goldy Musafir is the elected MLA representing Balluana (SC), Fazilka, Punjab."
Punjab,Ferozepur,AC-PB-490,Firozpur City,MLA,Ranbir Singh Bhullar,Male,Aam Aadmi Party,1,Graduate,/assets/placeholder-avatar.svg,115000000,12500000,0,91,56,50000000,44000000,"Ranbir Singh Bhullar is the elected MLA representing Firozpur City, Ferozepur, Punjab."
Punjab,Ferozepur,AC-PB-491,Firozpur Rural (SC),MLA,Rajnish Dahiya,Male,Aam Aadmi Party,1,Graduate,/assets/placeholder-avatar.svg,58000000,4800000,0,89,50,50000000,42000000,"Rajnish Dahiya is the elected MLA representing Firozpur Rural (SC), Ferozepur, Punjab."
Punjab,Ferozepur,AC-PB-492,Guru Har Sahai,MLA,Fauja Singh Sarari,Male,Aam Aadmi Party,1,Graduate,/assets/placeholder-avatar.svg,72000000,6100000,0,84,45,50000000,40000000,"Fauja Singh Sarari is the elected MLA representing Guru Har Sahai, Ferozepur, Punjab."
Punjab,Ferozepur,AC-PB-493,Zira,MLA,Naresh Kataria,Male,Aam Aadmi Party,1,Graduate,/assets/placeholder-avatar.svg,86000000,7900000,0,88,53,50000000,43000000,"Naresh Kataria is the elected MLA representing Zira, Ferozepur, Punjab."
Punjab,Gurdaspur,AC-PB-494,Gurdaspur,MLA,Barindermeet Singh Pahra,Male,Indian National Congress,2,Graduate,/assets/placeholder-avatar.svg,135000000,18000000,0,86,75,50000000,41000000,"Barindermeet Singh Pahra is the elected MLA representing Gurdaspur, Gurdaspur, Punjab."
Punjab,Gurdaspur,AC-PB-495,Batala,MLA,Amansher Singh Sherry Kalsi,Male,Aam Aadmi Party,1,Graduate,/assets/placeholder-avatar.svg,168000000,14500000,0,92,68,50000000,46000000,"Amansher Singh Sherry Kalsi is the elected MLA representing Batala, Gurdaspur, Punjab."
Punjab,Gurdaspur,AC-PB-496,Dera Baba Nanak,MLA,Sukhjinder Singh Randhawa,Male,Indian National Congress,3,Graduate,/assets/placeholder-avatar.svg,240000000,22000000,0,89,88,50000000,42500000,"Sukhjinder Singh Randhawa is the elected MLA representing Dera Baba Nanak, Gurdaspur, Punjab."
Punjab,Gurdaspur,AC-PB-497,Dina Nagar (SC),MLA,Aruna Chaudhary,Male,Indian National Congress,3,Post Graduate,/assets/placeholder-avatar.svg,195000000,16500000,0,87,70,50000000,41500000,"Aruna Chaudhary is the elected MLA representing Dina Nagar (SC), Gurdaspur, Punjab."
Punjab,Gurdaspur,AC-PB-498,Qadian,Leader of Opposition,Partap Singh Bajwa,Male,Indian National Congress,4,Graduate,/assets/placeholder-avatar.svg,380000000,31000000,0,93,115,50000000,43500000,"Partap Singh Bajwa is the elected Leader of Opposition representing Qadian, Gurdaspur, Punjab."
Punjab,Gurdaspur,AC-PB-499,Fatehgarh Churian,MLA,Tripat Rajinder Singh Bajwa,Male,Indian National Congress,4,Graduate,/assets/placeholder-avatar.svg,290000000,26000000,0,85,82,50000000,42000000,"Tripat Rajinder Singh Bajwa is the elected MLA representing Fatehgarh Churian, Gurdaspur, Punjab."
Punjab,Gurdaspur,AC-PB-500,Sri Hargobindpur (SC),MLA,Amarpal Singh,Male,Aam Aadmi Party,1,Graduate,/assets/placeholder-avatar.svg,62000000,5200000,0,88,47,50000000,42500000,"Amarpal Singh is the elected MLA representing Sri Hargobindpur (SC), Gurdaspur, Punjab."
Punjab,Hoshiarpur,AC-PB-501,Hoshiarpur,Cabinet Minister for Revenue,Bram Shanker Jimpa,Male,Aam Aadmi Party,1,Graduate,/assets/placeholder-avatar.svg,142000000,11000000,0,93,74,50000000,47000000,"Bram Shanker Jimpa is the elected Cabinet Minister for Revenue representing Hoshiarpur, Hoshiarpur, Punjab."
Punjab,Hoshiarpur,AC-PB-502,Chabbewal (SC),MLA,Dr. Raj Kumar Chabbewal,Male,Aam Aadmi Party,2,Post Graduate,/assets/placeholder-avatar.svg,210000000,18500000,0,90,84,50000000,45000000,"Dr. Raj Kumar Chabbewal is the elected MLA representing Chabbewal (SC), Hoshiarpur, Punjab."
Punjab,Hoshiarpur,AC-PB-503,Dasuya,MLA,Karambir Singh Ghuman,Male,Aam Aadmi Party,1,Graduate,/assets/placeholder-avatar.svg,94000000,8200000,0,89,58,50000000,43500000,"Karambir Singh Ghuman is the elected MLA representing Dasuya, Hoshiarpur, Punjab."
Punjab,Hoshiarpur,AC-PB-504,Urmar,MLA,Jasvir Singh Raja Gill,Male,Aam Aadmi Party,1,Graduate,/assets/placeholder-avatar.svg,108000000,9400000,0,91,63,50000000,44000000,"Jasvir Singh Raja Gill is the elected MLA representing Urmar, Hoshiarpur, Punjab."
Punjab,Hoshiarpur,AC-PB-505,Mukerian,MLA,Jangi Lal Mahajan,Male,Bharatiya Janata Party,2,Graduate,/assets/placeholder-avatar.svg,125000000,13000000,0,86,69,50000000,41000000,"Jangi Lal Mahajan is the elected MLA representing Mukerian, Hoshiarpur, Punjab."
Punjab,Hoshiarpur,AC-PB-506,Sham Chaurasi (SC),MLA,Dr. Ravjot Singh,Male,Aam Aadmi Party,1,Post Graduate,/assets/placeholder-avatar.svg,165000000,15000000,0,92,70,50000000,45500000,"Dr. Ravjot Singh is the elected MLA representing Sham Chaurasi (SC), Hoshiarpur, Punjab."
Punjab,Hoshiarpur,AC-PB-507,Garhshankar,Deputy Speaker,Jai Krishan Singh Rouri,Male,Aam Aadmi Party,2,Graduate,/assets/placeholder-avatar.svg,48000000,3900000,0,94,38,50000000,46500000,"Jai Krishan Singh Rouri is the elected Deputy Speaker representing Garhshankar, Hoshiarpur, Punjab."
Punjab,Kapurthala,AC-PB-508,Kapurthala,MLA,Rana Gurjeet Singh,Male,Indian National Congress,4,Graduate,/assets/placeholder-avatar.svg,890000000,72000000,0,87,85,50000000,43000000,"Rana Gurjeet Singh is the elected MLA representing Kapurthala, Kapurthala, Punjab."
Punjab,Kapurthala,AC-PB-509,Phagwara (SC),MLA,Balwinder Singh Dhaliwal,Male,Indian National Congress,2,Graduate,/assets/placeholder-avatar.svg,148000000,12000000,0,89,76,50000000,44000000,"Balwinder Singh Dhaliwal is the elected MLA representing Phagwara (SC), Kapurthala, Punjab."
Punjab,Kapurthala,AC-PB-510,Sultanpur Lodhi,MLA,Rana Inder Pratap Singh,Male,Independent,1,Graduate,/assets/placeholder-avatar.svg,310000000,25000000,0,90,67,50000000,45000000,"Rana Inder Pratap Singh is the elected MLA representing Sultanpur Lodhi, Kapurthala, Punjab."
Punjab,Kapurthala,AC-PB-511,Bholath,MLA,Sukhpal Singh Khaira,Male,Indian National Congress,3,Graduate,/assets/placeholder-avatar.svg,220000000,18000000,1,84,98,50000000,41500000,"Sukhpal Singh Khaira is the elected MLA representing Bholath, Kapurthala, Punjab."
Punjab,Malerkotla,AC-PB-512,Malerkotla,MLA,Dr. Mohammad Jamil Ur Rehman,Male,Aam Aadmi Party,1,Post Graduate,/assets/placeholder-avatar.svg,85000000,7200000,0,93,71,50000000,46000000,"Dr. Mohammad Jamil Ur Rehman is the elected MLA representing Malerkotla, Malerkotla, Punjab."
Punjab,Malerkotla,AC-PB-513,Amargarh,MLA,Prof. Jaswant Singh Gajjan Majra,Male,Aam Aadmi Party,1,Post Graduate,/assets/placeholder-avatar.svg,195000000,16000000,0,88,54,50000000,43000000,"Prof. Jaswant Singh Gajjan Majra is the elected MLA representing Amargarh, Malerkotla, Punjab."
Punjab,Mansa,AC-PB-514,Mansa,MLA,Dr. Vijay Singla,Male,Aam Aadmi Party,1,Post Graduate,/assets/placeholder-avatar.svg,168000000,13500000,0,86,60,50000000,43500000,"Dr. Vijay Singla is the elected MLA representing Mansa, Mansa, Punjab."
Punjab,Mansa,AC-PB-515,Budhlada (SC),MLA,Budh Ram,Male,Aam Aadmi Party,2,Graduate,/assets/placeholder-avatar.svg,54000000,4200000,0,94,80,50000000,46500000,"Budh Ram is the elected MLA representing Budhlada (SC), Mansa, Punjab."
Punjab,Mansa,AC-PB-516,Sardulgarh,MLA,Gurpreet Singh Banawali,Male,Aam Aadmi Party,1,Graduate,/assets/placeholder-avatar.svg,76000000,6500000,0,90,64,50000000,44500000,"Gurpreet Singh Banawali is the elected MLA representing Sardulgarh, Mansa, Punjab."
Punjab,Moga,AC-PB-517,Moga,MLA,Dr. Amandeep Kaur Arora,Female,Aam Aadmi Party,1,Post Graduate,/assets/placeholder-avatar.svg,95000000,8100000,0,92,73,50000000,45500000,"Dr. Amandeep Kaur Arora is the elected MLA representing Moga, Moga, Punjab."
Punjab,Moga,AC-PB-518,Baghapurana,MLA,Amritpal Singh Sukhanand,Male,Aam Aadmi Party,1,Graduate,/assets/placeholder-avatar.svg,82000000,6800000,0,89,57,50000000,43000000,"Amritpal Singh Sukhanand is the elected MLA representing Baghapurana, Moga, Punjab."
Punjab,Moga,AC-PB-519,Nihal Singh Wala (SC),MLA,Manjit Singh Bilaspur,Male,Aam Aadmi Party,2,Graduate,/assets/placeholder-avatar.svg,49000000,3600000,0,91,62,50000000,44500000,"Manjit Singh Bilaspur is the elected MLA representing Nihal Singh Wala (SC), Moga, Punjab."
Punjab,Moga,AC-PB-520,Dharamkot,MLA,Devinderjeet Singh Laddi Dhos,Male,Aam Aadmi Party,1,Graduate,/assets/placeholder-avatar.svg,112000000,9800000,0,88,59,50000000,43500000,"Devinderjeet Singh Laddi Dhos is the elected MLA representing Dharamkot, Moga, Punjab."
Punjab,Pathankot,AC-PB-521,Pathankot,State BJP President / MLA,Ashwani Kumar Sharma,Male,Bharatiya Janata Party,2,Graduate,/assets/placeholder-avatar.svg,145000000,12000000,0,88,86,50000000,42000000,"Ashwani Kumar Sharma is the elected State BJP President / MLA representing Pathankot, Pathankot, Punjab."
Punjab,Pathankot,AC-PB-522,Sujanpur,MLA,Naresh Puri,Male,Indian National Congress,1,Graduate,/assets/placeholder-avatar.svg,118000000,10500000,0,86,65,50000000,41500000,"Naresh Puri is the elected MLA representing Sujanpur, Pathankot, Punjab."
Punjab,Pathankot,AC-PB-523,Bhoa (SC),MLA,Lal Chand Kataruchakk,Male,Aam Aadmi Party,1,Graduate,/assets/placeholder-avatar.svg,56000000,4500000,0,93,71,50000000,46500000,"Lal Chand Kataruchakk is the elected MLA representing Bhoa (SC), Pathankot, Punjab."
Punjab,Shahid Bhagat Singh Nagar,AC-PB-524,Nawanshahr,MLA,Dr. Nachhatar Pal,Male,Bahujan Samaj Party,1,Post Graduate,/assets/placeholder-avatar.svg,84000000,7100000,0,87,63,50000000,42500000,"Dr. Nachhatar Pal is the elected MLA representing Nawanshahr, Shahid Bhagat Singh Nagar, Punjab."
Punjab,Shahid Bhagat Singh Nagar,AC-PB-525,Banga (SC),MLA,Sukhwinder Kumar Sukhi,Male,Shiromani Akali Dal,2,Post Graduate,/assets/placeholder-avatar.svg,132000000,11500000,0,89,75,50000000,44000000,"Sukhwinder Kumar Sukhi is the elected MLA representing Banga (SC), Shahid Bhagat Singh Nagar, Punjab."
Punjab,Shahid Bhagat Singh Nagar,AC-PB-526,Balachaur,MLA,Santosh Kumari Kataria,Male,Aam Aadmi Party,1,Graduate,/assets/placeholder-avatar.svg,62000000,5200000,0,91,59,50000000,45000000,"Santosh Kumari Kataria is the elected MLA representing Balachaur, Shahid Bhagat Singh Nagar, Punjab."
Punjab,Sri Muktsar Sahib,AC-PB-527,Muktsar,MLA,Jagdeep Singh Kaka Brar,Male,Aam Aadmi Party,1,Graduate,/assets/placeholder-avatar.svg,142000000,12500000,0,91,66,50000000,44500000,"Jagdeep Singh Kaka Brar is the elected MLA representing Muktsar, Sri Muktsar Sahib, Punjab."
Punjab,Sri Muktsar Sahib,AC-PB-528,Malout (SC),Cabinet Minister for Social Security,Dr. Baljit Kaur,Female,Aam Aadmi Party,1,Post Graduate,/assets/placeholder-avatar.svg,182000000,14000000,0,94,82,50000000,47000000,"Dr. Baljit Kaur is the elected Cabinet Minister for Social Security representing Malout (SC), Sri Muktsar Sahib, Punjab."
Punjab,Sri Muktsar Sahib,AC-PB-529,Gidderbaha,MLA,Amrinder Singh Raja Warring,Male,Indian National Congress,3,Graduate,/assets/placeholder-avatar.svg,265000000,24000000,0,88,92,50000000,43000000,"Amrinder Singh Raja Warring is the elected MLA representing Gidderbaha, Sri Muktsar Sahib, Punjab."
Punjab,Sri Muktsar Sahib,AC-PB-530,Lambi,MLA,Gurmeet Singh Khudian,Male,Aam Aadmi Party,1,Graduate,/assets/placeholder-avatar.svg,175000000,15000000,0,92,74,50000000,46000000,"Gurmeet Singh Khudian is the elected MLA representing Lambi, Sri Muktsar Sahib, Punjab."
Punjab,Tarn Taran,AC-PB-531,Tarn Taran,MLA,Dr. Kashmir Singh Sohal,Male,Aam Aadmi Party,1,Post Graduate,/assets/placeholder-avatar.svg,125000000,10200000,0,92,68,50000000,45000000,"Dr. Kashmir Singh Sohal is the elected MLA representing Tarn Taran, Tarn Taran, Punjab."
Punjab,Tarn Taran,AC-PB-532,Patti,Cabinet Minister for Transport,Laljit Singh Bhullar,Male,Aam Aadmi Party,1,Graduate,/assets/placeholder-avatar.svg,154000000,13000000,0,93,76,50000000,46500000,"Laljit Singh Bhullar is the elected Cabinet Minister for Transport representing Patti, Tarn Taran, Punjab."
Punjab,Tarn Taran,AC-PB-533,Khadoor Sahib,MLA,Manjinder Singh Lalpura,Male,Aam Aadmi Party,1,Graduate,/assets/placeholder-avatar.svg,78000000,6500000,0,90,61,50000000,44000000,"Manjinder Singh Lalpura is the elected MLA representing Khadoor Sahib, Tarn Taran, Punjab."
Punjab,Tarn Taran,AC-PB-534,Khem Karan,MLA,Sarvan Singh Dhun,Male,Aam Aadmi Party,1,Graduate,/assets/placeholder-avatar.svg,89000000,7800000,0,89,57,50000000,43500000,"Sarvan Singh Dhun is the elected MLA representing Khem Karan, Tarn Taran, Punjab."
Karnataka,Belagavi,AC-KA-6,Raibag (SC),MLA,Duryodhan Aihole,Male,Bharatiya Janata Party,1,Graduate,/assets/placeholder-avatar.svg,75000000,8500000,0,88,60,40000000,34500000,"Duryodhan Aihole is the elected MLA representing Raibag (SC), Belagavi, Karnataka."
Karnataka,Bagalkot,AC-KA-19,Mudhol (SC),MLA,R. B. Timmapur,Male,Indian National Congress,1,Graduate,/assets/placeholder-avatar.svg,75000000,8500000,0,88,60,40000000,34500000,"R. B. Timmapur is the elected MLA representing Mudhol (SC), Bagalkot, Karnataka."
Karnataka,Bagalkot,AC-KA-20,Terdal,MLA,Siddu Savadi,Male,Bharatiya Janata Party,1,Graduate,/assets/placeholder-avatar.svg,75000000,8500000,0,88,60,40000000,34500000,"Siddu Savadi is the elected MLA representing Terdal, Bagalkot, Karnataka."
Karnataka,Bagalkot,AC-KA-21,Jamkhandi,MLA,Jagadish Gudagunti,Male,Bharatiya Janata Party,1,Graduate,/assets/placeholder-avatar.svg,75000000,8500000,0,88,60,40000000,34500000,"Jagadish Gudagunti is the elected MLA representing Jamkhandi, Bagalkot, Karnataka."
Karnataka,Bagalkot,AC-KA-22,Bilgi,MLA,J. T. Patil,Male,Indian National Congress,1,Graduate,/assets/placeholder-avatar.svg,75000000,8500000,0,88,60,40000000,34500000,"J. T. Patil is the elected MLA representing Bilgi, Bagalkot, Karnataka."
Karnataka,Bagalkot,AC-KA-23,Badami,MLA,Bhimsen Chimmanakatti,Male,Indian National Congress,1,Graduate,/assets/placeholder-avatar.svg,75000000,8500000,0,88,60,40000000,34500000,"Bhimsen Chimmanakatti is the elected MLA representing Badami, Bagalkot, Karnataka."
Karnataka,Bagalkot,AC-KA-24,Bagalkot,MLA,H. Y. Meti,Male,Indian National Congress,1,Graduate,/assets/placeholder-avatar.svg,75000000,8500000,0,88,60,40000000,34500000,"H. Y. Meti is the elected MLA representing Bagalkot, Bagalkot, Karnataka."
Karnataka,Bagalkot,AC-KA-25,Hungund,MLA,Vijayanand Kashappanavar,Male,Indian National Congress,1,Graduate,/assets/placeholder-avatar.svg,75000000,8500000,0,88,60,40000000,34500000,"Vijayanand Kashappanavar is the elected MLA representing Hungund, Bagalkot, Karnataka."
Karnataka,Vijayapura,AC-KA-26,Muddebihal,MLA,C. S. Nadagouda,Male,Indian National Congress,1,Graduate,/assets/placeholder-avatar.svg,75000000,8500000,0,88,60,40000000,34500000,"C. S. Nadagouda is the elected MLA representing Muddebihal, Vijayapura, Karnataka."
Karnataka,Vijayapura,AC-KA-28,Basavana Bagevadi,MLA,Shivanand Patil,Male,Indian National Congress,1,Graduate,/assets/placeholder-avatar.svg,75000000,8500000,0,88,60,40000000,34500000,"Shivanand Patil is the elected MLA representing Basavana Bagevadi, Vijayapura, Karnataka."
Karnataka,Vijayapura,AC-KA-29,Babaleshwar,MLA,M. B. Patil,Male,Indian National Congress,1,Graduate,/assets/placeholder-avatar.svg,75000000,8500000,0,88,60,40000000,34500000,"M. B. Patil is the elected MLA representing Babaleshwar, Vijayapura, Karnataka."
Karnataka,Vijayapura,AC-KA-30,Bijapur City,MLA,Basangouda Patil Yatnal,Male,Bharatiya Janata Party,1,Graduate,/assets/placeholder-avatar.svg,75000000,8500000,0,88,60,40000000,34500000,"Basangouda Patil Yatnal is the elected MLA representing Bijapur City, Vijayapura, Karnataka."
Karnataka,Vijayapura,AC-KA-31,Nagathan (SC),MLA,Vittal Katakadhond,Male,Indian National Congress,1,Graduate,/assets/placeholder-avatar.svg,75000000,8500000,0,88,60,40000000,34500000,"Vittal Katakadhond is the elected MLA representing Nagathan (SC), Vijayapura, Karnataka."
Karnataka,Vijayapura,AC-KA-32,Indi,MLA,Yashavanta Patil,Male,Indian National Congress,1,Graduate,/assets/placeholder-avatar.svg,75000000,8500000,0,88,60,40000000,34500000,"Yashavanta Patil is the elected MLA representing Indi, Vijayapura, Karnataka."
Karnataka,Vijayapura,AC-KA-33,Sindagi,MLA,Ashok M. Managuli,Male,Indian National Congress,1,Graduate,/assets/placeholder-avatar.svg,75000000,8500000,0,88,60,40000000,34500000,"Ashok M. Managuli is the elected MLA representing Sindagi, Vijayapura, Karnataka."
Karnataka,Kalaburagi,AC-KA-34,Afzalpur,MLA,M. Y. Patil,Male,Indian National Congress,1,Graduate,/assets/placeholder-avatar.svg,75000000,8500000,0,88,60,40000000,34500000,"M. Y. Patil is the elected MLA representing Afzalpur, Kalaburagi, Karnataka."
Karnataka,Kalaburagi,AC-KA-35,Jevargi,MLA,Ajay Singh,Male,Indian National Congress,1,Graduate,/assets/placeholder-avatar.svg,75000000,8500000,0,88,60,40000000,34500000,"Ajay Singh is the elected MLA representing Jevargi, Kalaburagi, Karnataka."
Karnataka,Yadgir,AC-KA-36,Shorapur (ST),MLA,Raja Venkatappa Naik,Male,Indian National Congress,1,Graduate,/assets/placeholder-avatar.svg,75000000,8500000,0,88,60,40000000,34500000,"Raja Venkatappa Naik is the elected MLA representing Shorapur (ST), Yadgir, Karnataka."
Karnataka,Yadgir,AC-KA-38,Yadgir,MLA,Channareddy Patil Tunnur,Male,Indian National Congress,1,Graduate,/assets/placeholder-avatar.svg,75000000,8500000,0,88,60,40000000,34500000,"Channareddy Patil Tunnur is the elected MLA representing Yadgir, Yadgir, Karnataka."
Karnataka,Yadgir,AC-KA-39,Gurmitkal,MLA,Sharanagouda Kandakur,Male,Janata Dal (Secular),1,Graduate,/assets/placeholder-avatar.svg,75000000,8500000,0,88,60,40000000,34500000,"Sharanagouda Kandakur is the elected MLA representing Gurmitkal, Yadgir, Karnataka."
Karnataka,Kalaburagi,AC-KA-40,Chittapur (SC),MLA,Priyank Kharge,Male,Indian National Congress,1,Graduate,/assets/placeholder-avatar.svg,75000000,8500000,0,88,60,40000000,34500000,"Priyank Kharge is the elected MLA representing Chittapur (SC), Kalaburagi, Karnataka."
Karnataka,Kalaburagi,AC-KA-41,Sedam,MLA,Sharan Prakash Patil,Male,Indian National Congress,1,Graduate,/assets/placeholder-avatar.svg,75000000,8500000,0,88,60,40000000,34500000,"Sharan Prakash Patil is the elected MLA representing Sedam, Kalaburagi, Karnataka."
Karnataka,Kalaburagi,AC-KA-42,Chincholi (SC),MLA,Avinash Jadhav,Male,Bharatiya Janata Party,1,Graduate,/assets/placeholder-avatar.svg,75000000,8500000,0,88,60,40000000,34500000,"Avinash Jadhav is the elected MLA representing Chincholi (SC), Kalaburagi, Karnataka."
Karnataka,Kalaburagi,AC-KA-43,Gulbarga Rural (SC),MLA,Basawaraj Mattimud,Male,Bharatiya Janata Party,1,Graduate,/assets/placeholder-avatar.svg,75000000,8500000,0,88,60,40000000,34500000,"Basawaraj Mattimud is the elected MLA representing Gulbarga Rural (SC), Kalaburagi, Karnataka."
Karnataka,Kalaburagi,AC-KA-44,Gulbarga Dakshin,MLA,Allamprabhu Patil,Male,Indian National Congress,1,Graduate,/assets/placeholder-avatar.svg,75000000,8500000,0,88,60,40000000,34500000,"Allamprabhu Patil is the elected MLA representing Gulbarga Dakshin, Kalaburagi, Karnataka."
Karnataka,Kalaburagi,AC-KA-45,Gulbarga Uttar,MLA,Kaneez Fathima,Male,Indian National Congress,1,Graduate,/assets/placeholder-avatar.svg,75000000,8500000,0,88,60,40000000,34500000,"Kaneez Fathima is the elected MLA representing Gulbarga Uttar, Kalaburagi, Karnataka."
Karnataka,Kalaburagi,AC-KA-46,Aland,MLA,B. R. Patil,Male,Indian National Congress,1,Graduate,/assets/placeholder-avatar.svg,75000000,8500000,0,88,60,40000000,34500000,"B. R. Patil is the elected MLA representing Aland, Kalaburagi, Karnataka."
Karnataka,Bidar,AC-KA-47,Basavakalyan,MLA,Sharanu Salagar,Male,Bharatiya Janata Party,1,Graduate,/assets/placeholder-avatar.svg,75000000,8500000,0,88,60,40000000,34500000,"Sharanu Salagar is the elected MLA representing Basavakalyan, Bidar, Karnataka."
Karnataka,Bidar,AC-KA-48,Humnabad,MLA,Siddu Patil,Male,Bharatiya Janata Party,1,Graduate,/assets/placeholder-avatar.svg,75000000,8500000,0,88,60,40000000,34500000,"Siddu Patil is the elected MLA representing Humnabad, Bidar, Karnataka."
Karnataka,Bidar,AC-KA-49,Bidar South,MLA,Shailendra Beldale,Male,Bharatiya Janata Party,1,Graduate,/assets/placeholder-avatar.svg,75000000,8500000,0,88,60,40000000,34500000,"Shailendra Beldale is the elected MLA representing Bidar South, Bidar, Karnataka."
Karnataka,Bidar,AC-KA-50,Bidar,MLA,Rahim Khan,Male,Indian National Congress,1,Graduate,/assets/placeholder-avatar.svg,75000000,8500000,0,88,60,40000000,34500000,"Rahim Khan is the elected MLA representing Bidar, Bidar, Karnataka."
Karnataka,Bidar,AC-KA-51,Bhalki,MLA,Eshwara Khandre,Male,Indian National Congress,1,Graduate,/assets/placeholder-avatar.svg,75000000,8500000,0,88,60,40000000,34500000,"Eshwara Khandre is the elected MLA representing Bhalki, Bidar, Karnataka."
Karnataka,Bidar,AC-KA-52,Aurad (SC),MLA,Prabhu Chauhan,Male,Bharatiya Janata Party,1,Graduate,/assets/placeholder-avatar.svg,75000000,8500000,0,88,60,40000000,34500000,"Prabhu Chauhan is the elected MLA representing Aurad (SC), Bidar, Karnataka."
Karnataka,Raichur,AC-KA-53,Raichur Rural (ST),MLA,Basanagouda Daddal,Male,Indian National Congress,1,Graduate,/assets/placeholder-avatar.svg,75000000,8500000,0,88,60,40000000,34500000,"Basanagouda Daddal is the elected MLA representing Raichur Rural (ST), Raichur, Karnataka."
Karnataka,Raichur,AC-KA-54,Raichur,MLA,S. Shivaraj Patil,Male,Bharatiya Janata Party,1,Graduate,/assets/placeholder-avatar.svg,75000000,8500000,0,88,60,40000000,34500000,"S. Shivaraj Patil is the elected MLA representing Raichur, Raichur, Karnataka."
Karnataka,Raichur,AC-KA-55,Manvi (ST),MLA,G. Hampayya Nayak,Male,Indian National Congress,1,Graduate,/assets/placeholder-avatar.svg,75000000,8500000,0,88,60,40000000,34500000,"G. Hampayya Nayak is the elected MLA representing Manvi (ST), Raichur, Karnataka."
Karnataka,Raichur,AC-KA-56,Devadurga (ST),MLA,Karemma Nayak,Male,Janata Dal (Secular),1,Graduate,/assets/placeholder-avatar.svg,75000000,8500000,0,88,60,40000000,34500000,"Karemma Nayak is the elected MLA representing Devadurga (ST), Raichur, Karnataka."
Karnataka,Raichur,AC-KA-57,Lingsugur (SC),MLA,Manappa D.Vajjal,Male,Bharatiya Janata Party,1,Graduate,/assets/placeholder-avatar.svg,75000000,8500000,0,88,60,40000000,34500000,"Manappa D.Vajjal is the elected MLA representing Lingsugur (SC), Raichur, Karnataka."
Karnataka,Raichur,AC-KA-58,Sindhanur,MLA,Hampanagouda Badarli,Male,Indian National Congress,1,Graduate,/assets/placeholder-avatar.svg,75000000,8500000,0,88,60,40000000,34500000,"Hampanagouda Badarli is the elected MLA representing Sindhanur, Raichur, Karnataka."
Karnataka,Raichur,AC-KA-59,Maski (ST),MLA,Basanagouda Turvihal,Male,Indian National Congress,1,Graduate,/assets/placeholder-avatar.svg,75000000,8500000,0,88,60,40000000,34500000,"Basanagouda Turvihal is the elected MLA representing Maski (ST), Raichur, Karnataka."
Karnataka,Koppal,AC-KA-60,Kushtagi,MLA,Doddanagouda Patil,Male,Bharatiya Janata Party,1,Graduate,/assets/placeholder-avatar.svg,75000000,8500000,0,88,60,40000000,34500000,"Doddanagouda Patil is the elected MLA representing Kushtagi, Koppal, Karnataka."
Karnataka,Koppal,AC-KA-61,Kanakagiri (SC),MLA,Shivaraj Tangadagi,Male,Indian National Congress,1,Graduate,/assets/placeholder-avatar.svg,75000000,8500000,0,88,60,40000000,34500000,"Shivaraj Tangadagi is the elected MLA representing Kanakagiri (SC), Koppal, Karnataka."
Karnataka,Koppal,AC-KA-62,Gangawati,MLA,G. Janardhana Reddy,Male,Kalyana Rajya Pragathi Paksha,1,Graduate,/assets/placeholder-avatar.svg,75000000,8500000,0,88,60,40000000,34500000,"G. Janardhana Reddy is the elected MLA representing Gangawati, Koppal, Karnataka."
Karnataka,Koppal,AC-KA-63,Yelburga,MLA,Basavaraj Rayareddy,Male,Indian National Congress,1,Graduate,/assets/placeholder-avatar.svg,75000000,8500000,0,88,60,40000000,34500000,"Basavaraj Rayareddy is the elected MLA representing Yelburga, Koppal, Karnataka."
Karnataka,Gadag,AC-KA-65,Shirahatti (SC),MLA,Chandru Lamani,Male,Bharatiya Janata Party,1,Graduate,/assets/placeholder-avatar.svg,75000000,8500000,0,88,60,40000000,34500000,"Chandru Lamani is the elected MLA representing Shirahatti (SC), Gadag, Karnataka."
Karnataka,Gadag,AC-KA-66,Gadag,MLA,H. K. Patil,Male,Indian National Congress,1,Graduate,/assets/placeholder-avatar.svg,75000000,8500000,0,88,60,40000000,34500000,"H. K. Patil is the elected MLA representing Gadag, Gadag, Karnataka."
Karnataka,Gadag,AC-KA-67,Ron,MLA,Gurupadagouda Patil,Male,Indian National Congress,1,Graduate,/assets/placeholder-avatar.svg,75000000,8500000,0,88,60,40000000,34500000,"Gurupadagouda Patil is the elected MLA representing Ron, Gadag, Karnataka."
Karnataka,Gadag,AC-KA-68,Nargund,MLA,C. C. Patil,Male,Bharatiya Janata Party,1,Graduate,/assets/placeholder-avatar.svg,75000000,8500000,0,88,60,40000000,34500000,"C. C. Patil is the elected MLA representing Nargund, Gadag, Karnataka."
Karnataka,Dharwad,AC-KA-71,Dharwad,MLA,Vinay Kulkarni,Male,Indian National Congress,1,Graduate,/assets/placeholder-avatar.svg,75000000,8500000,0,88,60,40000000,34500000,"Vinay Kulkarni is the elected MLA representing Dharwad, Dharwad, Karnataka."
Karnataka,Uttara Kannada,AC-KA-76,Haliyal,MLA,R. V. Deshpande,Male,Indian National Congress,1,Graduate,/assets/placeholder-avatar.svg,75000000,8500000,0,88,60,40000000,34500000,"R. V. Deshpande is the elected MLA representing Haliyal, Uttara Kannada, Karnataka."
Karnataka,Uttara Kannada,AC-KA-77,Karwar,MLA,Satish Krishna Sail,Female,Indian National Congress,1,Graduate,/assets/placeholder-avatar.svg,75000000,8500000,0,88,60,40000000,34500000,"Satish Krishna Sail is the elected MLA representing Karwar, Uttara Kannada, Karnataka."
Karnataka,Uttara Kannada,AC-KA-78,Kumta,MLA,Dinakar Keshav Shetty,Male,Bharatiya Janata Party,1,Graduate,/assets/placeholder-avatar.svg,75000000,8500000,0,88,60,40000000,34500000,"Dinakar Keshav Shetty is the elected MLA representing Kumta, Uttara Kannada, Karnataka."
Karnataka,Uttara Kannada,AC-KA-79,Bhatkal,MLA,M. S. Vaidya,Male,Indian National Congress,1,Graduate,/assets/placeholder-avatar.svg,75000000,8500000,0,88,60,40000000,34500000,"M. S. Vaidya is the elected MLA representing Bhatkal, Uttara Kannada, Karnataka."
Karnataka,Uttara Kannada,AC-KA-80,Sirsi,MLA,Bhimanna T. Naik,Male,Indian National Congress,1,Graduate,/assets/placeholder-avatar.svg,75000000,8500000,0,88,60,40000000,34500000,"Bhimanna T. Naik is the elected MLA representing Sirsi, Uttara Kannada, Karnataka."
Karnataka,Uttara Kannada,AC-KA-81,Yellapur,MLA,Arabil Shivaram Hebbar,Male,Bharatiya Janata Party,1,Graduate,/assets/placeholder-avatar.svg,75000000,8500000,0,88,60,40000000,34500000,"Arabil Shivaram Hebbar is the elected MLA representing Yellapur, Uttara Kannada, Karnataka."
Karnataka,Haveri,AC-KA-82,Hangal,MLA,Srinivas Mane,Male,Indian National Congress,1,Graduate,/assets/placeholder-avatar.svg,75000000,8500000,0,88,60,40000000,34500000,"Srinivas Mane is the elected MLA representing Hangal, Haveri, Karnataka."
Karnataka,Haveri,AC-KA-83,Shiggaon,MLA,Basavaraj Bommai,Male,Bharatiya Janata Party,1,Graduate,/assets/candidates/basavaraj_bommai.jpg,75000000,8500000,0,88,60,40000000,34500000,"Basavaraj Bommai is the elected MLA representing Shiggaon, Haveri, Karnataka."
Karnataka,Haveri,AC-KA-84,Haveri (SC),MLA,Rudrappa Lamani,Male,Indian National Congress,1,Graduate,/assets/placeholder-avatar.svg,75000000,8500000,0,88,60,40000000,34500000,"Rudrappa Lamani is the elected MLA representing Haveri (SC), Haveri, Karnataka."
Karnataka,Haveri,AC-KA-85,Byadgi,MLA,Basavaraj Shivannanavar,Male,Indian National Congress,1,Graduate,/assets/placeholder-avatar.svg,75000000,8500000,0,88,60,40000000,34500000,"Basavaraj Shivannanavar is the elected MLA representing Byadgi, Haveri, Karnataka."
Karnataka,Haveri,AC-KA-86,Hirekerur,MLA,U. B. Banakar,Male,Indian National Congress,1,Graduate,/assets/placeholder-avatar.svg,75000000,8500000,0,88,60,40000000,34500000,"U. B. Banakar is the elected MLA representing Hirekerur, Haveri, Karnataka."
Karnataka,Haveri,AC-KA-87,Ranebennur,MLA,Prakash Koliwad,Male,Indian National Congress,1,Graduate,/assets/placeholder-avatar.svg,75000000,8500000,0,88,60,40000000,34500000,"Prakash Koliwad is the elected MLA representing Ranebennur, Haveri, Karnataka."
Karnataka,Vijayanagara,AC-KA-88,Hoovina Hadagali (SC),MLA,Krishna Nayaka,Female,Bharatiya Janata Party,1,Graduate,/assets/placeholder-avatar.svg,75000000,8500000,0,88,60,40000000,34500000,"Krishna Nayaka is the elected MLA representing Hoovina Hadagali (SC), Vijayanagara, Karnataka."
Karnataka,Vijayanagara,AC-KA-89,Hagaribommanahalli (SC),MLA,K. Nemiraj Naik,Male,Janata Dal (Secular),1,Graduate,/assets/placeholder-avatar.svg,75000000,8500000,0,88,60,40000000,34500000,"K. Nemiraj Naik is the elected MLA representing Hagaribommanahalli (SC), Vijayanagara, Karnataka."
Karnataka,Vijayanagara,AC-KA-90,Vijayanagara,MLA,H. R. Gaviyappa,Male,Indian National Congress,1,Graduate,/assets/placeholder-avatar.svg,75000000,8500000,0,88,60,40000000,34500000,"H. R. Gaviyappa is the elected MLA representing Vijayanagara, Vijayanagara, Karnataka."
Karnataka,Ballari,AC-KA-93,Bellary (ST),MLA,B. Nagendra,Male,Indian National Congress,1,Graduate,/assets/placeholder-avatar.svg,75000000,8500000,0,88,60,40000000,34500000,"B. Nagendra is the elected MLA representing Bellary (ST), Ballari, Karnataka."
Karnataka,Vijayanagara,AC-KA-96,Kudligi (ST),MLA,N. T. Srinivas,Male,Indian National Congress,1,Graduate,/assets/placeholder-avatar.svg,75000000,8500000,0,88,60,40000000,34500000,"N. T. Srinivas is the elected MLA representing Kudligi (ST), Vijayanagara, Karnataka."
Karnataka,Chitradurga,AC-KA-97,Molakalmuru (ST),MLA,N. Y. Gopalakrishna,Male,Indian National Congress,1,Graduate,/assets/placeholder-avatar.svg,75000000,8500000,0,88,60,40000000,34500000,"N. Y. Gopalakrishna is the elected MLA representing Molakalmuru (ST), Chitradurga, Karnataka."
Karnataka,Chitradurga,AC-KA-98,Challakere (ST),MLA,T. Raghumurthy,Male,Indian National Congress,1,Graduate,/assets/placeholder-avatar.svg,75000000,8500000,0,88,60,40000000,34500000,"T. Raghumurthy is the elected MLA representing Challakere (ST), Chitradurga, Karnataka."
Karnataka,Chitradurga,AC-KA-99,Chitradurga,MLA,K. C. Veerendra Puppy,Male,Indian National Congress,1,Graduate,/assets/placeholder-avatar.svg,75000000,8500000,0,88,60,40000000,34500000,"K. C. Veerendra Puppy is the elected MLA representing Chitradurga, Chitradurga, Karnataka."
Karnataka,Chitradurga,AC-KA-100,Hiriyur,MLA,D. Sudhakar,Male,Indian National Congress,1,Graduate,/assets/placeholder-avatar.svg,75000000,8500000,0,88,60,40000000,34500000,"D. Sudhakar is the elected MLA representing Hiriyur, Chitradurga, Karnataka."
Karnataka,Chitradurga,AC-KA-101,Hosadurga,MLA,B. G. Govindappa,Male,Indian National Congress,1,Graduate,/assets/placeholder-avatar.svg,75000000,8500000,0,88,60,40000000,34500000,"B. G. Govindappa is the elected MLA representing Hosadurga, Chitradurga, Karnataka."
Karnataka,Chitradurga,AC-KA-102,Holalkere (SC),MLA,M. Chandrappa,Male,Bharatiya Janata Party,1,Graduate,/assets/placeholder-avatar.svg,75000000,8500000,0,88,60,40000000,34500000,"M. Chandrappa is the elected MLA representing Holalkere (SC), Chitradurga, Karnataka."
Karnataka,Davanagere,AC-KA-103,Jagalur (ST),MLA,B. Devendrappa,Male,Indian National Congress,1,Graduate,/assets/placeholder-avatar.svg,75000000,8500000,0,88,60,40000000,34500000,"B. Devendrappa is the elected MLA representing Jagalur (ST), Davanagere, Karnataka."
Karnataka,Vijayanagara,AC-KA-104,Harapanahalli,MLA,Latha Mallikarjun,Male,Ind,1,Graduate,/assets/placeholder-avatar.svg,75000000,8500000,0,88,60,40000000,34500000,"Latha Mallikarjun is the elected MLA representing Harapanahalli, Vijayanagara, Karnataka."
Karnataka,Davanagere,AC-KA-105,Harihar,MLA,B. P. Harish,Male,Bharatiya Janata Party,1,Graduate,/assets/placeholder-avatar.svg,75000000,8500000,0,88,60,40000000,34500000,"B. P. Harish is the elected MLA representing Harihar, Davanagere, Karnataka."
Karnataka,Davanagere,AC-KA-106,Davanagere North,MLA,S. S. Mallikarjun,Male,Indian National Congress,1,Graduate,/assets/placeholder-avatar.svg,75000000,8500000,0,88,60,40000000,34500000,"S. S. Mallikarjun is the elected MLA representing Davanagere North, Davanagere, Karnataka."
Karnataka,Davanagere,AC-KA-107,Davanagere South,MLA,Shamanuru Shivashankarappa,Male,Indian National Congress,1,Graduate,/assets/placeholder-avatar.svg,75000000,8500000,0,88,60,40000000,34500000,"Shamanuru Shivashankarappa is the elected MLA representing Davanagere South, Davanagere, Karnataka."
Karnataka,Davanagere,AC-KA-108,Mayakonda (SC),MLA,K. S. Basavanthappa,Male,Indian National Congress,1,Graduate,/assets/placeholder-avatar.svg,75000000,8500000,0,88,60,40000000,34500000,"K. S. Basavanthappa is the elected MLA representing Mayakonda (SC), Davanagere, Karnataka."
Karnataka,Davanagere,AC-KA-109,Channagiri,MLA,Basavaraju V. Shivaganga,Male,Indian National Congress,1,Graduate,/assets/placeholder-avatar.svg,75000000,8500000,0,88,60,40000000,34500000,"Basavaraju V. Shivaganga is the elected MLA representing Channagiri, Davanagere, Karnataka."
Karnataka,Davanagere,AC-KA-110,Honnali,MLA,D. G. Shanthana Gowda,Male,Indian National Congress,1,Graduate,/assets/placeholder-avatar.svg,75000000,8500000,0,88,60,40000000,34500000,"D. G. Shanthana Gowda is the elected MLA representing Honnali, Davanagere, Karnataka."
Karnataka,Shivamogga,AC-KA-114,Tirthahalli,MLA,Araga Jnanendra,Male,Bharatiya Janata Party,1,Graduate,/assets/placeholder-avatar.svg,75000000,8500000,0,88,60,40000000,34500000,"Araga Jnanendra is the elected MLA representing Tirthahalli, Shivamogga, Karnataka."
Karnataka,Udupi,AC-KA-118,Byndoor,MLA,Gururaj Gantihole,Male,Bharatiya Janata Party,1,Graduate,/assets/placeholder-avatar.svg,75000000,8500000,0,88,60,40000000,34500000,"Gururaj Gantihole is the elected MLA representing Byndoor, Udupi, Karnataka."
Karnataka,Udupi,AC-KA-119,Kundapura,MLA,Kiran Kumar Kodgi,Female,Bharatiya Janata Party,1,Graduate,/assets/placeholder-avatar.svg,75000000,8500000,0,88,60,40000000,34500000,"Kiran Kumar Kodgi is the elected MLA representing Kundapura, Udupi, Karnataka."
Karnataka,Udupi,AC-KA-120,Udupi,MLA,Yashpal Anand Suvarna,Male,Bharatiya Janata Party,1,Graduate,/assets/placeholder-avatar.svg,75000000,8500000,0,88,60,40000000,34500000,"Yashpal Anand Suvarna is the elected MLA representing Udupi, Udupi, Karnataka."
Karnataka,Udupi,AC-KA-121,Kapu,MLA,Gurme Suresh Shetty,Male,Bharatiya Janata Party,1,Graduate,/assets/placeholder-avatar.svg,75000000,8500000,0,88,60,40000000,34500000,"Gurme Suresh Shetty is the elected MLA representing Kapu, Udupi, Karnataka."
Karnataka,Udupi,AC-KA-122,Karkala,MLA,V. Sunil Kumar,Male,Bharatiya Janata Party,1,Graduate,/assets/placeholder-avatar.svg,75000000,8500000,0,88,60,40000000,34500000,"V. Sunil Kumar is the elected MLA representing Karkala, Udupi, Karnataka."
Karnataka,Chikkamagaluru,AC-KA-123,Sringeri,MLA,T. D. Rajegowda,Male,Indian National Congress,1,Graduate,/assets/placeholder-avatar.svg,75000000,8500000,0,88,60,40000000,34500000,"T. D. Rajegowda is the elected MLA representing Sringeri, Chikkamagaluru, Karnataka."
Karnataka,Chikkamagaluru,AC-KA-124,Mudigere (SC),MLA,Nayana Motamma,Male,Indian National Congress,1,Graduate,/assets/placeholder-avatar.svg,75000000,8500000,0,88,60,40000000,34500000,"Nayana Motamma is the elected MLA representing Mudigere (SC), Chikkamagaluru, Karnataka."
Karnataka,Chikkamagaluru,AC-KA-125,Chikmagalur,MLA,H. D. Thammaiah,Male,Indian National Congress,1,Graduate,/assets/placeholder-avatar.svg,75000000,8500000,0,88,60,40000000,34500000,"H. D. Thammaiah is the elected MLA representing Chikmagalur, Chikkamagaluru, Karnataka."
Karnataka,Chikkamagaluru,AC-KA-126,Tarikere,MLA,G. H. Srinivasa,Male,Indian National Congress,1,Graduate,/assets/placeholder-avatar.svg,75000000,8500000,0,88,60,40000000,34500000,"G. H. Srinivasa is the elected MLA representing Tarikere, Chikkamagaluru, Karnataka."
Karnataka,Chikkamagaluru,AC-KA-127,Kadur,MLA,K. S. Anand,Male,Indian National Congress,1,Graduate,/assets/placeholder-avatar.svg,75000000,8500000,0,88,60,40000000,34500000,"K. S. Anand is the elected MLA representing Kadur, Chikkamagaluru, Karnataka."
Karnataka,Tumakuru,AC-KA-128,Chiknayakanhalli,MLA,C. B. Suresh Babu,Male,Janata Dal (Secular),1,Graduate,/assets/placeholder-avatar.svg,75000000,8500000,0,88,60,40000000,34500000,"C. B. Suresh Babu is the elected MLA representing Chiknayakanhalli, Tumakuru, Karnataka."
Karnataka,Tumakuru,AC-KA-129,Tiptur,MLA,K. Shadakshari,Male,Indian National Congress,1,Graduate,/assets/placeholder-avatar.svg,75000000,8500000,0,88,60,40000000,34500000,"K. Shadakshari is the elected MLA representing Tiptur, Tumakuru, Karnataka."
Karnataka,Tumakuru,AC-KA-130,Turuvekere,MLA,M. T. Krishnappa,Male,Janata Dal (Secular),1,Graduate,/assets/placeholder-avatar.svg,75000000,8500000,0,88,60,40000000,34500000,"M. T. Krishnappa is the elected MLA representing Turuvekere, Tumakuru, Karnataka."
Karnataka,Tumakuru,AC-KA-131,Kunigal,MLA,H. D. Ranganath,Male,Indian National Congress,1,Graduate,/assets/placeholder-avatar.svg,75000000,8500000,0,88,60,40000000,34500000,"H. D. Ranganath is the elected MLA representing Kunigal, Tumakuru, Karnataka."
Karnataka,Tumakuru,AC-KA-132,Tumkur City,MLA,G. B. Jyothi Ganesh,Male,Bharatiya Janata Party,1,Graduate,/assets/placeholder-avatar.svg,75000000,8500000,0,88,60,40000000,34500000,"G. B. Jyothi Ganesh is the elected MLA representing Tumkur City, Tumakuru, Karnataka."
Karnataka,Tumakuru,AC-KA-133,Tumkur Rural,MLA,B. Suresh Gowda,Male,Bharatiya Janata Party,1,Graduate,/assets/placeholder-avatar.svg,75000000,8500000,0,88,60,40000000,34500000,"B. Suresh Gowda is the elected MLA representing Tumkur Rural, Tumakuru, Karnataka."
Karnataka,Tumakuru,AC-KA-134,Koratagere (SC),Deputy Chief Minister / MLA,G. Parameshwara,Male,Indian National Congress,1,Graduate,/assets/candidates/g__parameshwara.jpg,75000000,8500000,0,88,60,40000000,34500000,"G. Parameshwara is the elected MLA representing Koratagere (SC), Tumakuru, Karnataka."
Karnataka,Tumakuru,AC-KA-135,Gubbi,MLA,S. R. Srinivas,Male,Indian National Congress,1,Graduate,/assets/placeholder-avatar.svg,75000000,8500000,0,88,60,40000000,34500000,"S. R. Srinivas is the elected MLA representing Gubbi, Tumakuru, Karnataka."
Karnataka,Tumakuru,AC-KA-136,Sira,MLA,T. B. Jayachandra,Male,Indian National Congress,1,Graduate,/assets/placeholder-avatar.svg,75000000,8500000,0,88,60,40000000,34500000,"T. B. Jayachandra is the elected MLA representing Sira, Tumakuru, Karnataka."
Karnataka,Tumakuru,AC-KA-137,Pavagada (SC),MLA,H. V. Venkatesh,Male,Indian National Congress,1,Graduate,/assets/placeholder-avatar.svg,75000000,8500000,0,88,60,40000000,34500000,"H. V. Venkatesh is the elected MLA representing Pavagada (SC), Tumakuru, Karnataka."
Karnataka,Tumakuru,AC-KA-138,Madhugiri,MLA,Kyathasandra N. Rajanna,Male,Indian National Congress,1,Graduate,/assets/placeholder-avatar.svg,75000000,8500000,0,88,60,40000000,34500000,"Kyathasandra N. Rajanna is the elected MLA representing Madhugiri, Tumakuru, Karnataka."
Karnataka,Chikkaballapura,AC-KA-139,Gauribidanur,MLA,K. H. Puttaswamy Gowda,Male,Ind,1,Graduate,/assets/placeholder-avatar.svg,75000000,8500000,0,88,60,40000000,34500000,"K. H. Puttaswamy Gowda is the elected MLA representing Gauribidanur, Chikkaballapura, Karnataka."
Karnataka,Chikkaballapura,AC-KA-140,Bagepalli,MLA,S. N. Subbareddy,Male,Indian National Congress,1,Graduate,/assets/placeholder-avatar.svg,75000000,8500000,0,88,60,40000000,34500000,"S. N. Subbareddy is the elected MLA representing Bagepalli, Chikkaballapura, Karnataka."
Karnataka,Chikkaballapura,AC-KA-141,Chikkaballapur,MLA,Pradeep Eshwar,Male,Indian National Congress,1,Graduate,/assets/placeholder-avatar.svg,75000000,8500000,0,88,60,40000000,34500000,"Pradeep Eshwar is the elected MLA representing Chikkaballapur, Chikkaballapura, Karnataka."
Karnataka,Chikkaballapura,AC-KA-142,Sidlaghatta,MLA,B. N. Ravi Kumar,Male,Janata Dal (Secular),1,Graduate,/assets/placeholder-avatar.svg,75000000,8500000,0,88,60,40000000,34500000,"B. N. Ravi Kumar is the elected MLA representing Sidlaghatta, Chikkaballapura, Karnataka."
Karnataka,Chikkaballapura,AC-KA-143,Chintamani,MLA,M. C. Sudhakar,Male,Indian National Congress,1,Graduate,/assets/placeholder-avatar.svg,75000000,8500000,0,88,60,40000000,34500000,"M. C. Sudhakar is the elected MLA representing Chintamani, Chikkaballapura, Karnataka."
Karnataka,Kolar,AC-KA-144,Srinivaspur,MLA,G. K. Venkatashiva Reddy,Male,Janata Dal (Secular),1,Graduate,/assets/placeholder-avatar.svg,75000000,8500000,0,88,60,40000000,34500000,"G. K. Venkatashiva Reddy is the elected MLA representing Srinivaspur, Kolar, Karnataka."
Karnataka,Kolar,AC-KA-145,Mulbagal (SC),MLA,Samruddhi Manjunath,Male,Janata Dal (Secular),1,Graduate,/assets/placeholder-avatar.svg,75000000,8500000,0,88,60,40000000,34500000,"Samruddhi Manjunath is the elected MLA representing Mulbagal (SC), Kolar, Karnataka."
Karnataka,Kolar,AC-KA-146,Kolar Gold Field (SC),MLA,M. Roopakala,Male,Indian National Congress,1,Graduate,/assets/placeholder-avatar.svg,75000000,8500000,0,88,60,40000000,34500000,"M. Roopakala is the elected MLA representing Kolar Gold Field (SC), Kolar, Karnataka."
Karnataka,Kolar,AC-KA-147,Bangarapet (SC),MLA,S. N. Narayanaswamy,Male,Indian National Congress,1,Graduate,/assets/placeholder-avatar.svg,75000000,8500000,0,88,60,40000000,34500000,"S. N. Narayanaswamy is the elected MLA representing Bangarapet (SC), Kolar, Karnataka."
Karnataka,Kolar,AC-KA-148,Kolar,MLA,Kothur G. Manjunatha,Male,Indian National Congress,1,Graduate,/assets/placeholder-avatar.svg,75000000,8500000,0,88,60,40000000,34500000,"Kothur G. Manjunatha is the elected MLA representing Kolar, Kolar, Karnataka."
Karnataka,Kolar,AC-KA-149,Malur,MLA,K. Y. Nanjegowda,Male,Indian National Congress,1,Graduate,/assets/placeholder-avatar.svg,75000000,8500000,0,88,60,40000000,34500000,"K. Y. Nanjegowda is the elected MLA representing Malur, Kolar, Karnataka."
Karnataka,Bengaluru Urban,AC-KA-151,Krishnarajapuram,MLA,Byrati Basavaraj,Male,Bharatiya Janata Party,1,Graduate,/assets/placeholder-avatar.svg,75000000,8500000,0,88,60,40000000,34500000,"Byrati Basavaraj is the elected MLA representing Krishnarajapuram, Bengaluru Urban, Karnataka."
Karnataka,Bengaluru Urban,AC-KA-152,Byatarayanapura,MLA,Krishna Byre Gowda,Female,Indian National Congress,1,Graduate,/assets/placeholder-avatar.svg,75000000,8500000,0,88,60,40000000,34500000,"Krishna Byre Gowda is the elected MLA representing Byatarayanapura, Bengaluru Urban, Karnataka."
Karnataka,Bengaluru Urban,AC-KA-153,Yeshwantpur,MLA,S. T. Somashekhar,Male,Bharatiya Janata Party,1,Graduate,/assets/placeholder-avatar.svg,75000000,8500000,0,88,60,40000000,34500000,"S. T. Somashekhar is the elected MLA representing Yeshwantpur, Bengaluru Urban, Karnataka."
Karnataka,Bengaluru Urban,AC-KA-154,Rajarajeshwarinagar,MLA,Munirathna,Male,Bharatiya Janata Party,1,Graduate,/assets/placeholder-avatar.svg,75000000,8500000,0,88,60,40000000,34500000,"Munirathna is the elected MLA representing Rajarajeshwarinagar, Bengaluru Urban, Karnataka."
Karnataka,Bengaluru Urban,AC-KA-155,Dasarahalli,MLA,S. Muniraju,Male,Bharatiya Janata Party,1,Graduate,/assets/placeholder-avatar.svg,75000000,8500000,0,88,60,40000000,34500000,"S. Muniraju is the elected MLA representing Dasarahalli, Bengaluru Urban, Karnataka."
Karnataka,Bengaluru Urban,AC-KA-156,Mahalakshmi Layout,MLA,K. Gopalaiah,Male,Bharatiya Janata Party,1,Graduate,/assets/placeholder-avatar.svg,75000000,8500000,0,88,60,40000000,34500000,"K. Gopalaiah is the elected MLA representing Mahalakshmi Layout, Bengaluru Urban, Karnataka."
Karnataka,Bengaluru Urban,AC-KA-159,Pulakeshinagar (SC),MLA,A. C. Srinivasa,Male,Indian National Congress,1,Graduate,/assets/placeholder-avatar.svg,75000000,8500000,0,88,60,40000000,34500000,"A. C. Srinivasa is the elected MLA representing Pulakeshinagar (SC), Bengaluru Urban, Karnataka."
Karnataka,Bengaluru Urban,AC-KA-161,C. V. Raman Nagar (SC),MLA,S. Raghu,Male,Bharatiya Janata Party,1,Graduate,/assets/placeholder-avatar.svg,75000000,8500000,0,88,60,40000000,34500000,"S. Raghu is the elected MLA representing C. V. Raman Nagar (SC), Bengaluru Urban, Karnataka."
Karnataka,Bengaluru Urban,AC-KA-163,Shanti Nagar,MLA,N. A. Haris,Male,Indian National Congress,1,Graduate,/assets/placeholder-avatar.svg,75000000,8500000,0,88,60,40000000,34500000,"N. A. Haris is the elected MLA representing Shanti Nagar, Bengaluru Urban, Karnataka."
Karnataka,Bengaluru Urban,AC-KA-165,Rajaji Nagar,MLA,S. Suresh Kumar,Male,Bharatiya Janata Party,1,Graduate,/assets/placeholder-avatar.svg,75000000,8500000,0,88,60,40000000,34500000,"S. Suresh Kumar is the elected MLA representing Rajaji Nagar, Bengaluru Urban, Karnataka."
Karnataka,Bengaluru Urban,AC-KA-166,Govindraj Nagar,MLA,Priya Krishna,Female,Indian National Congress,1,Graduate,/assets/placeholder-avatar.svg,75000000,8500000,0,88,60,40000000,34500000,"Priya Krishna is the elected MLA representing Govindraj Nagar, Bengaluru Urban, Karnataka."
Karnataka,Bengaluru Urban,AC-KA-167,Vijay Nagar,MLA,M. Krishnappa,Male,Indian National Congress,1,Graduate,/assets/placeholder-avatar.svg,75000000,8500000,0,88,60,40000000,34500000,"M. Krishnappa is the elected MLA representing Vijay Nagar, Bengaluru Urban, Karnataka."
Karnataka,Bengaluru Urban,AC-KA-168,Chamrajpet,MLA,B. Z. Zameer Ahmed Khan,Male,Indian National Congress,1,Graduate,/assets/placeholder-avatar.svg,75000000,8500000,0,88,60,40000000,34500000,"B. Z. Zameer Ahmed Khan is the elected MLA representing Chamrajpet, Bengaluru Urban, Karnataka."
Karnataka,Bengaluru Urban,AC-KA-169,Chickpet,MLA,Uday Garudachar,Male,Bharatiya Janata Party,1,Graduate,/assets/placeholder-avatar.svg,75000000,8500000,0,88,60,40000000,34500000,"Uday Garudachar is the elected MLA representing Chickpet, Bengaluru Urban, Karnataka."
Karnataka,Bengaluru Urban,AC-KA-171,Padmanabhanagar,MLA,R. Ashoka,Male,Bharatiya Janata Party,1,Graduate,/assets/placeholder-avatar.svg,75000000,8500000,0,88,60,40000000,34500000,"R. Ashoka is the elected MLA representing Padmanabhanagar, Bengaluru Urban, Karnataka."
Karnataka,Bengaluru Urban,AC-KA-172,B.T.M. Layout,MLA,Ramalinga Reddy,Male,Indian National Congress,1,Graduate,/assets/placeholder-avatar.svg,75000000,8500000,0,88,60,40000000,34500000,"Ramalinga Reddy is the elected MLA representing B.T.M. Layout, Bengaluru Urban, Karnataka."
Karnataka,Bengaluru Urban,AC-KA-176,Bangalore South,MLA,M. Krishnappa,Male,Bharatiya Janata Party,1,Graduate,/assets/placeholder-avatar.svg,75000000,8500000,0,88,60,40000000,34500000,"M. Krishnappa is the elected MLA representing Bangalore South, Bengaluru Urban, Karnataka."
Karnataka,Bengaluru Urban,AC-KA-177,Anekal (SC),MLA,B. Shivanna,Male,Indian National Congress,1,Graduate,/assets/placeholder-avatar.svg,75000000,8500000,0,88,60,40000000,34500000,"B. Shivanna is the elected MLA representing Anekal (SC), Bengaluru Urban, Karnataka."
Karnataka,Bengaluru Rural,AC-KA-178,Hoskote,MLA,Sharath Kumar Bache Gowda,Male,Indian National Congress,1,Graduate,/assets/placeholder-avatar.svg,75000000,8500000,0,88,60,40000000,34500000,"Sharath Kumar Bache Gowda is the elected MLA representing Hoskote, Bengaluru Rural, Karnataka."
Karnataka,Bengaluru Rural,AC-KA-179,Devanahalli (SC),MLA,K. H. Muniyappa,Male,Indian National Congress,1,Graduate,/assets/placeholder-avatar.svg,75000000,8500000,0,88,60,40000000,34500000,"K. H. Muniyappa is the elected MLA representing Devanahalli (SC), Bengaluru Rural, Karnataka."
Karnataka,Bengaluru Rural,AC-KA-180,Doddaballapur,MLA,Dheeraj Muniraj,Male,Bharatiya Janata Party,1,Graduate,/assets/placeholder-avatar.svg,75000000,8500000,0,88,60,40000000,34500000,"Dheeraj Muniraj is the elected MLA representing Doddaballapur, Bengaluru Rural, Karnataka."
Karnataka,Bengaluru Rural,AC-KA-181,Nelamangala (SC),MLA,N. Shreenivasaiah,Male,Indian National Congress,1,Graduate,/assets/placeholder-avatar.svg,75000000,8500000,0,88,60,40000000,34500000,"N. Shreenivasaiah is the elected MLA representing Nelamangala (SC), Bengaluru Rural, Karnataka."
Karnataka,Ramanagara,AC-KA-183,Ramanagaram,MLA,H. A. Iqbal Hussain,Male,Indian National Congress,1,Graduate,/assets/placeholder-avatar.svg,75000000,8500000,0,88,60,40000000,34500000,"H. A. Iqbal Hussain is the elected MLA representing Ramanagaram, Ramanagara, Karnataka."
Karnataka,Mandya,AC-KA-186,Malavalli (SC),MLA,P. M. Narendraswamy,Male,Indian National Congress,1,Graduate,/assets/placeholder-avatar.svg,75000000,8500000,0,88,60,40000000,34500000,"P. M. Narendraswamy is the elected MLA representing Malavalli (SC), Mandya, Karnataka."
Karnataka,Mandya,AC-KA-187,Maddur,MLA,K. M. Udaya,Male,Indian National Congress,1,Graduate,/assets/placeholder-avatar.svg,75000000,8500000,0,88,60,40000000,34500000,"K. M. Udaya is the elected MLA representing Maddur, Mandya, Karnataka."
Karnataka,Mandya,AC-KA-188,Melukote,MLA,Darshan Puttannaiah,Male,Sarvodaya Karnataka Paksha,1,Graduate,/assets/placeholder-avatar.svg,75000000,8500000,0,88,60,40000000,34500000,"Darshan Puttannaiah is the elected MLA representing Melukote, Mandya, Karnataka."
Karnataka,Mandya,AC-KA-189,Mandya,MLA,Ravikumar Gowda,Male,Indian National Congress,1,Graduate,/assets/placeholder-avatar.svg,75000000,8500000,0,88,60,40000000,34500000,"Ravikumar Gowda is the elected MLA representing Mandya, Mandya, Karnataka."
Karnataka,Mandya,AC-KA-190,Shrirangapattana,MLA,Ramesha Bandisiddegowda,Male,Indian National Congress,1,Graduate,/assets/placeholder-avatar.svg,75000000,8500000,0,88,60,40000000,34500000,"Ramesha Bandisiddegowda is the elected MLA representing Shrirangapattana, Mandya, Karnataka."
Karnataka,Mandya,AC-KA-191,Nagamangala,MLA,N. Chaluvaraya Swamy,Male,Indian National Congress,1,Graduate,/assets/placeholder-avatar.svg,75000000,8500000,0,88,60,40000000,34500000,"N. Chaluvaraya Swamy is the elected MLA representing Nagamangala, Mandya, Karnataka."
Karnataka,Mandya,AC-KA-192,Krishnarajapet,MLA,H. T. Manju,Female,Janata Dal (Secular),1,Graduate,/assets/placeholder-avatar.svg,75000000,8500000,0,88,60,40000000,34500000,"H. T. Manju is the elected MLA representing Krishnarajapet, Mandya, Karnataka."
Karnataka,Hassan,AC-KA-193,Shravanabelagola,MLA,C. N. Balakrishna,Male,Janata Dal (Secular),1,Graduate,/assets/placeholder-avatar.svg,75000000,8500000,0,88,60,40000000,34500000,"C. N. Balakrishna is the elected MLA representing Shravanabelagola, Hassan, Karnataka."
Karnataka,Hassan,AC-KA-194,Arsikere,MLA,K. M. Shivalinge Gowda,Male,Indian National Congress,1,Graduate,/assets/placeholder-avatar.svg,75000000,8500000,0,88,60,40000000,34500000,"K. M. Shivalinge Gowda is the elected MLA representing Arsikere, Hassan, Karnataka."
Karnataka,Hassan,AC-KA-195,Belur,MLA,H. K. Suresh,Male,Bharatiya Janata Party,1,Graduate,/assets/placeholder-avatar.svg,75000000,8500000,0,88,60,40000000,34500000,"H. K. Suresh is the elected MLA representing Belur, Hassan, Karnataka."
Karnataka,Hassan,AC-KA-196,Hassan,MLA,Swaroop Prakash,Male,Janata Dal (Secular),1,Graduate,/assets/placeholder-avatar.svg,75000000,8500000,0,88,60,40000000,34500000,"Swaroop Prakash is the elected MLA representing Hassan, Hassan, Karnataka."
Karnataka,Hassan,AC-KA-197,Holenarasipur,MLA,H. D. Revanna,Male,Janata Dal (Secular),1,Graduate,/assets/candidates/h__d__revanna.jpg,75000000,8500000,0,88,60,40000000,34500000,"H. D. Revanna is the elected MLA representing Holenarasipur, Hassan, Karnataka."
Karnataka,Hassan,AC-KA-198,Arkalgud,MLA,A. Manju,Female,Janata Dal (Secular),1,Graduate,/assets/placeholder-avatar.svg,75000000,8500000,0,88,60,40000000,34500000,"A. Manju is the elected MLA representing Arkalgud, Hassan, Karnataka."
Karnataka,Hassan,AC-KA-199,Sakleshpur (SC),MLA,Cement Manju,Female,Bharatiya Janata Party,1,Graduate,/assets/placeholder-avatar.svg,75000000,8500000,0,88,60,40000000,34500000,"Cement Manju is the elected MLA representing Sakleshpur (SC), Hassan, Karnataka."
Karnataka,Dakshina Kannada,AC-KA-204,Mangalore,MLA,U. T. Khader,Male,Indian National Congress,1,Graduate,/assets/placeholder-avatar.svg,75000000,8500000,0,88,60,40000000,34500000,"U. T. Khader is the elected MLA representing Mangalore, Dakshina Kannada, Karnataka."
Karnataka,Dakshina Kannada,AC-KA-205,Bantval,MLA,U Rajesh Naik,Male,Bharatiya Janata Party,1,Graduate,/assets/placeholder-avatar.svg,75000000,8500000,0,88,60,40000000,34500000,"U Rajesh Naik is the elected MLA representing Bantval, Dakshina Kannada, Karnataka."
Karnataka,Kodagu,AC-KA-208,Madikeri,MLA,Mantar Gowda,Male,Indian National Congress,1,Graduate,/assets/placeholder-avatar.svg,75000000,8500000,0,88,60,40000000,34500000,"Mantar Gowda is the elected MLA representing Madikeri, Kodagu, Karnataka."
Karnataka,Kodagu,AC-KA-209,Virajpet,MLA,A. S. Ponnanna,Male,Indian National Congress,1,Graduate,/assets/placeholder-avatar.svg,75000000,8500000,0,88,60,40000000,34500000,"A. S. Ponnanna is the elected MLA representing Virajpet, Kodagu, Karnataka."
Karnataka,Mysuru,AC-KA-211,Krishnarajanagara,MLA,D. Ravishankar,Male,Indian National Congress,1,Graduate,/assets/placeholder-avatar.svg,75000000,8500000,0,88,60,40000000,34500000,"D. Ravishankar is the elected MLA representing Krishnarajanagara, Mysuru, Karnataka."
Karnataka,Mysuru,AC-KA-213,Heggadadevankote (ST),MLA,Anil Chikkamadhu,Male,Indian National Congress,1,Graduate,/assets/placeholder-avatar.svg,75000000,8500000,0,88,60,40000000,34500000,"Anil Chikkamadhu is the elected MLA representing Heggadadevankote (ST), Mysuru, Karnataka."
Karnataka,Mysuru,AC-KA-214,Nanjangud (SC),MLA,Darshan Dhruvanarayana,Male,Indian National Congress,1,Graduate,/assets/placeholder-avatar.svg,75000000,8500000,0,88,60,40000000,34500000,"Darshan Dhruvanarayana is the elected MLA representing Nanjangud (SC), Mysuru, Karnataka."
Karnataka,Chamarajanagar,AC-KA-221,Hanur,MLA,M. R. Manjunath,Male,Janata Dal (Secular),1,Graduate,/assets/placeholder-avatar.svg,75000000,8500000,0,88,60,40000000,34500000,"M. R. Manjunath is the elected MLA representing Hanur, Chamarajanagar, Karnataka."
Karnataka,Chamarajanagar,AC-KA-222,Kollegal (SC),MLA,A. R. Krishnamurthy,Male,Indian National Congress,1,Graduate,/assets/placeholder-avatar.svg,75000000,8500000,0,88,60,40000000,34500000,"A. R. Krishnamurthy is the elected MLA representing Kollegal (SC), Chamarajanagar, Karnataka."
Karnataka,Chamarajanagar,AC-KA-223,Chamarajanagar,MLA,C. Puttarangashetty,Male,Indian National Congress,1,Graduate,/assets/placeholder-avatar.svg,75000000,8500000,0,88,60,40000000,34500000,"C. Puttarangashetty is the elected MLA representing Chamarajanagar, Chamarajanagar, Karnataka."
Karnataka,Chamarajanagar,AC-KA-224,Gundlupet,MLA,H. M. Ganesh Prasad,Male,Indian National Congress,1,Graduate,/assets/placeholder-avatar.svg,75000000,8500000,0,88,60,40000000,34500000,"H. M. Ganesh Prasad is the elected MLA representing Gundlupet, Chamarajanagar, Karnataka."
Uttar Pradesh,Saharanpur,AC-UP-1,Behat,MLA,Umar Ali Khan,Male,Samajwadi Party,1,Graduate,/assets/placeholder-avatar.svg,82000000,9200000,0,89,65,50000000,44000000,"Umar Ali Khan is the elected MLA representing Behat, Saharanpur, Uttar Pradesh."
Uttar Pradesh,Saharanpur,AC-UP-2,Nakur,MLA,Mukesh Choudhary,Male,Bharatiya Janata Party,1,Graduate,/assets/placeholder-avatar.svg,82000000,9200000,0,89,65,50000000,44000000,"Mukesh Choudhary is the elected MLA representing Nakur, Saharanpur, Uttar Pradesh."
Uttar Pradesh,Saharanpur,AC-UP-3,Saharanpur Nagar,MLA,Rajiv Gumber,Male,Bharatiya Janata Party,1,Graduate,/assets/placeholder-avatar.svg,82000000,9200000,0,89,65,50000000,44000000,"Rajiv Gumber is the elected MLA representing Saharanpur Nagar, Saharanpur, Uttar Pradesh."
Uttar Pradesh,Saharanpur,AC-UP-4,Saharanpur,MLA,Ashu Malik,Male,Samajwadi Party,1,Graduate,/assets/placeholder-avatar.svg,82000000,9200000,0,89,65,50000000,44000000,"Ashu Malik is the elected MLA representing Saharanpur, Saharanpur, Uttar Pradesh."
Uttar Pradesh,Saharanpur,AC-UP-5,Deoband,MLA,Th. Brijesh Singh,Male,Bharatiya Janata Party,1,Graduate,/assets/placeholder-avatar.svg,82000000,9200000,0,89,65,50000000,44000000,"Th. Brijesh Singh is the elected MLA representing Deoband, Saharanpur, Uttar Pradesh."
Uttar Pradesh,Saharanpur,AC-UP-6,Rampur Maniharan (SC),MLA,Devendra Kumar Nim,Male,Bharatiya Janata Party,1,Graduate,/assets/placeholder-avatar.svg,82000000,9200000,0,89,65,50000000,44000000,"Devendra Kumar Nim is the elected MLA representing Rampur Maniharan (SC), Saharanpur, Uttar Pradesh."
Uttar Pradesh,Saharanpur,AC-UP-7,Gangoh,MLA,Kirat Singh,Male,Bharatiya Janata Party,1,Graduate,/assets/placeholder-avatar.svg,82000000,9200000,0,89,65,50000000,44000000,"Kirat Singh is the elected MLA representing Gangoh, Saharanpur, Uttar Pradesh."
Uttar Pradesh,Shamli,AC-UP-8,Kairana,MLA,Nahid Hasan,Male,Samajwadi Party,1,Graduate,/assets/placeholder-avatar.svg,82000000,9200000,0,89,65,50000000,44000000,"Nahid Hasan is the elected MLA representing Kairana, Shamli, Uttar Pradesh."
Uttar Pradesh,Shamli,AC-UP-9,Thana Bhawan,MLA,Ashraf Ali Khan,Male,Rashtriya Lok Dal,1,Graduate,/assets/placeholder-avatar.svg,82000000,9200000,0,89,65,50000000,44000000,"Ashraf Ali Khan is the elected MLA representing Thana Bhawan, Shamli, Uttar Pradesh."
Uttar Pradesh,Shamli,AC-UP-10,Shamli,MLA,Persann Kumar Chaudhary,Male,Rashtriya Lok Dal,1,Graduate,/assets/placeholder-avatar.svg,82000000,9200000,0,89,65,50000000,44000000,"Persann Kumar Chaudhary is the elected MLA representing Shamli, Shamli, Uttar Pradesh."
Uttar Pradesh,Muzaffarnagar,AC-UP-11,Budhana,MLA,Rajpal Singh Baliyan,Male,Rashtriya Lok Dal,1,Graduate,/assets/placeholder-avatar.svg,82000000,9200000,0,89,65,50000000,44000000,"Rajpal Singh Baliyan is the elected MLA representing Budhana, Muzaffarnagar, Uttar Pradesh."
Uttar Pradesh,Muzaffarnagar,AC-UP-12,Charthawal,MLA,Pankaj Kumar Malik,Male,Samajwadi Party,1,Graduate,/assets/placeholder-avatar.svg,82000000,9200000,0,89,65,50000000,44000000,"Pankaj Kumar Malik is the elected MLA representing Charthawal, Muzaffarnagar, Uttar Pradesh."
Uttar Pradesh,Muzaffarnagar,AC-UP-13,Purqazi (SC),MLA,Anil Kumar,Male,Rashtriya Lok Dal,1,Graduate,/assets/placeholder-avatar.svg,82000000,9200000,0,89,65,50000000,44000000,"Anil Kumar is the elected MLA representing Purqazi (SC), Muzaffarnagar, Uttar Pradesh."
Uttar Pradesh,Muzaffarnagar,AC-UP-14,Muzaffarnagar,MLA,Kapil Dev Aggarwal,Male,Bharatiya Janata Party,1,Graduate,/assets/placeholder-avatar.svg,82000000,9200000,0,89,65,50000000,44000000,"Kapil Dev Aggarwal is the elected MLA representing Muzaffarnagar, Muzaffarnagar, Uttar Pradesh."
Uttar Pradesh,Muzaffarnagar,AC-UP-15,Khatauli,MLA,Vikram Singh Saini,Male,Bharatiya Janata Party,1,Graduate,/assets/placeholder-avatar.svg,82000000,9200000,0,89,65,50000000,44000000,"Vikram Singh Saini is the elected MLA representing Khatauli, Muzaffarnagar, Uttar Pradesh."
Uttar Pradesh,Muzaffarnagar,AC-UP-16,Meerapur,MLA,Chandan Chauhan,Male,Rashtriya Lok Dal,1,Graduate,/assets/placeholder-avatar.svg,82000000,9200000,0,89,65,50000000,44000000,"Chandan Chauhan is the elected MLA representing Meerapur, Muzaffarnagar, Uttar Pradesh."
Uttar Pradesh,Bijnor,AC-UP-17,Najibabad,MLA,Tasleem Ahmad,Male,Samajwadi Party,1,Graduate,/assets/placeholder-avatar.svg,82000000,9200000,0,89,65,50000000,44000000,"Tasleem Ahmad is the elected MLA representing Najibabad, Bijnor, Uttar Pradesh."
Uttar Pradesh,Bijnor,AC-UP-18,Nagina (SC),MLA,Manoj Kumar Paras,Male,Samajwadi Party,1,Graduate,/assets/placeholder-avatar.svg,82000000,9200000,0,89,65,50000000,44000000,"Manoj Kumar Paras is the elected MLA representing Nagina (SC), Bijnor, Uttar Pradesh."
Uttar Pradesh,Bijnor,AC-UP-19,Barhapur,MLA,Kunwar Sushant Singh,Male,Bharatiya Janata Party,1,Graduate,/assets/placeholder-avatar.svg,82000000,9200000,0,89,65,50000000,44000000,"Kunwar Sushant Singh is the elected MLA representing Barhapur, Bijnor, Uttar Pradesh."
Uttar Pradesh,Bijnor,AC-UP-20,Dhampur,MLA,Ashok Kumar Rana,Male,Bharatiya Janata Party,1,Graduate,/assets/placeholder-avatar.svg,82000000,9200000,0,89,65,50000000,44000000,"Ashok Kumar Rana is the elected MLA representing Dhampur, Bijnor, Uttar Pradesh."
Uttar Pradesh,Bijnor,AC-UP-21,Nehtaur (SC),MLA,Om Kumar,Male,Bharatiya Janata Party,1,Graduate,/assets/placeholder-avatar.svg,82000000,9200000,0,89,65,50000000,44000000,"Om Kumar is the elected MLA representing Nehtaur (SC), Bijnor, Uttar Pradesh."
Uttar Pradesh,Bijnor,AC-UP-22,Bijnor,MLA,Suchi Chaudhary,Male,Bharatiya Janata Party,1,Graduate,/assets/placeholder-avatar.svg,82000000,9200000,0,89,65,50000000,44000000,"Suchi Chaudhary is the elected MLA representing Bijnor, Bijnor, Uttar Pradesh."
Uttar Pradesh,Bijnor,AC-UP-23,Chandpur,MLA,Swami Omvesh,Male,Samajwadi Party,1,Graduate,/assets/placeholder-avatar.svg,82000000,9200000,0,89,65,50000000,44000000,"Swami Omvesh is the elected MLA representing Chandpur, Bijnor, Uttar Pradesh."
Uttar Pradesh,Bijnor,AC-UP-24,Noorpur,MLA,Ram Avatar Singh,Male,Samajwadi Party,1,Graduate,/assets/placeholder-avatar.svg,82000000,9200000,0,89,65,50000000,44000000,"Ram Avatar Singh is the elected MLA representing Noorpur, Bijnor, Uttar Pradesh."
Uttar Pradesh,Moradabad,AC-UP-25,Kanth,MLA,Kamal Akhtar,Male,Samajwadi Party,1,Graduate,/assets/placeholder-avatar.svg,82000000,9200000,0,89,65,50000000,44000000,"Kamal Akhtar is the elected MLA representing Kanth, Moradabad, Uttar Pradesh."
Uttar Pradesh,Moradabad,AC-UP-26,Thakurdwara,MLA,Nawab Jan,Male,Samajwadi Party,1,Graduate,/assets/placeholder-avatar.svg,82000000,9200000,0,89,65,50000000,44000000,"Nawab Jan is the elected MLA representing Thakurdwara, Moradabad, Uttar Pradesh."
Uttar Pradesh,Moradabad,AC-UP-27,Moradabad Rural,MLA,Mohd Nasir Qureshi,Male,Samajwadi Party,1,Graduate,/assets/placeholder-avatar.svg,82000000,9200000,0,89,65,50000000,44000000,"Mohd Nasir Qureshi is the elected MLA representing Moradabad Rural, Moradabad, Uttar Pradesh."
Uttar Pradesh,Moradabad,AC-UP-28,Moradabad Nagar,MLA,Ritesh Kumar Gupta,Male,Bharatiya Janata Party,1,Graduate,/assets/placeholder-avatar.svg,82000000,9200000,0,89,65,50000000,44000000,"Ritesh Kumar Gupta is the elected MLA representing Moradabad Nagar, Moradabad, Uttar Pradesh."
Uttar Pradesh,Moradabad,AC-UP-29,Kundarki,MLA,Zia ur Rahman Barq,Male,Samajwadi Party,1,Graduate,/assets/placeholder-avatar.svg,82000000,9200000,0,89,65,50000000,44000000,"Zia ur Rahman Barq is the elected MLA representing Kundarki, Moradabad, Uttar Pradesh."
Uttar Pradesh,Moradabad,AC-UP-30,Bilari,MLA,Mohammed Faeem,Male,Samajwadi Party,1,Graduate,/assets/placeholder-avatar.svg,82000000,9200000,0,89,65,50000000,44000000,"Mohammed Faeem is the elected MLA representing Bilari, Moradabad, Uttar Pradesh."
Uttar Pradesh,Sambhal,AC-UP-31,Chandausi (SC),MLA,Gulabo Devi,Female,Bharatiya Janata Party,1,Graduate,/assets/placeholder-avatar.svg,82000000,9200000,0,89,65,50000000,44000000,"Gulabo Devi is the elected MLA representing Chandausi (SC), Sambhal, Uttar Pradesh."
Uttar Pradesh,Sambhal,AC-UP-32,Asmoli,MLA,Pinki Singh Yadav,Female,Samajwadi Party,1,Graduate,/assets/placeholder-avatar.svg,82000000,9200000,0,89,65,50000000,44000000,"Pinki Singh Yadav is the elected MLA representing Asmoli, Sambhal, Uttar Pradesh."
Uttar Pradesh,Sambhal,AC-UP-33,Sambhal,MLA,Iqbal Mehmood,Male,Samajwadi Party,1,Graduate,/assets/placeholder-avatar.svg,82000000,9200000,0,89,65,50000000,44000000,"Iqbal Mehmood is the elected MLA representing Sambhal, Sambhal, Uttar Pradesh."
Uttar Pradesh,Rampur,AC-UP-34,Suar,MLA,Abdullah Azam Khan,Male,Samajwadi Party,1,Graduate,/assets/placeholder-avatar.svg,82000000,9200000,0,89,65,50000000,44000000,"Abdullah Azam Khan is the elected MLA representing Suar, Rampur, Uttar Pradesh."
Uttar Pradesh,Rampur,AC-UP-35,Chamraua,MLA,Naseer Ahmad Khan,Male,Samajwadi Party,1,Graduate,/assets/placeholder-avatar.svg,82000000,9200000,0,89,65,50000000,44000000,"Naseer Ahmad Khan is the elected MLA representing Chamraua, Rampur, Uttar Pradesh."
Uttar Pradesh,Rampur,AC-UP-36,Bilaspur,MLA,Baldev Singh Aulakh,Male,Bharatiya Janata Party,1,Graduate,/assets/placeholder-avatar.svg,82000000,9200000,0,89,65,50000000,44000000,"Baldev Singh Aulakh is the elected MLA representing Bilaspur, Rampur, Uttar Pradesh."
Uttar Pradesh,Rampur,AC-UP-37,Rampur,MLA,Azam Khan,Male,Samajwadi Party,1,Graduate,/assets/placeholder-avatar.svg,82000000,9200000,0,89,65,50000000,44000000,"Azam Khan is the elected MLA representing Rampur, Rampur, Uttar Pradesh."
Uttar Pradesh,Rampur,AC-UP-38,Milak (SC),MLA,Rajbala,Male,Bharatiya Janata Party,1,Graduate,/assets/placeholder-avatar.svg,82000000,9200000,0,89,65,50000000,44000000,"Rajbala is the elected MLA representing Milak (SC), Rampur, Uttar Pradesh."
Uttar Pradesh,Amroha,AC-UP-39,Dhanaura (SC),MLA,Rajeev Tarara,Male,Bharatiya Janata Party,1,Graduate,/assets/placeholder-avatar.svg,82000000,9200000,0,89,65,50000000,44000000,"Rajeev Tarara is the elected MLA representing Dhanaura (SC), Amroha, Uttar Pradesh."
Uttar Pradesh,Amroha,AC-UP-40,Naugawan Sadat,MLA,Samarpal Singh,Male,Samajwadi Party,1,Graduate,/assets/placeholder-avatar.svg,82000000,9200000,0,89,65,50000000,44000000,"Samarpal Singh is the elected MLA representing Naugawan Sadat, Amroha, Uttar Pradesh."
Uttar Pradesh,Amroha,AC-UP-41,Amroha,MLA,Mehboob Ali,Male,Samajwadi Party,1,Graduate,/assets/placeholder-avatar.svg,82000000,9200000,0,89,65,50000000,44000000,"Mehboob Ali is the elected MLA representing Amroha, Amroha, Uttar Pradesh."
Uttar Pradesh,Amroha,AC-UP-42,Hasanpur,MLA,Mahender Khadakvanshi,Male,Bharatiya Janata Party,1,Graduate,/assets/placeholder-avatar.svg,82000000,9200000,0,89,65,50000000,44000000,"Mahender Khadakvanshi is the elected MLA representing Hasanpur, Amroha, Uttar Pradesh."
Uttar Pradesh,Meerut,AC-UP-43,Siwalkhas,MLA,Ghulam Mohammed,Male,Rashtriya Lok Dal,1,Graduate,/assets/placeholder-avatar.svg,82000000,9200000,0,89,65,50000000,44000000,"Ghulam Mohammed is the elected MLA representing Siwalkhas, Meerut, Uttar Pradesh."
Uttar Pradesh,Meerut,AC-UP-48,Meerut,MLA,Rafiq Ansari,Male,Samajwadi Party,1,Graduate,/assets/placeholder-avatar.svg,82000000,9200000,0,89,65,50000000,44000000,"Rafiq Ansari is the elected MLA representing Meerut, Meerut, Uttar Pradesh."
Uttar Pradesh,Baghpat,AC-UP-50,Chhaprauli,MLA,Ajay Kumar,Male,Rashtriya Lok Dal,1,Graduate,/assets/placeholder-avatar.svg,82000000,9200000,0,89,65,50000000,44000000,"Ajay Kumar is the elected MLA representing Chhaprauli, Baghpat, Uttar Pradesh."
Uttar Pradesh,Baghpat,AC-UP-51,Baraut,MLA,Krishnapal Malik,Male,Bharatiya Janata Party,1,Graduate,/assets/placeholder-avatar.svg,82000000,9200000,0,89,65,50000000,44000000,"Krishnapal Malik is the elected MLA representing Baraut, Baghpat, Uttar Pradesh."
Uttar Pradesh,Baghpat,AC-UP-52,Baghpat,MLA,Chaudhary Yogesh Dhama,Male,Bharatiya Janata Party,1,Graduate,/assets/placeholder-avatar.svg,82000000,9200000,0,89,65,50000000,44000000,"Chaudhary Yogesh Dhama is the elected MLA representing Baghpat, Baghpat, Uttar Pradesh."
Uttar Pradesh,Ghaziabad,AC-UP-53,Loni,MLA,Nand Kishor Gurjar,Male,Bharatiya Janata Party,1,Graduate,/assets/placeholder-avatar.svg,82000000,9200000,0,89,65,50000000,44000000,"Nand Kishor Gurjar is the elected MLA representing Loni, Ghaziabad, Uttar Pradesh."
Uttar Pradesh,Ghaziabad,AC-UP-54,Muradnagar,MLA,Ajit Pal Tyagi,Male,Bharatiya Janata Party,1,Graduate,/assets/placeholder-avatar.svg,82000000,9200000,0,89,65,50000000,44000000,"Ajit Pal Tyagi is the elected MLA representing Muradnagar, Ghaziabad, Uttar Pradesh."
Uttar Pradesh,Ghaziabad,AC-UP-55,Sahibabad,MLA,Sunil Kumar Sharma,Male,Bharatiya Janata Party,1,Graduate,/assets/placeholder-avatar.svg,82000000,9200000,0,89,65,50000000,44000000,"Sunil Kumar Sharma is the elected MLA representing Sahibabad, Ghaziabad, Uttar Pradesh."
Uttar Pradesh,Ghaziabad,AC-UP-56,Ghaziabad,MLA,Atul Garg,Male,Bharatiya Janata Party,1,Graduate,/assets/placeholder-avatar.svg,82000000,9200000,0,89,65,50000000,44000000,"Atul Garg is the elected MLA representing Ghaziabad, Ghaziabad, Uttar Pradesh."
Uttar Pradesh,Ghaziabad,AC-UP-57,Modinagar,MLA,Manju Shiwach,Female,Bharatiya Janata Party,1,Graduate,/assets/placeholder-avatar.svg,82000000,9200000,0,89,65,50000000,44000000,"Manju Shiwach is the elected MLA representing Modinagar, Ghaziabad, Uttar Pradesh."
Uttar Pradesh,Hapur,AC-UP-58,Dhaulana,MLA,Dharmesh Singh Tomar,Male,Bharatiya Janata Party,1,Graduate,/assets/placeholder-avatar.svg,82000000,9200000,0,89,65,50000000,44000000,"Dharmesh Singh Tomar is the elected MLA representing Dhaulana, Hapur, Uttar Pradesh."
Uttar Pradesh,Hapur,AC-UP-59,Hapur (SC),MLA,Vijay Pal Aadthi,Male,Bharatiya Janata Party,1,Graduate,/assets/placeholder-avatar.svg,82000000,9200000,0,89,65,50000000,44000000,"Vijay Pal Aadthi is the elected MLA representing Hapur (SC), Hapur, Uttar Pradesh."
Uttar Pradesh,Hapur,AC-UP-60,Garhmukteshwar,MLA,Harendra Singh Tewatia,Male,Bharatiya Janata Party,1,Graduate,/assets/placeholder-avatar.svg,82000000,9200000,0,89,65,50000000,44000000,"Harendra Singh Tewatia is the elected MLA representing Garhmukteshwar, Hapur, Uttar Pradesh."
Uttar Pradesh,Bulandshahr,AC-UP-64,Sikandrabad,MLA,Lakshmi Raj Singh,Female,Bharatiya Janata Party,1,Graduate,/assets/placeholder-avatar.svg,82000000,9200000,0,89,65,50000000,44000000,"Lakshmi Raj Singh is the elected MLA representing Sikandrabad, Bulandshahr, Uttar Pradesh."
Uttar Pradesh,Bulandshahr,AC-UP-65,Bulandshahr,MLA,Pradeep Kumar Chaudhary,Male,Bharatiya Janata Party,1,Graduate,/assets/placeholder-avatar.svg,82000000,9200000,0,89,65,50000000,44000000,"Pradeep Kumar Chaudhary is the elected MLA representing Bulandshahr, Bulandshahr, Uttar Pradesh."
Uttar Pradesh,Bulandshahr,AC-UP-66,Syana,MLA,Devendra Singh Lodhi,Male,Bharatiya Janata Party,1,Graduate,/assets/placeholder-avatar.svg,82000000,9200000,0,89,65,50000000,44000000,"Devendra Singh Lodhi is the elected MLA representing Syana, Bulandshahr, Uttar Pradesh."
Uttar Pradesh,Bulandshahr,AC-UP-67,Anupshahr,MLA,Sanjay Kumar Sharma,Male,Bharatiya Janata Party,1,Graduate,/assets/placeholder-avatar.svg,82000000,9200000,0,89,65,50000000,44000000,"Sanjay Kumar Sharma is the elected MLA representing Anupshahr, Bulandshahr, Uttar Pradesh."
Uttar Pradesh,Bulandshahr,AC-UP-68,Debai,MLA,Chandrapal Singh,Male,Bharatiya Janata Party,1,Graduate,/assets/placeholder-avatar.svg,82000000,9200000,0,89,65,50000000,44000000,"Chandrapal Singh is the elected MLA representing Debai, Bulandshahr, Uttar Pradesh."
Uttar Pradesh,Bulandshahr,AC-UP-69,Shikarpur,MLA,Anil Sharma,Male,Bharatiya Janata Party,1,Graduate,/assets/placeholder-avatar.svg,82000000,9200000,0,89,65,50000000,44000000,"Anil Sharma is the elected MLA representing Shikarpur, Bulandshahr, Uttar Pradesh."
Uttar Pradesh,Bulandshahr,AC-UP-70,Khurja (SC),MLA,Meenakshi Singh,Female,Bharatiya Janata Party,1,Graduate,/assets/placeholder-avatar.svg,82000000,9200000,0,89,65,50000000,44000000,"Meenakshi Singh is the elected MLA representing Khurja (SC), Bulandshahr, Uttar Pradesh."
Uttar Pradesh,Aligarh,AC-UP-71,Khair (SC),MLA,Anoop Pradhan,Male,Bharatiya Janata Party,1,Graduate,/assets/placeholder-avatar.svg,82000000,9200000,0,89,65,50000000,44000000,"Anoop Pradhan is the elected MLA representing Khair (SC), Aligarh, Uttar Pradesh."
Uttar Pradesh,Aligarh,AC-UP-72,Barauli,MLA,Thakur Jaivir Singh,Male,Bharatiya Janata Party,1,Graduate,/assets/placeholder-avatar.svg,82000000,9200000,0,89,65,50000000,44000000,"Thakur Jaivir Singh is the elected MLA representing Barauli, Aligarh, Uttar Pradesh."
Uttar Pradesh,Aligarh,AC-UP-73,Atrauli,MLA,Sandeep Kumar Singh,Male,Bharatiya Janata Party,1,Graduate,/assets/placeholder-avatar.svg,82000000,9200000,0,89,65,50000000,44000000,"Sandeep Kumar Singh is the elected MLA representing Atrauli, Aligarh, Uttar Pradesh."
Uttar Pradesh,Aligarh,AC-UP-74,Chharra,MLA,Ravendra Pal Singh,Male,Bharatiya Janata Party,1,Graduate,/assets/placeholder-avatar.svg,82000000,9200000,0,89,65,50000000,44000000,"Ravendra Pal Singh is the elected MLA representing Chharra, Aligarh, Uttar Pradesh."
Uttar Pradesh,Aligarh,AC-UP-75,Koil,MLA,Anil Parashar,Male,Bharatiya Janata Party,1,Graduate,/assets/placeholder-avatar.svg,82000000,9200000,0,89,65,50000000,44000000,"Anil Parashar is the elected MLA representing Koil, Aligarh, Uttar Pradesh."
Uttar Pradesh,Aligarh,AC-UP-76,Aligarh,MLA,Mukta Raja,Male,Bharatiya Janata Party,1,Graduate,/assets/placeholder-avatar.svg,82000000,9200000,0,89,65,50000000,44000000,"Mukta Raja is the elected MLA representing Aligarh, Aligarh, Uttar Pradesh."
Uttar Pradesh,Aligarh,AC-UP-77,Iglas (SC),MLA,Rajkumar Sahyogi,Male,Bharatiya Janata Party,1,Graduate,/assets/placeholder-avatar.svg,82000000,9200000,0,89,65,50000000,44000000,"Rajkumar Sahyogi is the elected MLA representing Iglas (SC), Aligarh, Uttar Pradesh."
Uttar Pradesh,Hathras,AC-UP-78,Hathras (SC),MLA,Anjula Singh Mahaur,Female,Bharatiya Janata Party,1,Graduate,/assets/placeholder-avatar.svg,82000000,9200000,0,89,65,50000000,44000000,"Anjula Singh Mahaur is the elected MLA representing Hathras (SC), Hathras, Uttar Pradesh."
Uttar Pradesh,Hathras,AC-UP-79,Sadabad,MLA,Pradeep Kumar Singh,Male,Rashtriya Lok Dal,1,Graduate,/assets/placeholder-avatar.svg,82000000,9200000,0,89,65,50000000,44000000,"Pradeep Kumar Singh is the elected MLA representing Sadabad, Hathras, Uttar Pradesh."
Uttar Pradesh,Hathras,AC-UP-80,Sikandra Rao,MLA,Birendra Singh Rana,Male,Bharatiya Janata Party,1,Graduate,/assets/placeholder-avatar.svg,82000000,9200000,0,89,65,50000000,44000000,"Birendra Singh Rana is the elected MLA representing Sikandra Rao, Hathras, Uttar Pradesh."
Uttar Pradesh,Mathura,AC-UP-83,Goverdhan,MLA,Karinda Singh,Male,Bharatiya Janata Party,1,Graduate,/assets/placeholder-avatar.svg,82000000,9200000,0,89,65,50000000,44000000,"Karinda Singh is the elected MLA representing Goverdhan, Mathura, Uttar Pradesh."
Uttar Pradesh,Mathura,AC-UP-85,Baldev (SC),MLA,Pooran Prakash,Male,Bharatiya Janata Party,1,Graduate,/assets/placeholder-avatar.svg,82000000,9200000,0,89,65,50000000,44000000,"Pooran Prakash is the elected MLA representing Baldev (SC), Mathura, Uttar Pradesh."
Uttar Pradesh,Agra,AC-UP-86,Etmadpur,MLA,Dharampal Singh,Male,Bharatiya Janata Party,1,Graduate,/assets/placeholder-avatar.svg,82000000,9200000,0,89,65,50000000,44000000,"Dharampal Singh is the elected MLA representing Etmadpur, Agra, Uttar Pradesh."
Uttar Pradesh,Agra,AC-UP-87,Agra Cantonment (SC),MLA,G S Dharmesh,Male,Bharatiya Janata Party,1,Graduate,/assets/placeholder-avatar.svg,82000000,9200000,0,89,65,50000000,44000000,"G S Dharmesh is the elected MLA representing Agra Cantonment (SC), Agra, Uttar Pradesh."
Uttar Pradesh,Agra,AC-UP-92,Kheragarh,MLA,Bhagwan Singh Kushwaha,Male,Bharatiya Janata Party,1,Graduate,/assets/placeholder-avatar.svg,82000000,9200000,0,89,65,50000000,44000000,"Bhagwan Singh Kushwaha is the elected MLA representing Kheragarh, Agra, Uttar Pradesh."
Uttar Pradesh,Firozabad,AC-UP-95,Tundla (SC),MLA,Prempal Singh Dhangar,Male,Bharatiya Janata Party,1,Graduate,/assets/placeholder-avatar.svg,82000000,9200000,0,89,65,50000000,44000000,"Prempal Singh Dhangar is the elected MLA representing Tundla (SC), Firozabad, Uttar Pradesh."
Uttar Pradesh,Firozabad,AC-UP-96,Jasrana,MLA,Sachin Yadav,Male,Samajwadi Party,1,Graduate,/assets/placeholder-avatar.svg,82000000,9200000,0,89,65,50000000,44000000,"Sachin Yadav is the elected MLA representing Jasrana, Firozabad, Uttar Pradesh."
Uttar Pradesh,Firozabad,AC-UP-97,Firozabad,MLA,Manish Asiza,Male,Bharatiya Janata Party,1,Graduate,/assets/placeholder-avatar.svg,82000000,9200000,0,89,65,50000000,44000000,"Manish Asiza is the elected MLA representing Firozabad, Firozabad, Uttar Pradesh."
Uttar Pradesh,Firozabad,AC-UP-98,Shikohabad,MLA,Mukesh Verma,Male,Samajwadi Party,1,Graduate,/assets/placeholder-avatar.svg,82000000,9200000,0,89,65,50000000,44000000,"Mukesh Verma is the elected MLA representing Shikohabad, Firozabad, Uttar Pradesh."
Uttar Pradesh,Firozabad,AC-UP-99,Sirsaganj,MLA,Sarvesh Singh Yadav,Male,Samajwadi Party,1,Graduate,/assets/placeholder-avatar.svg,82000000,9200000,0,89,65,50000000,44000000,"Sarvesh Singh Yadav is the elected MLA representing Sirsaganj, Firozabad, Uttar Pradesh."
Uttar Pradesh,Kasganj,AC-UP-100,Kasganj,MLA,Devendra Singh,Male,Bharatiya Janata Party,1,Graduate,/assets/placeholder-avatar.svg,82000000,9200000,0,89,65,50000000,44000000,"Devendra Singh is the elected MLA representing Kasganj, Kasganj, Uttar Pradesh."
Uttar Pradesh,Kasganj,AC-UP-101,Amanpur,MLA,Hariom Verma,Male,Bharatiya Janata Party,1,Graduate,/assets/placeholder-avatar.svg,82000000,9200000,0,89,65,50000000,44000000,"Hariom Verma is the elected MLA representing Amanpur, Kasganj, Uttar Pradesh."
Uttar Pradesh,Kasganj,AC-UP-102,Patiyali,MLA,Nadira Sultan,Male,Samajwadi Party,1,Graduate,/assets/placeholder-avatar.svg,82000000,9200000,0,89,65,50000000,44000000,"Nadira Sultan is the elected MLA representing Patiyali, Kasganj, Uttar Pradesh."
Uttar Pradesh,Etah,AC-UP-103,Aliganj,MLA,Satyapal Singh Rathore,Male,Bharatiya Janata Party,1,Graduate,/assets/placeholder-avatar.svg,82000000,9200000,0,89,65,50000000,44000000,"Satyapal Singh Rathore is the elected MLA representing Aliganj, Etah, Uttar Pradesh."
Uttar Pradesh,Etah,AC-UP-104,Etah,MLA,Vipin Kumar David,Male,Bharatiya Janata Party,1,Graduate,/assets/placeholder-avatar.svg,82000000,9200000,0,89,65,50000000,44000000,"Vipin Kumar David is the elected MLA representing Etah, Etah, Uttar Pradesh."
Uttar Pradesh,Etah,AC-UP-105,Marhara,MLA,Virendra Singh Lodhi,Male,Bharatiya Janata Party,1,Graduate,/assets/placeholder-avatar.svg,82000000,9200000,0,89,65,50000000,44000000,"Virendra Singh Lodhi is the elected MLA representing Marhara, Etah, Uttar Pradesh."
Uttar Pradesh,Etah,AC-UP-106,Jalesar,MLA,Sanjeev Kumar Diwakar,Male,Bharatiya Janata Party,1,Graduate,/assets/placeholder-avatar.svg,82000000,9200000,0,89,65,50000000,44000000,"Sanjeev Kumar Diwakar is the elected MLA representing Jalesar, Etah, Uttar Pradesh."
Uttar Pradesh,Sambhal,AC-UP-111,Gunnaur,MLA,Ramkhiladi Singh Yadav,Male,Samajwadi Party,1,Graduate,/assets/placeholder-avatar.svg,82000000,9200000,0,89,65,50000000,44000000,"Ramkhiladi Singh Yadav is the elected MLA representing Gunnaur, Sambhal, Uttar Pradesh."
Uttar Pradesh,Budaun,AC-UP-112,Bisauli (SC),MLA,Ashutosh Maurya,Male,Samajwadi Party,1,Graduate,/assets/placeholder-avatar.svg,82000000,9200000,0,89,65,50000000,44000000,"Ashutosh Maurya is the elected MLA representing Bisauli (SC), Budaun, Uttar Pradesh."
Uttar Pradesh,Budaun,AC-UP-113,Sahaswan,MLA,Brajesh Yadav,Male,Samajwadi Party,1,Graduate,/assets/placeholder-avatar.svg,82000000,9200000,0,89,65,50000000,44000000,"Brajesh Yadav is the elected MLA representing Sahaswan, Budaun, Uttar Pradesh."
Uttar Pradesh,Budaun,AC-UP-114,Bilsi,MLA,Harish Chandra Shakya,Male,Bharatiya Janata Party,1,Graduate,/assets/placeholder-avatar.svg,82000000,9200000,0,89,65,50000000,44000000,"Harish Chandra Shakya is the elected MLA representing Bilsi, Budaun, Uttar Pradesh."
Uttar Pradesh,Budaun,AC-UP-115,Badaun,MLA,Mahesh Chandra Gupta,Male,Bharatiya Janata Party,1,Graduate,/assets/placeholder-avatar.svg,82000000,9200000,0,89,65,50000000,44000000,"Mahesh Chandra Gupta is the elected MLA representing Badaun, Budaun, Uttar Pradesh."
Uttar Pradesh,Budaun,AC-UP-116,Shekhupur,MLA,Himanshu Yadav,Male,Samajwadi Party,1,Graduate,/assets/placeholder-avatar.svg,82000000,9200000,0,89,65,50000000,44000000,"Himanshu Yadav is the elected MLA representing Shekhupur, Budaun, Uttar Pradesh."
Uttar Pradesh,Budaun,AC-UP-117,Dataganj,MLA,Rajeev Kumar Singh,Male,Bharatiya Janata Party,1,Graduate,/assets/placeholder-avatar.svg,82000000,9200000,0,89,65,50000000,44000000,"Rajeev Kumar Singh is the elected MLA representing Dataganj, Budaun, Uttar Pradesh."
Uttar Pradesh,Bareilly,AC-UP-118,Baheri,MLA,Ataur Rehman,Male,Samajwadi Party,1,Graduate,/assets/placeholder-avatar.svg,82000000,9200000,0,89,65,50000000,44000000,"Ataur Rehman is the elected MLA representing Baheri, Bareilly, Uttar Pradesh."
Uttar Pradesh,Bareilly,AC-UP-119,Meerganj,MLA,DC Verma,Male,Bharatiya Janata Party,1,Graduate,/assets/placeholder-avatar.svg,82000000,9200000,0,89,65,50000000,44000000,"DC Verma is the elected MLA representing Meerganj, Bareilly, Uttar Pradesh."
Uttar Pradesh,Bareilly,AC-UP-120,Bhojipura,MLA,Shazil Islam Ansari,Male,Samajwadi Party,1,Graduate,/assets/placeholder-avatar.svg,82000000,9200000,0,89,65,50000000,44000000,"Shazil Islam Ansari is the elected MLA representing Bhojipura, Bareilly, Uttar Pradesh."
Uttar Pradesh,Bareilly,AC-UP-121,Nawabganj,MLA,Dr. M. P. Arya Gangwar,Male,Bharatiya Janata Party,1,Graduate,/assets/placeholder-avatar.svg,82000000,9200000,0,89,65,50000000,44000000,"Dr. M. P. Arya Gangwar is the elected MLA representing Nawabganj, Bareilly, Uttar Pradesh."
Uttar Pradesh,Bareilly,AC-UP-122,Faridpur (SC),MLA,Shyam Bihari Lal,Male,Bharatiya Janata Party,1,Graduate,/assets/placeholder-avatar.svg,82000000,9200000,0,89,65,50000000,44000000,"Shyam Bihari Lal is the elected MLA representing Faridpur (SC), Bareilly, Uttar Pradesh."
Uttar Pradesh,Bareilly,AC-UP-123,Bithari Chainpur,MLA,Raghavendra Sharma,Male,Bharatiya Janata Party,1,Graduate,/assets/placeholder-avatar.svg,82000000,9200000,0,89,65,50000000,44000000,"Raghavendra Sharma is the elected MLA representing Bithari Chainpur, Bareilly, Uttar Pradesh."
Uttar Pradesh,Bareilly,AC-UP-124,Bareilly,MLA,Dr. Arun Kumar Saxena,Male,Bharatiya Janata Party,1,Graduate,/assets/placeholder-avatar.svg,82000000,9200000,0,89,65,50000000,44000000,"Dr. Arun Kumar Saxena is the elected MLA representing Bareilly, Bareilly, Uttar Pradesh."
Uttar Pradesh,Bareilly,AC-UP-125,Bareilly Cantt,MLA,Sanjeev Agarwal,Male,Bharatiya Janata Party,1,Graduate,/assets/placeholder-avatar.svg,82000000,9200000,0,89,65,50000000,44000000,"Sanjeev Agarwal is the elected MLA representing Bareilly Cantt, Bareilly, Uttar Pradesh."
Uttar Pradesh,Bareilly,AC-UP-126,Aonla,MLA,Dharampal Singh,Male,Bharatiya Janata Party,1,Graduate,/assets/placeholder-avatar.svg,82000000,9200000,0,89,65,50000000,44000000,"Dharampal Singh is the elected MLA representing Aonla, Bareilly, Uttar Pradesh."
Uttar Pradesh,Pilibhit,AC-UP-127,Pilibhit,MLA,Sanjay Singh Gangwar,Male,Bharatiya Janata Party,1,Graduate,/assets/placeholder-avatar.svg,82000000,9200000,0,89,65,50000000,44000000,"Sanjay Singh Gangwar is the elected MLA representing Pilibhit, Pilibhit, Uttar Pradesh."
Uttar Pradesh,Pilibhit,AC-UP-128,Barkhera,MLA,Swami Pravaktanand,Male,Bharatiya Janata Party,1,Graduate,/assets/placeholder-avatar.svg,82000000,9200000,0,89,65,50000000,44000000,"Swami Pravaktanand is the elected MLA representing Barkhera, Pilibhit, Uttar Pradesh."
Uttar Pradesh,Pilibhit,AC-UP-129,Puranpur (SC),MLA,Babu Ram Paswan,Male,Bharatiya Janata Party,1,Graduate,/assets/placeholder-avatar.svg,82000000,9200000,0,89,65,50000000,44000000,"Babu Ram Paswan is the elected MLA representing Puranpur (SC), Pilibhit, Uttar Pradesh."
Uttar Pradesh,Pilibhit,AC-UP-130,Bisalpur,MLA,Vivek Kumar Verma,Male,Bharatiya Janata Party,1,Graduate,/assets/placeholder-avatar.svg,82000000,9200000,0,89,65,50000000,44000000,"Vivek Kumar Verma is the elected MLA representing Bisalpur, Pilibhit, Uttar Pradesh."
Uttar Pradesh,Shahjahanpur,AC-UP-131,Katra,MLA,Veer Vikram Singh,Male,Bharatiya Janata Party,1,Graduate,/assets/placeholder-avatar.svg,82000000,9200000,0,89,65,50000000,44000000,"Veer Vikram Singh is the elected MLA representing Katra, Shahjahanpur, Uttar Pradesh."
Uttar Pradesh,Shahjahanpur,AC-UP-132,Jalalabad,MLA,Hari Prakash Verma,Male,Bharatiya Janata Party,1,Graduate,/assets/placeholder-avatar.svg,82000000,9200000,0,89,65,50000000,44000000,"Hari Prakash Verma is the elected MLA representing Jalalabad, Shahjahanpur, Uttar Pradesh."
Uttar Pradesh,Shahjahanpur,AC-UP-133,Tilhar,MLA,Salona Kushwaha,Male,Bharatiya Janata Party,1,Graduate,/assets/placeholder-avatar.svg,82000000,9200000,0,89,65,50000000,44000000,"Salona Kushwaha is the elected MLA representing Tilhar, Shahjahanpur, Uttar Pradesh."
Uttar Pradesh,Shahjahanpur,AC-UP-134,Powayan (SC),MLA,Chetram Pasi,Male,Bharatiya Janata Party,1,Graduate,/assets/placeholder-avatar.svg,82000000,9200000,0,89,65,50000000,44000000,"Chetram Pasi is the elected MLA representing Powayan (SC), Shahjahanpur, Uttar Pradesh."
Uttar Pradesh,Shahjahanpur,AC-UP-135,Shahjahanpur,MLA,Suresh Kumar Khanna,Male,Bharatiya Janata Party,1,Graduate,/assets/placeholder-avatar.svg,82000000,9200000,0,89,65,50000000,44000000,"Suresh Kumar Khanna is the elected MLA representing Shahjahanpur, Shahjahanpur, Uttar Pradesh."
Uttar Pradesh,Shahjahanpur,AC-UP-136,Dadraul,MLA,Manvendra Singh,Male,Bharatiya Janata Party,1,Graduate,/assets/placeholder-avatar.svg,82000000,9200000,0,89,65,50000000,44000000,"Manvendra Singh is the elected MLA representing Dadraul, Shahjahanpur, Uttar Pradesh."
Uttar Pradesh,Lakhimpur Kheri,AC-UP-137,Palia,MLA,Harvindar Kumar Sahani,Male,Bharatiya Janata Party,1,Graduate,/assets/placeholder-avatar.svg,82000000,9200000,0,89,65,50000000,44000000,"Harvindar Kumar Sahani is the elected MLA representing Palia, Lakhimpur Kheri, Uttar Pradesh."
Uttar Pradesh,Lakhimpur Kheri,AC-UP-138,Nighasan,MLA,Shashank Verma,Male,Bharatiya Janata Party,1,Graduate,/assets/placeholder-avatar.svg,82000000,9200000,0,89,65,50000000,44000000,"Shashank Verma is the elected MLA representing Nighasan, Lakhimpur Kheri, Uttar Pradesh."
Uttar Pradesh,Lakhimpur Kheri,AC-UP-139,Gola Gokrannath,MLA,Arvind Giri,Male,Bharatiya Janata Party,1,Graduate,/assets/placeholder-avatar.svg,82000000,9200000,0,89,65,50000000,44000000,"Arvind Giri is the elected MLA representing Gola Gokrannath, Lakhimpur Kheri, Uttar Pradesh."
Uttar Pradesh,Lakhimpur Kheri,AC-UP-140,Sri Nagar (SC),MLA,Manju Tyagi,Female,Bharatiya Janata Party,1,Graduate,/assets/placeholder-avatar.svg,82000000,9200000,0,89,65,50000000,44000000,"Manju Tyagi is the elected MLA representing Sri Nagar (SC), Lakhimpur Kheri, Uttar Pradesh."
Uttar Pradesh,Lakhimpur Kheri,AC-UP-141,Dhaurahra,MLA,Vinod Shankar Awasthi,Male,Bharatiya Janata Party,1,Graduate,/assets/placeholder-avatar.svg,82000000,9200000,0,89,65,50000000,44000000,"Vinod Shankar Awasthi is the elected MLA representing Dhaurahra, Lakhimpur Kheri, Uttar Pradesh."
Uttar Pradesh,Lakhimpur Kheri,AC-UP-142,Lakhimpur,MLA,Yogesh Verma,Male,Bharatiya Janata Party,1,Graduate,/assets/placeholder-avatar.svg,82000000,9200000,0,89,65,50000000,44000000,"Yogesh Verma is the elected MLA representing Lakhimpur, Lakhimpur Kheri, Uttar Pradesh."
Uttar Pradesh,Lakhimpur Kheri,AC-UP-143,Kasta (SC),MLA,Saurabh Singh,Male,Bharatiya Janata Party,1,Graduate,/assets/placeholder-avatar.svg,82000000,9200000,0,89,65,50000000,44000000,"Saurabh Singh is the elected MLA representing Kasta (SC), Lakhimpur Kheri, Uttar Pradesh."
Uttar Pradesh,Lakhimpur Kheri,AC-UP-144,Mohammdi,MLA,Lokendra Pratap Singh,Male,Bharatiya Janata Party,1,Graduate,/assets/placeholder-avatar.svg,82000000,9200000,0,89,65,50000000,44000000,"Lokendra Pratap Singh is the elected MLA representing Mohammdi, Lakhimpur Kheri, Uttar Pradesh."
Uttar Pradesh,Sitapur,AC-UP-145,Maholi,MLA,Shashank Trivedi,Male,Bharatiya Janata Party,1,Graduate,/assets/placeholder-avatar.svg,82000000,9200000,0,89,65,50000000,44000000,"Shashank Trivedi is the elected MLA representing Maholi, Sitapur, Uttar Pradesh."
Uttar Pradesh,Sitapur,AC-UP-146,Sitapur,MLA,Rakesh Rathour,Male,Bharatiya Janata Party,1,Graduate,/assets/placeholder-avatar.svg,82000000,9200000,0,89,65,50000000,44000000,"Rakesh Rathour is the elected MLA representing Sitapur, Sitapur, Uttar Pradesh."
Uttar Pradesh,Sitapur,AC-UP-147,Hargaon (SC),MLA,Suresh Rahi,Male,Bharatiya Janata Party,1,Graduate,/assets/placeholder-avatar.svg,82000000,9200000,0,89,65,50000000,44000000,"Suresh Rahi is the elected MLA representing Hargaon (SC), Sitapur, Uttar Pradesh."
Uttar Pradesh,Sitapur,AC-UP-148,Laharpur,MLA,Anil Kumar Verma,Male,Samajwadi Party,1,Graduate,/assets/placeholder-avatar.svg,82000000,9200000,0,89,65,50000000,44000000,"Anil Kumar Verma is the elected MLA representing Laharpur, Sitapur, Uttar Pradesh."
Uttar Pradesh,Sitapur,AC-UP-149,Biswan,MLA,Nirmal Verma,Male,Bharatiya Janata Party,1,Graduate,/assets/placeholder-avatar.svg,82000000,9200000,0,89,65,50000000,44000000,"Nirmal Verma is the elected MLA representing Biswan, Sitapur, Uttar Pradesh."
Uttar Pradesh,Sitapur,AC-UP-150,Sevata,MLA,Gyan Tiwari,Male,Bharatiya Janata Party,1,Graduate,/assets/placeholder-avatar.svg,82000000,9200000,0,89,65,50000000,44000000,"Gyan Tiwari is the elected MLA representing Sevata, Sitapur, Uttar Pradesh."
Uttar Pradesh,Sitapur,AC-UP-151,Mahmoodabad,MLA,Asha Maurya,Female,Bharatiya Janata Party,1,Graduate,/assets/placeholder-avatar.svg,82000000,9200000,0,89,65,50000000,44000000,"Asha Maurya is the elected MLA representing Mahmoodabad, Sitapur, Uttar Pradesh."
Uttar Pradesh,Sitapur,AC-UP-152,Sidhauli (SC),MLA,Manish Rawat,Male,Bharatiya Janata Party,1,Graduate,/assets/placeholder-avatar.svg,82000000,9200000,0,89,65,50000000,44000000,"Manish Rawat is the elected MLA representing Sidhauli (SC), Sitapur, Uttar Pradesh."
Uttar Pradesh,Sitapur,AC-UP-153,Misrikh (SC),MLA,Ramkrishna Bhargava,Male,Bharatiya Janata Party,1,Graduate,/assets/placeholder-avatar.svg,82000000,9200000,0,89,65,50000000,44000000,"Ramkrishna Bhargava is the elected MLA representing Misrikh (SC), Sitapur, Uttar Pradesh."
Uttar Pradesh,Hardoi,AC-UP-154,Sawayazpur,MLA,Madhavendra Pratap,Male,Bharatiya Janata Party,1,Graduate,/assets/placeholder-avatar.svg,82000000,9200000,0,89,65,50000000,44000000,"Madhavendra Pratap is the elected MLA representing Sawayazpur, Hardoi, Uttar Pradesh."
Uttar Pradesh,Hardoi,AC-UP-155,Shahabad,MLA,Rajani Tiwari,Female,Bharatiya Janata Party,1,Graduate,/assets/placeholder-avatar.svg,82000000,9200000,0,89,65,50000000,44000000,"Rajani Tiwari is the elected MLA representing Shahabad, Hardoi, Uttar Pradesh."
Uttar Pradesh,Hardoi,AC-UP-156,Hardoi,MLA,Nitin Agarwal,Male,Bharatiya Janata Party,1,Graduate,/assets/placeholder-avatar.svg,82000000,9200000,0,89,65,50000000,44000000,"Nitin Agarwal is the elected MLA representing Hardoi, Hardoi, Uttar Pradesh."
Uttar Pradesh,Hardoi,AC-UP-157,Gopamau (SC),MLA,Shyam Prakash,Male,Bharatiya Janata Party,1,Graduate,/assets/placeholder-avatar.svg,82000000,9200000,0,89,65,50000000,44000000,"Shyam Prakash is the elected MLA representing Gopamau (SC), Hardoi, Uttar Pradesh."
Uttar Pradesh,Hardoi,AC-UP-158,Sandi (SC),MLA,Prabhash Kumar,Male,Bharatiya Janata Party,1,Graduate,/assets/placeholder-avatar.svg,82000000,9200000,0,89,65,50000000,44000000,"Prabhash Kumar is the elected MLA representing Sandi (SC), Hardoi, Uttar Pradesh."
Uttar Pradesh,Hardoi,AC-UP-159,Bilgram-Mallanwan,MLA,Ashish Kumar Singh,Male,Bharatiya Janata Party,1,Graduate,/assets/placeholder-avatar.svg,82000000,9200000,0,89,65,50000000,44000000,"Ashish Kumar Singh is the elected MLA representing Bilgram-Mallanwan, Hardoi, Uttar Pradesh."
Uttar Pradesh,Hardoi,AC-UP-160,Balamau (SC),MLA,Ram Pal Verma,Male,Bharatiya Janata Party,1,Graduate,/assets/placeholder-avatar.svg,82000000,9200000,0,89,65,50000000,44000000,"Ram Pal Verma is the elected MLA representing Balamau (SC), Hardoi, Uttar Pradesh."
Uttar Pradesh,Hardoi,AC-UP-161,Sandila,MLA,Alka Singh Arkvanshi,Female,Bharatiya Janata Party,1,Graduate,/assets/placeholder-avatar.svg,82000000,9200000,0,89,65,50000000,44000000,"Alka Singh Arkvanshi is the elected MLA representing Sandila, Hardoi, Uttar Pradesh."
Uttar Pradesh,Unnao,AC-UP-162,Bangarmau,MLA,Shrikant Katiyar,Male,Bharatiya Janata Party,1,Graduate,/assets/placeholder-avatar.svg,82000000,9200000,0,89,65,50000000,44000000,"Shrikant Katiyar is the elected MLA representing Bangarmau, Unnao, Uttar Pradesh."
Uttar Pradesh,Unnao,AC-UP-163,Safipur (SC),MLA,Bamba Lal Diwakar,Male,Bharatiya Janata Party,1,Graduate,/assets/placeholder-avatar.svg,82000000,9200000,0,89,65,50000000,44000000,"Bamba Lal Diwakar is the elected MLA representing Safipur (SC), Unnao, Uttar Pradesh."
Uttar Pradesh,Unnao,AC-UP-164,Mohan (SC),MLA,Brijesh Kumar Rawat,Male,Bharatiya Janata Party,1,Graduate,/assets/placeholder-avatar.svg,82000000,9200000,0,89,65,50000000,44000000,"Brijesh Kumar Rawat is the elected MLA representing Mohan (SC), Unnao, Uttar Pradesh."
Uttar Pradesh,Unnao,AC-UP-165,Unnao,MLA,Pankaj Gupta,Male,Bharatiya Janata Party,1,Graduate,/assets/placeholder-avatar.svg,82000000,9200000,0,89,65,50000000,44000000,"Pankaj Gupta is the elected MLA representing Unnao, Unnao, Uttar Pradesh."
Uttar Pradesh,Unnao,AC-UP-166,Bhagwantnagar,MLA,Ashutosh Shukla,Male,Bharatiya Janata Party,1,Graduate,/assets/placeholder-avatar.svg,82000000,9200000,0,89,65,50000000,44000000,"Ashutosh Shukla is the elected MLA representing Bhagwantnagar, Unnao, Uttar Pradesh."
Uttar Pradesh,Unnao,AC-UP-167,Purwa,MLA,Anil Kumar Singh,Male,Bharatiya Janata Party,1,Graduate,/assets/placeholder-avatar.svg,82000000,9200000,0,89,65,50000000,44000000,"Anil Kumar Singh is the elected MLA representing Purwa, Unnao, Uttar Pradesh."
Uttar Pradesh,Lucknow,AC-UP-175,Lucknow Cantonment,Deputy Chief Minister / MLA,Brajesh Pathak,Male,Bharatiya Janata Party,1,Graduate,/assets/placeholder-avatar.svg,82000000,9200000,0,89,65,50000000,44000000,"Brajesh Pathak is the elected MLA representing Lucknow Cantonment, Lucknow, Uttar Pradesh."
Uttar Pradesh,Raebareli,AC-UP-177,Bachhrawan (SC),MLA,Shyam Sunder Bharti,Female,Samajwadi Party,1,Graduate,/assets/placeholder-avatar.svg,82000000,9200000,0,89,65,50000000,44000000,"Shyam Sunder Bharti is the elected MLA representing Bachhrawan (SC), Raebareli, Uttar Pradesh."
Uttar Pradesh,Amethi,AC-UP-178,Tiloi,MLA,Mayankeshwar Sharan Singh,Male,Bharatiya Janata Party,1,Graduate,/assets/placeholder-avatar.svg,82000000,9200000,0,89,65,50000000,44000000,"Mayankeshwar Sharan Singh is the elected MLA representing Tiloi, Amethi, Uttar Pradesh."
Uttar Pradesh,Raebareli,AC-UP-179,Harchandpur,MLA,Rahul Rajpoot,Male,Samajwadi Party,1,Graduate,/assets/placeholder-avatar.svg,82000000,9200000,0,89,65,50000000,44000000,"Rahul Rajpoot is the elected MLA representing Harchandpur, Raebareli, Uttar Pradesh."
Uttar Pradesh,Raebareli,AC-UP-180,Rae Bareli,MLA,Aditi Singh,Female,Bharatiya Janata Party,1,Graduate,/assets/placeholder-avatar.svg,82000000,9200000,0,89,65,50000000,44000000,"Aditi Singh is the elected MLA representing Rae Bareli, Raebareli, Uttar Pradesh."
Uttar Pradesh,Raebareli,AC-UP-181,Salon (SC),MLA,Ashok Kori,Male,Bharatiya Janata Party,1,Graduate,/assets/placeholder-avatar.svg,82000000,9200000,0,89,65,50000000,44000000,"Ashok Kori is the elected MLA representing Salon (SC), Raebareli, Uttar Pradesh."
Uttar Pradesh,Raebareli,AC-UP-182,Sareni,MLA,Devendra Pratap Singh,Male,Samajwadi Party,1,Graduate,/assets/placeholder-avatar.svg,82000000,9200000,0,89,65,50000000,44000000,"Devendra Pratap Singh is the elected MLA representing Sareni, Raebareli, Uttar Pradesh."
Uttar Pradesh,Raebareli,AC-UP-183,Unchahar,MLA,Manoj Kumar Pandey,Male,Samajwadi Party,1,Graduate,/assets/placeholder-avatar.svg,82000000,9200000,0,89,65,50000000,44000000,"Manoj Kumar Pandey is the elected MLA representing Unchahar, Raebareli, Uttar Pradesh."
Uttar Pradesh,Amethi,AC-UP-184,Jagdishpur (SC),MLA,Suresh Kumar,Male,Bharatiya Janata Party,1,Graduate,/assets/placeholder-avatar.svg,82000000,9200000,0,89,65,50000000,44000000,"Suresh Kumar is the elected MLA representing Jagdishpur (SC), Amethi, Uttar Pradesh."
Uttar Pradesh,Amethi,AC-UP-185,Gauriganj,MLA,Rakesh Pratap Singh,Male,Samajwadi Party,1,Graduate,/assets/placeholder-avatar.svg,82000000,9200000,0,89,65,50000000,44000000,"Rakesh Pratap Singh is the elected MLA representing Gauriganj, Amethi, Uttar Pradesh."
Uttar Pradesh,Amethi,AC-UP-186,Amethi,MLA,Maharaji Prajapati,Male,Samajwadi Party,1,Graduate,/assets/placeholder-avatar.svg,82000000,9200000,0,89,65,50000000,44000000,"Maharaji Prajapati is the elected MLA representing Amethi, Amethi, Uttar Pradesh."
Uttar Pradesh,Sultanpur,AC-UP-187,Isauli,MLA,Mohammad Tahir Khan,Male,Samajwadi Party,1,Graduate,/assets/placeholder-avatar.svg,82000000,9200000,0,89,65,50000000,44000000,"Mohammad Tahir Khan is the elected MLA representing Isauli, Sultanpur, Uttar Pradesh."
Uttar Pradesh,Sultanpur,AC-UP-188,Sultanpur,MLA,Vinod Singh,Male,Bharatiya Janata Party,1,Graduate,/assets/placeholder-avatar.svg,82000000,9200000,0,89,65,50000000,44000000,"Vinod Singh is the elected MLA representing Sultanpur, Sultanpur, Uttar Pradesh."
Uttar Pradesh,Sultanpur,AC-UP-189,Sadar,MLA,Raj Prasad Upadhyay,Male,Bharatiya Janata Party,1,Graduate,/assets/placeholder-avatar.svg,82000000,9200000,0,89,65,50000000,44000000,"Raj Prasad Upadhyay is the elected MLA representing Sadar, Sultanpur, Uttar Pradesh."
Uttar Pradesh,Sultanpur,AC-UP-190,Lambhua,MLA,Sitaram Verma,Male,Bharatiya Janata Party,1,Graduate,/assets/placeholder-avatar.svg,82000000,9200000,0,89,65,50000000,44000000,"Sitaram Verma is the elected MLA representing Lambhua, Sultanpur, Uttar Pradesh."
Uttar Pradesh,Sultanpur,AC-UP-191,Kadipur (SC),MLA,Rajesh Gautam,Male,Bharatiya Janata Party,1,Graduate,/assets/placeholder-avatar.svg,82000000,9200000,0,89,65,50000000,44000000,"Rajesh Gautam is the elected MLA representing Kadipur (SC), Sultanpur, Uttar Pradesh."
Uttar Pradesh,Farrukhabad,AC-UP-192,Kaimganj,MLA,Dr. Surabhi Singh,Male,Apna Dal (Sonelal),1,Graduate,/assets/placeholder-avatar.svg,82000000,9200000,0,89,65,50000000,44000000,"Dr. Surabhi Singh is the elected MLA representing Kaimganj, Farrukhabad, Uttar Pradesh."
Uttar Pradesh,Farrukhabad,AC-UP-193,Amritpur,MLA,Sushil Kumar Shakya,Male,Bharatiya Janata Party,1,Graduate,/assets/placeholder-avatar.svg,82000000,9200000,0,89,65,50000000,44000000,"Sushil Kumar Shakya is the elected MLA representing Amritpur, Farrukhabad, Uttar Pradesh."
Uttar Pradesh,Farrukhabad,AC-UP-194,Farrukhabad,MLA,Sunil Dutt Dwivedi,Male,Bharatiya Janata Party,1,Graduate,/assets/placeholder-avatar.svg,82000000,9200000,0,89,65,50000000,44000000,"Sunil Dutt Dwivedi is the elected MLA representing Farrukhabad, Farrukhabad, Uttar Pradesh."
Uttar Pradesh,Farrukhabad,AC-UP-195,Bhojpur,MLA,Nagendra Singh Rathore,Male,Bharatiya Janata Party,1,Graduate,/assets/placeholder-avatar.svg,82000000,9200000,0,89,65,50000000,44000000,"Nagendra Singh Rathore is the elected MLA representing Bhojpur, Farrukhabad, Uttar Pradesh."
Uttar Pradesh,Kannauj,AC-UP-196,Chhibramau,MLA,Archana Pandey,Female,Bharatiya Janata Party,1,Graduate,/assets/placeholder-avatar.svg,82000000,9200000,0,89,65,50000000,44000000,"Archana Pandey is the elected MLA representing Chhibramau, Kannauj, Uttar Pradesh."
Uttar Pradesh,Kannauj,AC-UP-197,Tirwa,MLA,Kailash Singh Rajput,Male,Bharatiya Janata Party,1,Graduate,/assets/placeholder-avatar.svg,82000000,9200000,0,89,65,50000000,44000000,"Kailash Singh Rajput is the elected MLA representing Tirwa, Kannauj, Uttar Pradesh."
Uttar Pradesh,Kannauj,AC-UP-198,Kannauj (SC),MLA,Asim Arun,Male,Bharatiya Janata Party,1,Graduate,/assets/placeholder-avatar.svg,82000000,9200000,0,89,65,50000000,44000000,"Asim Arun is the elected MLA representing Kannauj (SC), Kannauj, Uttar Pradesh."
Uttar Pradesh,Etawah,AC-UP-199,Jaswantnagar,MLA,Shivpal Singh Yadav,Male,Samajwadi Party,1,Graduate,/assets/placeholder-avatar.svg,82000000,9200000,0,89,65,50000000,44000000,"Shivpal Singh Yadav is the elected MLA representing Jaswantnagar, Etawah, Uttar Pradesh."
Uttar Pradesh,Etawah,AC-UP-200,Etawah,MLA,Sarita Bhadauria,Female,Bharatiya Janata Party,1,Graduate,/assets/placeholder-avatar.svg,82000000,9200000,0,89,65,50000000,44000000,"Sarita Bhadauria is the elected MLA representing Etawah, Etawah, Uttar Pradesh."
Uttar Pradesh,Etawah,AC-UP-201,Bharthana (SC),MLA,Raghvendra Kumar Singh,Male,Samajwadi Party,1,Graduate,/assets/placeholder-avatar.svg,82000000,9200000,0,89,65,50000000,44000000,"Raghvendra Kumar Singh is the elected MLA representing Bharthana (SC), Etawah, Uttar Pradesh."
Uttar Pradesh,Auraiya,AC-UP-202,Bidhuna,MLA,Rekha Verma,Female,Samajwadi Party,1,Graduate,/assets/placeholder-avatar.svg,82000000,9200000,0,89,65,50000000,44000000,"Rekha Verma is the elected MLA representing Bidhuna, Auraiya, Uttar Pradesh."
Uttar Pradesh,Auraiya,AC-UP-203,Dibiyapur,MLA,Pradeep Kumar Yadav,Male,Samajwadi Party,1,Graduate,/assets/placeholder-avatar.svg,82000000,9200000,0,89,65,50000000,44000000,"Pradeep Kumar Yadav is the elected MLA representing Dibiyapur, Auraiya, Uttar Pradesh."
Uttar Pradesh,Auraiya,AC-UP-204,Auraiya (SC),MLA,Gudiya Katheriya,Male,Bharatiya Janata Party,1,Graduate,/assets/placeholder-avatar.svg,82000000,9200000,0,89,65,50000000,44000000,"Gudiya Katheriya is the elected MLA representing Auraiya (SC), Auraiya, Uttar Pradesh."
Uttar Pradesh,Kanpur Dehat,AC-UP-205,Rasulabad (SC),MLA,Poonam Sankhwar,Female,Bharatiya Janata Party,1,Graduate,/assets/placeholder-avatar.svg,82000000,9200000,0,89,65,50000000,44000000,"Poonam Sankhwar is the elected MLA representing Rasulabad (SC), Kanpur Dehat, Uttar Pradesh."
Uttar Pradesh,Kanpur Dehat,AC-UP-206,Akbarpur-Raniya,MLA,Pratibha Shukla,Female,Bharatiya Janata Party,1,Graduate,/assets/placeholder-avatar.svg,82000000,9200000,0,89,65,50000000,44000000,"Pratibha Shukla is the elected MLA representing Akbarpur-Raniya, Kanpur Dehat, Uttar Pradesh."
Uttar Pradesh,Kanpur Dehat,AC-UP-207,Sikandra,MLA,Ajit Singh Pal,Male,Bharatiya Janata Party,1,Graduate,/assets/placeholder-avatar.svg,82000000,9200000,0,89,65,50000000,44000000,"Ajit Singh Pal is the elected MLA representing Sikandra, Kanpur Dehat, Uttar Pradesh."
Uttar Pradesh,Kanpur Dehat,AC-UP-208,Bhognipur,MLA,Rakesh Sachan,Male,Bharatiya Janata Party,1,Graduate,/assets/placeholder-avatar.svg,82000000,9200000,0,89,65,50000000,44000000,"Rakesh Sachan is the elected MLA representing Bhognipur, Kanpur Dehat, Uttar Pradesh."
Uttar Pradesh,Kanpur Nagar,AC-UP-209,Bilhaur (SC),MLA,Rahul Bachha Sonkar,Male,Bharatiya Janata Party,1,Graduate,/assets/placeholder-avatar.svg,82000000,9200000,0,89,65,50000000,44000000,"Rahul Bachha Sonkar is the elected MLA representing Bilhaur (SC), Kanpur Nagar, Uttar Pradesh."
Uttar Pradesh,Kanpur Nagar,AC-UP-210,Bithoor,MLA,Abhijeet Singh Sanga,Male,Bharatiya Janata Party,1,Graduate,/assets/placeholder-avatar.svg,82000000,9200000,0,89,65,50000000,44000000,"Abhijeet Singh Sanga is the elected MLA representing Bithoor, Kanpur Nagar, Uttar Pradesh."
Uttar Pradesh,Kanpur Nagar,AC-UP-212,Govindnagar,MLA,Surendra Maithani,Male,Bharatiya Janata Party,1,Graduate,/assets/placeholder-avatar.svg,82000000,9200000,0,89,65,50000000,44000000,"Surendra Maithani is the elected MLA representing Govindnagar, Kanpur Nagar, Uttar Pradesh."
Uttar Pradesh,Kanpur Nagar,AC-UP-213,Sishamau,MLA,Haji Irfan Solanki,Male,Samajwadi Party,1,Graduate,/assets/placeholder-avatar.svg,82000000,9200000,0,89,65,50000000,44000000,"Haji Irfan Solanki is the elected MLA representing Sishamau, Kanpur Nagar, Uttar Pradesh."
Uttar Pradesh,Kanpur Nagar,AC-UP-214,Arya Nagar,MLA,Amitabh Bajpai,Male,Samajwadi Party,1,Graduate,/assets/placeholder-avatar.svg,82000000,9200000,0,89,65,50000000,44000000,"Amitabh Bajpai is the elected MLA representing Arya Nagar, Kanpur Nagar, Uttar Pradesh."
Uttar Pradesh,Kanpur Nagar,AC-UP-216,Kanpur Cantonment,MLA,Mohammed Hasan,Male,Samajwadi Party,1,Graduate,/assets/placeholder-avatar.svg,82000000,9200000,0,89,65,50000000,44000000,"Mohammed Hasan is the elected MLA representing Kanpur Cantonment, Kanpur Nagar, Uttar Pradesh."
Uttar Pradesh,Kanpur Nagar,AC-UP-218,Ghatampur (SC),MLA,Saroj Kureel,Female,Apna Dal (Sonelal),1,Graduate,/assets/placeholder-avatar.svg,82000000,9200000,0,89,65,50000000,44000000,"Saroj Kureel is the elected MLA representing Ghatampur (SC), Kanpur Nagar, Uttar Pradesh."
Uttar Pradesh,Jalaun,AC-UP-219,Madhogarh,MLA,Moolchandra Singh,Male,Bharatiya Janata Party,1,Graduate,/assets/placeholder-avatar.svg,82000000,9200000,0,89,65,50000000,44000000,"Moolchandra Singh is the elected MLA representing Madhogarh, Jalaun, Uttar Pradesh."
Uttar Pradesh,Jalaun,AC-UP-220,Kalpi,MLA,Vinod Chaturvedi,Male,Samajwadi Party,1,Graduate,/assets/placeholder-avatar.svg,82000000,9200000,0,89,65,50000000,44000000,"Vinod Chaturvedi is the elected MLA representing Kalpi, Jalaun, Uttar Pradesh."
Uttar Pradesh,Jalaun,AC-UP-221,Orai (SC),MLA,Gauri Shankar,Male,Bharatiya Janata Party,1,Graduate,/assets/placeholder-avatar.svg,82000000,9200000,0,89,65,50000000,44000000,"Gauri Shankar is the elected MLA representing Orai (SC), Jalaun, Uttar Pradesh."
Uttar Pradesh,Jhansi,AC-UP-222,Babina,MLA,Rajeev Singh Parichha,Male,Bharatiya Janata Party,1,Graduate,/assets/placeholder-avatar.svg,82000000,9200000,0,89,65,50000000,44000000,"Rajeev Singh Parichha is the elected MLA representing Babina, Jhansi, Uttar Pradesh."
Uttar Pradesh,Jhansi,AC-UP-223,Jhansi Nagar,MLA,Ravi Sharma,Male,Bharatiya Janata Party,1,Graduate,/assets/placeholder-avatar.svg,82000000,9200000,0,89,65,50000000,44000000,"Ravi Sharma is the elected MLA representing Jhansi Nagar, Jhansi, Uttar Pradesh."
Uttar Pradesh,Jhansi,AC-UP-224,Mauranipur (SC),MLA,Rashmi Arya,Female,Apna Dal (Sonelal),1,Graduate,/assets/placeholder-avatar.svg,82000000,9200000,0,89,65,50000000,44000000,"Rashmi Arya is the elected MLA representing Mauranipur (SC), Jhansi, Uttar Pradesh."
Uttar Pradesh,Jhansi,AC-UP-225,Garautha,MLA,Jawahar Lal Rajput,Male,Bharatiya Janata Party,1,Graduate,/assets/placeholder-avatar.svg,82000000,9200000,0,89,65,50000000,44000000,"Jawahar Lal Rajput is the elected MLA representing Garautha, Jhansi, Uttar Pradesh."
Uttar Pradesh,Lalitpur,AC-UP-226,Lalitpur,MLA,Ramratan Kushwaha,Male,Bharatiya Janata Party,1,Graduate,/assets/placeholder-avatar.svg,82000000,9200000,0,89,65,50000000,44000000,"Ramratan Kushwaha is the elected MLA representing Lalitpur, Lalitpur, Uttar Pradesh."
Uttar Pradesh,Lalitpur,AC-UP-227,Mehroni (SC),MLA,Manohar Lal Panth,Male,Bharatiya Janata Party,1,Graduate,/assets/placeholder-avatar.svg,82000000,9200000,0,89,65,50000000,44000000,"Manohar Lal Panth is the elected MLA representing Mehroni (SC), Lalitpur, Uttar Pradesh."
Uttar Pradesh,Hamirpur,AC-UP-228,Hamirpur,MLA,Manoj Kumar Prajapati,Male,Bharatiya Janata Party,1,Graduate,/assets/placeholder-avatar.svg,82000000,9200000,0,89,65,50000000,44000000,"Manoj Kumar Prajapati is the elected MLA representing Hamirpur, Hamirpur, Uttar Pradesh."
Uttar Pradesh,Hamirpur,AC-UP-229,Rath (SC),MLA,Manisha Anuragi,Female,Bharatiya Janata Party,1,Graduate,/assets/placeholder-avatar.svg,82000000,9200000,0,89,65,50000000,44000000,"Manisha Anuragi is the elected MLA representing Rath (SC), Hamirpur, Uttar Pradesh."
Uttar Pradesh,Mahoba,AC-UP-230,Mahoba,MLA,Rakesh Kumar Goswami,Male,Bharatiya Janata Party,1,Graduate,/assets/placeholder-avatar.svg,82000000,9200000,0,89,65,50000000,44000000,"Rakesh Kumar Goswami is the elected MLA representing Mahoba, Mahoba, Uttar Pradesh."
Uttar Pradesh,Mahoba,AC-UP-231,Charkhari,MLA,Brijbhushan Rajpoot,Male,Bharatiya Janata Party,1,Graduate,/assets/placeholder-avatar.svg,82000000,9200000,0,89,65,50000000,44000000,"Brijbhushan Rajpoot is the elected MLA representing Charkhari, Mahoba, Uttar Pradesh."
Uttar Pradesh,Banda,AC-UP-232,Tindwari,MLA,Ramakesh Nishad,Male,Bharatiya Janata Party,1,Graduate,/assets/placeholder-avatar.svg,82000000,9200000,0,89,65,50000000,44000000,"Ramakesh Nishad is the elected MLA representing Tindwari, Banda, Uttar Pradesh."
Uttar Pradesh,Banda,AC-UP-233,Baberu,MLA,Vishambhar Singh Yadav,Male,Samajwadi Party,1,Graduate,/assets/placeholder-avatar.svg,82000000,9200000,0,89,65,50000000,44000000,"Vishambhar Singh Yadav is the elected MLA representing Baberu, Banda, Uttar Pradesh."
Uttar Pradesh,Banda,AC-UP-234,Naraini (SC),MLA,Ommani Verma,Male,Bharatiya Janata Party,1,Graduate,/assets/placeholder-avatar.svg,82000000,9200000,0,89,65,50000000,44000000,"Ommani Verma is the elected MLA representing Naraini (SC), Banda, Uttar Pradesh."
Uttar Pradesh,Banda,AC-UP-235,Banda,MLA,Prakash Dwivedi,Male,Bharatiya Janata Party,1,Graduate,/assets/placeholder-avatar.svg,82000000,9200000,0,89,65,50000000,44000000,"Prakash Dwivedi is the elected MLA representing Banda, Banda, Uttar Pradesh."
Uttar Pradesh,Chitrakoot,AC-UP-236,Chitrakoot,MLA,Anil Pradhan,Male,Samajwadi Party,1,Graduate,/assets/placeholder-avatar.svg,82000000,9200000,0,89,65,50000000,44000000,"Anil Pradhan is the elected MLA representing Chitrakoot, Chitrakoot, Uttar Pradesh."
Uttar Pradesh,Chitrakoot,AC-UP-237,Manikpur,MLA,Avinash Chandra Dwivedi,Male,Apna Dal (Sonelal),1,Graduate,/assets/placeholder-avatar.svg,82000000,9200000,0,89,65,50000000,44000000,"Avinash Chandra Dwivedi is the elected MLA representing Manikpur, Chitrakoot, Uttar Pradesh."
Uttar Pradesh,Fatehpur,AC-UP-238,Jahanabad,MLA,Rajendra Singh Patel,Male,Bharatiya Janata Party,1,Graduate,/assets/placeholder-avatar.svg,82000000,9200000,0,89,65,50000000,44000000,"Rajendra Singh Patel is the elected MLA representing Jahanabad, Fatehpur, Uttar Pradesh."
Uttar Pradesh,Fatehpur,AC-UP-239,Bindki,MLA,Jai Kumar Singh Jaiki,Male,Apna Dal (Sonelal),1,Graduate,/assets/placeholder-avatar.svg,82000000,9200000,0,89,65,50000000,44000000,"Jai Kumar Singh Jaiki is the elected MLA representing Bindki, Fatehpur, Uttar Pradesh."
Uttar Pradesh,Fatehpur,AC-UP-240,Fatehpur,MLA,Chandra Prakash Lodhi,Male,Samajwadi Party,1,Graduate,/assets/placeholder-avatar.svg,82000000,9200000,0,89,65,50000000,44000000,"Chandra Prakash Lodhi is the elected MLA representing Fatehpur, Fatehpur, Uttar Pradesh."
Uttar Pradesh,Fatehpur,AC-UP-241,Ayah Shah,MLA,Vikas Gupta,Male,Bharatiya Janata Party,1,Graduate,/assets/placeholder-avatar.svg,82000000,9200000,0,89,65,50000000,44000000,"Vikas Gupta is the elected MLA representing Ayah Shah, Fatehpur, Uttar Pradesh."
Uttar Pradesh,Fatehpur,AC-UP-242,Husainganj,MLA,Usha Maurya,Female,Samajwadi Party,1,Graduate,/assets/placeholder-avatar.svg,82000000,9200000,0,89,65,50000000,44000000,"Usha Maurya is the elected MLA representing Husainganj, Fatehpur, Uttar Pradesh."
Uttar Pradesh,Fatehpur,AC-UP-243,Khaga (SC),MLA,Krishna Paswan,Female,Bharatiya Janata Party,1,Graduate,/assets/placeholder-avatar.svg,82000000,9200000,0,89,65,50000000,44000000,"Krishna Paswan is the elected MLA representing Khaga (SC), Fatehpur, Uttar Pradesh."
Uttar Pradesh,Pratapgarh,AC-UP-244,Rampur Khas,MLA,Aradhana Misra Mona,Male,Indian National Congress,1,Graduate,/assets/placeholder-avatar.svg,82000000,9200000,0,89,65,50000000,44000000,"Aradhana Misra Mona is the elected MLA representing Rampur Khas, Pratapgarh, Uttar Pradesh."
Uttar Pradesh,Pratapgarh,AC-UP-245,Babaganj (SC),MLA,Vinod Kumar,Male,JD(L),1,Graduate,/assets/placeholder-avatar.svg,82000000,9200000,0,89,65,50000000,44000000,"Vinod Kumar is the elected MLA representing Babaganj (SC), Pratapgarh, Uttar Pradesh."
Uttar Pradesh,Pratapgarh,AC-UP-246,Kunda,MLA,Raghuraj Pratap Singh,Male,JD(L),1,Graduate,/assets/placeholder-avatar.svg,82000000,9200000,0,89,65,50000000,44000000,"Raghuraj Pratap Singh is the elected MLA representing Kunda, Pratapgarh, Uttar Pradesh."
Uttar Pradesh,Pratapgarh,AC-UP-247,Vishwanathganj,MLA,Jeet Lal Patel,Male,Apna Dal (Sonelal),1,Graduate,/assets/placeholder-avatar.svg,82000000,9200000,0,89,65,50000000,44000000,"Jeet Lal Patel is the elected MLA representing Vishwanathganj, Pratapgarh, Uttar Pradesh."
Uttar Pradesh,Pratapgarh,AC-UP-248,Pratapgarh,MLA,Rajendra Maurya,Male,Bharatiya Janata Party,1,Graduate,/assets/placeholder-avatar.svg,82000000,9200000,0,89,65,50000000,44000000,"Rajendra Maurya is the elected MLA representing Pratapgarh, Pratapgarh, Uttar Pradesh."
Uttar Pradesh,Pratapgarh,AC-UP-249,Patti,MLA,Ram Singh Patel,Male,Samajwadi Party,1,Graduate,/assets/placeholder-avatar.svg,82000000,9200000,0,89,65,50000000,44000000,"Ram Singh Patel is the elected MLA representing Patti, Pratapgarh, Uttar Pradesh."
Uttar Pradesh,Pratapgarh,AC-UP-250,Raniganj,MLA,Rakesh Kumar Verma,Male,Samajwadi Party,1,Graduate,/assets/placeholder-avatar.svg,82000000,9200000,0,89,65,50000000,44000000,"Rakesh Kumar Verma is the elected MLA representing Raniganj, Pratapgarh, Uttar Pradesh."
Uttar Pradesh,Kaushambi,AC-UP-251,Sirathu,MLA,Pallavi Patel,Male,Samajwadi Party,1,Graduate,/assets/placeholder-avatar.svg,82000000,9200000,0,89,65,50000000,44000000,"Pallavi Patel is the elected MLA representing Sirathu, Kaushambi, Uttar Pradesh."
Uttar Pradesh,Kaushambi,AC-UP-252,Manjhanpur (SC),MLA,Indrajit Saroj,Female,Samajwadi Party,1,Graduate,/assets/placeholder-avatar.svg,82000000,9200000,0,89,65,50000000,44000000,"Indrajit Saroj is the elected MLA representing Manjhanpur (SC), Kaushambi, Uttar Pradesh."
Uttar Pradesh,Kaushambi,AC-UP-253,Chail,MLA,Pooja Pal,Female,Samajwadi Party,1,Graduate,/assets/placeholder-avatar.svg,82000000,9200000,0,89,65,50000000,44000000,"Pooja Pal is the elected MLA representing Chail, Kaushambi, Uttar Pradesh."
Uttar Pradesh,Prayagraj,AC-UP-254,Phaphamau,MLA,Guru Prasad Maurya,Male,Bharatiya Janata Party,1,Graduate,/assets/placeholder-avatar.svg,82000000,9200000,0,89,65,50000000,44000000,"Guru Prasad Maurya is the elected MLA representing Phaphamau, Prayagraj, Uttar Pradesh."
Uttar Pradesh,Prayagraj,AC-UP-255,Soraon (SC),MLA,Geeta Shastri,Female,Samajwadi Party,1,Graduate,/assets/placeholder-avatar.svg,82000000,9200000,0,89,65,50000000,44000000,"Geeta Shastri is the elected MLA representing Soraon (SC), Prayagraj, Uttar Pradesh."
Uttar Pradesh,Prayagraj,AC-UP-258,Handia,MLA,Hakim Lal Bind,Male,Samajwadi Party,1,Graduate,/assets/placeholder-avatar.svg,82000000,9200000,0,89,65,50000000,44000000,"Hakim Lal Bind is the elected MLA representing Handia, Prayagraj, Uttar Pradesh."
Uttar Pradesh,Prayagraj,AC-UP-260,Karachhana,MLA,Piyush Ranjan Nishad,Male,Bharatiya Janata Party,1,Graduate,/assets/placeholder-avatar.svg,82000000,9200000,0,89,65,50000000,44000000,"Piyush Ranjan Nishad is the elected MLA representing Karachhana, Prayagraj, Uttar Pradesh."
Uttar Pradesh,Barabanki,AC-UP-266,Kursi,MLA,Sakendra Pratap Verma,Male,Bharatiya Janata Party,1,Graduate,/assets/placeholder-avatar.svg,82000000,9200000,0,89,65,50000000,44000000,"Sakendra Pratap Verma is the elected MLA representing Kursi, Barabanki, Uttar Pradesh."
Uttar Pradesh,Barabanki,AC-UP-267,Ramnagar,MLA,Fareed Mahfooz Kidwai,Male,Samajwadi Party,1,Graduate,/assets/placeholder-avatar.svg,82000000,9200000,0,89,65,50000000,44000000,"Fareed Mahfooz Kidwai is the elected MLA representing Ramnagar, Barabanki, Uttar Pradesh."
Uttar Pradesh,Barabanki,AC-UP-268,Barabanki,MLA,Dharmraj Singh Yadav,Male,Samajwadi Party,1,Graduate,/assets/placeholder-avatar.svg,82000000,9200000,0,89,65,50000000,44000000,"Dharmraj Singh Yadav is the elected MLA representing Barabanki, Barabanki, Uttar Pradesh."
Uttar Pradesh,Barabanki,AC-UP-269,Zaidpur (SC),MLA,Gaurav Kumar,Male,Samajwadi Party,1,Graduate,/assets/placeholder-avatar.svg,82000000,9200000,0,89,65,50000000,44000000,"Gaurav Kumar is the elected MLA representing Zaidpur (SC), Barabanki, Uttar Pradesh."
Uttar Pradesh,Barabanki,AC-UP-270,Dariyabad,MLA,Satish Sharma,Male,Bharatiya Janata Party,1,Graduate,/assets/placeholder-avatar.svg,82000000,9200000,0,89,65,50000000,44000000,"Satish Sharma is the elected MLA representing Dariyabad, Barabanki, Uttar Pradesh."
Uttar Pradesh,Barabanki,AC-UP-272,Haidergarh (SC),MLA,Dinesh Rawat,Male,Bharatiya Janata Party,1,Graduate,/assets/placeholder-avatar.svg,82000000,9200000,0,89,65,50000000,44000000,"Dinesh Rawat is the elected MLA representing Haidergarh (SC), Barabanki, Uttar Pradesh."
Uttar Pradesh,Ambedkar Nagar,AC-UP-277,Katehari,MLA,Lalji Verma,Male,Samajwadi Party,1,Graduate,/assets/placeholder-avatar.svg,82000000,9200000,0,89,65,50000000,44000000,"Lalji Verma is the elected MLA representing Katehari, Ambedkar Nagar, Uttar Pradesh."
Uttar Pradesh,Ambedkar Nagar,AC-UP-278,Tanda,MLA,Ram Murti Verma,Male,Samajwadi Party,1,Graduate,/assets/placeholder-avatar.svg,82000000,9200000,0,89,65,50000000,44000000,"Ram Murti Verma is the elected MLA representing Tanda, Ambedkar Nagar, Uttar Pradesh."
Uttar Pradesh,Ambedkar Nagar,AC-UP-279,Alapur (SC),MLA,Tribhuwan Dutt,Male,Samajwadi Party,1,Graduate,/assets/placeholder-avatar.svg,82000000,9200000,0,89,65,50000000,44000000,"Tribhuwan Dutt is the elected MLA representing Alapur (SC), Ambedkar Nagar, Uttar Pradesh."
Uttar Pradesh,Ambedkar Nagar,AC-UP-280,Jalalpur,MLA,Rakesh Pandey,Male,Samajwadi Party,1,Graduate,/assets/placeholder-avatar.svg,82000000,9200000,0,89,65,50000000,44000000,"Rakesh Pandey is the elected MLA representing Jalalpur, Ambedkar Nagar, Uttar Pradesh."
Uttar Pradesh,Ambedkar Nagar,AC-UP-281,Akbarpur,MLA,Ram Achal Rajbhar,Male,Samajwadi Party,1,Graduate,/assets/placeholder-avatar.svg,82000000,9200000,0,89,65,50000000,44000000,"Ram Achal Rajbhar is the elected MLA representing Akbarpur, Ambedkar Nagar, Uttar Pradesh."
Uttar Pradesh,Bahraich,AC-UP-282,Balha (SC),MLA,Saroj Sonkar,Female,Bharatiya Janata Party,1,Graduate,/assets/placeholder-avatar.svg,82000000,9200000,0,89,65,50000000,44000000,"Saroj Sonkar is the elected MLA representing Balha (SC), Bahraich, Uttar Pradesh."
Uttar Pradesh,Bahraich,AC-UP-283,Nanpara,MLA,Ram Niwas Verma,Male,Apna Dal (Sonelal),1,Graduate,/assets/placeholder-avatar.svg,82000000,9200000,0,89,65,50000000,44000000,"Ram Niwas Verma is the elected MLA representing Nanpara, Bahraich, Uttar Pradesh."
Uttar Pradesh,Bahraich,AC-UP-284,Matera,MLA,Mariya Shah,Male,Samajwadi Party,1,Graduate,/assets/placeholder-avatar.svg,82000000,9200000,0,89,65,50000000,44000000,"Mariya Shah is the elected MLA representing Matera, Bahraich, Uttar Pradesh."
Uttar Pradesh,Bahraich,AC-UP-285,Mahasi,MLA,Sureshwar Singh,Male,Bharatiya Janata Party,1,Graduate,/assets/placeholder-avatar.svg,82000000,9200000,0,89,65,50000000,44000000,"Sureshwar Singh is the elected MLA representing Mahasi, Bahraich, Uttar Pradesh."
Uttar Pradesh,Bahraich,AC-UP-286,Bahraich,MLA,Anupma Jaiswal,Male,Bharatiya Janata Party,1,Graduate,/assets/placeholder-avatar.svg,82000000,9200000,0,89,65,50000000,44000000,"Anupma Jaiswal is the elected MLA representing Bahraich, Bahraich, Uttar Pradesh."
Uttar Pradesh,Bahraich,AC-UP-287,Payagpur,MLA,Subhash Tripathi,Male,Bharatiya Janata Party,1,Graduate,/assets/placeholder-avatar.svg,82000000,9200000,0,89,65,50000000,44000000,"Subhash Tripathi is the elected MLA representing Payagpur, Bahraich, Uttar Pradesh."
Uttar Pradesh,Bahraich,AC-UP-288,Kaiserganj,MLA,Anand Kumar,Male,Samajwadi Party,1,Graduate,/assets/placeholder-avatar.svg,82000000,9200000,0,89,65,50000000,44000000,"Anand Kumar is the elected MLA representing Kaiserganj, Bahraich, Uttar Pradesh."
Uttar Pradesh,Shrawasti,AC-UP-289,Bhinga,MLA,Indrani Devi,Female,Samajwadi Party,1,Graduate,/assets/placeholder-avatar.svg,82000000,9200000,0,89,65,50000000,44000000,"Indrani Devi is the elected MLA representing Bhinga, Shrawasti, Uttar Pradesh."
Uttar Pradesh,Shrawasti,AC-UP-290,Shrawasti,MLA,Ram Feran Pandey,Male,Bharatiya Janata Party,1,Graduate,/assets/placeholder-avatar.svg,82000000,9200000,0,89,65,50000000,44000000,"Ram Feran Pandey is the elected MLA representing Shrawasti, Shrawasti, Uttar Pradesh."
Uttar Pradesh,Balrampur,AC-UP-291,Tulsipur,MLA,Kailash Nath Shukla,Male,Bharatiya Janata Party,1,Graduate,/assets/placeholder-avatar.svg,82000000,9200000,0,89,65,50000000,44000000,"Kailash Nath Shukla is the elected MLA representing Tulsipur, Balrampur, Uttar Pradesh."
Uttar Pradesh,Balrampur,AC-UP-292,Gainsari,MLA,Shiv Pratap Yadav,Male,Samajwadi Party,1,Graduate,/assets/placeholder-avatar.svg,82000000,9200000,0,89,65,50000000,44000000,"Shiv Pratap Yadav is the elected MLA representing Gainsari, Balrampur, Uttar Pradesh."
Uttar Pradesh,Balrampur,AC-UP-293,Utraula,MLA,Ram Pratap Verma,Male,Bharatiya Janata Party,1,Graduate,/assets/placeholder-avatar.svg,82000000,9200000,0,89,65,50000000,44000000,"Ram Pratap Verma is the elected MLA representing Utraula, Balrampur, Uttar Pradesh."
Uttar Pradesh,Balrampur,AC-UP-294,Balrampur (SC),MLA,Paltu Ram,Male,Bharatiya Janata Party,1,Graduate,/assets/placeholder-avatar.svg,82000000,9200000,0,89,65,50000000,44000000,"Paltu Ram is the elected MLA representing Balrampur (SC), Balrampur, Uttar Pradesh."
Uttar Pradesh,Gonda,AC-UP-295,Mehnaun,MLA,Vinay Kumar Dwivedi,Male,Bharatiya Janata Party,1,Graduate,/assets/placeholder-avatar.svg,82000000,9200000,0,89,65,50000000,44000000,"Vinay Kumar Dwivedi is the elected MLA representing Mehnaun, Gonda, Uttar Pradesh."
Uttar Pradesh,Gonda,AC-UP-296,Gonda,MLA,Prateek Bhushan Singh,Male,Bharatiya Janata Party,1,Graduate,/assets/placeholder-avatar.svg,82000000,9200000,0,89,65,50000000,44000000,"Prateek Bhushan Singh is the elected MLA representing Gonda, Gonda, Uttar Pradesh."
Uttar Pradesh,Gonda,AC-UP-297,Katra Bazar,MLA,Bawan Singh,Male,Bharatiya Janata Party,1,Graduate,/assets/placeholder-avatar.svg,82000000,9200000,0,89,65,50000000,44000000,"Bawan Singh is the elected MLA representing Katra Bazar, Gonda, Uttar Pradesh."
Uttar Pradesh,Gonda,AC-UP-298,Colonelganj,MLA,Ajay Kumar Singh,Male,Bharatiya Janata Party,1,Graduate,/assets/placeholder-avatar.svg,82000000,9200000,0,89,65,50000000,44000000,"Ajay Kumar Singh is the elected MLA representing Colonelganj, Gonda, Uttar Pradesh."
Uttar Pradesh,Gonda,AC-UP-299,Tarabganj,MLA,Prem Narayan Pandey,Female,Bharatiya Janata Party,1,Graduate,/assets/placeholder-avatar.svg,82000000,9200000,0,89,65,50000000,44000000,"Prem Narayan Pandey is the elected MLA representing Tarabganj, Gonda, Uttar Pradesh."
Uttar Pradesh,Gonda,AC-UP-300,Mankapur (SC),MLA,Ramapati Shastri,Male,Bharatiya Janata Party,1,Graduate,/assets/placeholder-avatar.svg,82000000,9200000,0,89,65,50000000,44000000,"Ramapati Shastri is the elected MLA representing Mankapur (SC), Gonda, Uttar Pradesh."
Uttar Pradesh,Gonda,AC-UP-301,Gaura,MLA,Prabhat Kumar Verma,Male,Bharatiya Janata Party,1,Graduate,/assets/placeholder-avatar.svg,82000000,9200000,0,89,65,50000000,44000000,"Prabhat Kumar Verma is the elected MLA representing Gaura, Gonda, Uttar Pradesh."
Uttar Pradesh,Siddharthnagar,AC-UP-302,Shohratgarh,MLA,Vinay Verma,Male,Apna Dal (Sonelal),1,Graduate,/assets/placeholder-avatar.svg,82000000,9200000,0,89,65,50000000,44000000,"Vinay Verma is the elected MLA representing Shohratgarh, Siddharthnagar, Uttar Pradesh."
Uttar Pradesh,Siddharthnagar,AC-UP-303,Kapilvastu (SC),MLA,Shyam Dhani,Male,Bharatiya Janata Party,1,Graduate,/assets/placeholder-avatar.svg,82000000,9200000,0,89,65,50000000,44000000,"Shyam Dhani is the elected MLA representing Kapilvastu (SC), Siddharthnagar, Uttar Pradesh."
Uttar Pradesh,Siddharthnagar,AC-UP-304,Bansi,MLA,Jai Pratap Singh,Male,Bharatiya Janata Party,1,Graduate,/assets/placeholder-avatar.svg,82000000,9200000,0,89,65,50000000,44000000,"Jai Pratap Singh is the elected MLA representing Bansi, Siddharthnagar, Uttar Pradesh."
Uttar Pradesh,Siddharthnagar,AC-UP-305,Itwa,MLA,Mata Prasad Pandey,Male,Samajwadi Party,1,Graduate,/assets/placeholder-avatar.svg,82000000,9200000,0,89,65,50000000,44000000,"Mata Prasad Pandey is the elected MLA representing Itwa, Siddharthnagar, Uttar Pradesh."
Uttar Pradesh,Siddharthnagar,AC-UP-306,Domariyaganj,MLA,Saiyada Khatoon,Female,Samajwadi Party,1,Graduate,/assets/placeholder-avatar.svg,82000000,9200000,0,89,65,50000000,44000000,"Saiyada Khatoon is the elected MLA representing Domariyaganj, Siddharthnagar, Uttar Pradesh."
Uttar Pradesh,Basti,AC-UP-307,Harraiya,MLA,Ajay Kumar Singh,Male,Bharatiya Janata Party,1,Graduate,/assets/placeholder-avatar.svg,82000000,9200000,0,89,65,50000000,44000000,"Ajay Kumar Singh is the elected MLA representing Harraiya, Basti, Uttar Pradesh."
Uttar Pradesh,Basti,AC-UP-308,Kaptanganj,MLA,Kavindra Chaudhary,Male,Samajwadi Party,1,Graduate,/assets/placeholder-avatar.svg,82000000,9200000,0,89,65,50000000,44000000,"Kavindra Chaudhary is the elected MLA representing Kaptanganj, Basti, Uttar Pradesh."
Uttar Pradesh,Basti,AC-UP-309,Rudhauli,MLA,Rajendra Prasad Chaudhary,Male,Samajwadi Party,1,Graduate,/assets/placeholder-avatar.svg,82000000,9200000,0,89,65,50000000,44000000,"Rajendra Prasad Chaudhary is the elected MLA representing Rudhauli, Basti, Uttar Pradesh."
Uttar Pradesh,Basti,AC-UP-310,Basti Sadar,MLA,Mahendra Nath Yadav,Male,Samajwadi Party,1,Graduate,/assets/placeholder-avatar.svg,82000000,9200000,0,89,65,50000000,44000000,"Mahendra Nath Yadav is the elected MLA representing Basti Sadar, Basti, Uttar Pradesh."
Uttar Pradesh,Basti,AC-UP-311,Mahadewa (SC),MLA,Dudhram,Male,Suheldev Bharatiya Samaj Party,1,Graduate,/assets/placeholder-avatar.svg,82000000,9200000,0,89,65,50000000,44000000,"Dudhram is the elected MLA representing Mahadewa (SC), Basti, Uttar Pradesh."
Uttar Pradesh,Sant Kabir Nagar,AC-UP-312,Menhdawal,MLA,Anil Kumar Tripathi,Male,NISHAD Party,1,Graduate,/assets/placeholder-avatar.svg,82000000,9200000,0,89,65,50000000,44000000,"Anil Kumar Tripathi is the elected MLA representing Menhdawal, Sant Kabir Nagar, Uttar Pradesh."
Uttar Pradesh,Sant Kabir Nagar,AC-UP-313,Khalilabad,MLA,Ankur Raj Tiwari,Male,Bharatiya Janata Party,1,Graduate,/assets/placeholder-avatar.svg,82000000,9200000,0,89,65,50000000,44000000,"Ankur Raj Tiwari is the elected MLA representing Khalilabad, Sant Kabir Nagar, Uttar Pradesh."
Uttar Pradesh,Sant Kabir Nagar,AC-UP-314,Dhanghata (SC),MLA,Ganesh Chandra Chauhan,Male,Bharatiya Janata Party,1,Graduate,/assets/placeholder-avatar.svg,82000000,9200000,0,89,65,50000000,44000000,"Ganesh Chandra Chauhan is the elected MLA representing Dhanghata (SC), Sant Kabir Nagar, Uttar Pradesh."
Uttar Pradesh,Maharajganj,AC-UP-315,Pharenda,MLA,Virendra Chaudhary,Male,Indian National Congress,1,Graduate,/assets/placeholder-avatar.svg,82000000,9200000,0,89,65,50000000,44000000,"Virendra Chaudhary is the elected MLA representing Pharenda, Maharajganj, Uttar Pradesh."
Uttar Pradesh,Maharajganj,AC-UP-316,Nautanwa,MLA,Rishi Tripathi,Male,NISHAD Party,1,Graduate,/assets/placeholder-avatar.svg,82000000,9200000,0,89,65,50000000,44000000,"Rishi Tripathi is the elected MLA representing Nautanwa, Maharajganj, Uttar Pradesh."
Uttar Pradesh,Maharajganj,AC-UP-317,Siswa,MLA,Prem Sagar Patel,Female,Bharatiya Janata Party,1,Graduate,/assets/placeholder-avatar.svg,82000000,9200000,0,89,65,50000000,44000000,"Prem Sagar Patel is the elected MLA representing Siswa, Maharajganj, Uttar Pradesh."
Uttar Pradesh,Maharajganj,AC-UP-318,Maharajganj (SC),MLA,Jai Mangal Kanojiya,Male,Bharatiya Janata Party,1,Graduate,/assets/placeholder-avatar.svg,82000000,9200000,0,89,65,50000000,44000000,"Jai Mangal Kanojiya is the elected MLA representing Maharajganj (SC), Maharajganj, Uttar Pradesh."
Uttar Pradesh,Maharajganj,AC-UP-319,Paniyara,MLA,Gyanendra Singh,Male,Bharatiya Janata Party,1,Graduate,/assets/placeholder-avatar.svg,82000000,9200000,0,89,65,50000000,44000000,"Gyanendra Singh is the elected MLA representing Paniyara, Maharajganj, Uttar Pradesh."
Uttar Pradesh,Gorakhpur,AC-UP-320,Caimpiyarganj,MLA,Fateh Bahadur Singh,Male,Bharatiya Janata Party,1,Graduate,/assets/placeholder-avatar.svg,82000000,9200000,0,89,65,50000000,44000000,"Fateh Bahadur Singh is the elected MLA representing Caimpiyarganj, Gorakhpur, Uttar Pradesh."
Uttar Pradesh,Gorakhpur,AC-UP-324,Sahajanwa,MLA,Pradeep Shukla,Male,Bharatiya Janata Party,1,Graduate,/assets/placeholder-avatar.svg,82000000,9200000,0,89,65,50000000,44000000,"Pradeep Shukla is the elected MLA representing Sahajanwa, Gorakhpur, Uttar Pradesh."
Uttar Pradesh,Kushinagar,AC-UP-329,Khadda,MLA,Vivekanand Pandey,Male,NISHAD Party,1,Graduate,/assets/placeholder-avatar.svg,82000000,9200000,0,89,65,50000000,44000000,"Vivekanand Pandey is the elected MLA representing Khadda, Kushinagar, Uttar Pradesh."
Uttar Pradesh,Kushinagar,AC-UP-330,Padrauna,MLA,Manish Jaiswal,Male,Bharatiya Janata Party,1,Graduate,/assets/placeholder-avatar.svg,82000000,9200000,0,89,65,50000000,44000000,"Manish Jaiswal is the elected MLA representing Padrauna, Kushinagar, Uttar Pradesh."
Uttar Pradesh,Kushinagar,AC-UP-331,Tamkuhi Raj,MLA,Asim Kumar,Male,Bharatiya Janata Party,1,Graduate,/assets/placeholder-avatar.svg,82000000,9200000,0,89,65,50000000,44000000,"Asim Kumar is the elected MLA representing Tamkuhi Raj, Kushinagar, Uttar Pradesh."
Uttar Pradesh,Kushinagar,AC-UP-332,Fazilnagar,MLA,Surendra Kumar Kushwaha,Male,Bharatiya Janata Party,1,Graduate,/assets/placeholder-avatar.svg,82000000,9200000,0,89,65,50000000,44000000,"Surendra Kumar Kushwaha is the elected MLA representing Fazilnagar, Kushinagar, Uttar Pradesh."
Uttar Pradesh,Kushinagar,AC-UP-333,Kushinagar,MLA,Panchanand Pathak,Male,Bharatiya Janata Party,1,Graduate,/assets/placeholder-avatar.svg,82000000,9200000,0,89,65,50000000,44000000,"Panchanand Pathak is the elected MLA representing Kushinagar, Kushinagar, Uttar Pradesh."
Uttar Pradesh,Kushinagar,AC-UP-334,Hata,MLA,Mohan Verma,Male,Bharatiya Janata Party,1,Graduate,/assets/placeholder-avatar.svg,82000000,9200000,0,89,65,50000000,44000000,"Mohan Verma is the elected MLA representing Hata, Kushinagar, Uttar Pradesh."
Uttar Pradesh,Kushinagar,AC-UP-335,Ramkola (SC),MLA,Vinay Prakash Gond,Male,Bharatiya Janata Party,1,Graduate,/assets/placeholder-avatar.svg,82000000,9200000,0,89,65,50000000,44000000,"Vinay Prakash Gond is the elected MLA representing Ramkola (SC), Kushinagar, Uttar Pradesh."
Uttar Pradesh,Deoria,AC-UP-336,Rudrapur,MLA,Jai Prakash Nishad,Male,Bharatiya Janata Party,1,Graduate,/assets/placeholder-avatar.svg,82000000,9200000,0,89,65,50000000,44000000,"Jai Prakash Nishad is the elected MLA representing Rudrapur, Deoria, Uttar Pradesh."
Uttar Pradesh,Deoria,AC-UP-337,Deoria,MLA,Shalabh Mani Tripathi,Male,Bharatiya Janata Party,1,Graduate,/assets/placeholder-avatar.svg,82000000,9200000,0,89,65,50000000,44000000,"Shalabh Mani Tripathi is the elected MLA representing Deoria, Deoria, Uttar Pradesh."
Uttar Pradesh,Deoria,AC-UP-338,Pathardeva,MLA,Surya Pratap Shahi,Male,Bharatiya Janata Party,1,Graduate,/assets/placeholder-avatar.svg,82000000,9200000,0,89,65,50000000,44000000,"Surya Pratap Shahi is the elected MLA representing Pathardeva, Deoria, Uttar Pradesh."
Uttar Pradesh,Deoria,AC-UP-339,Rampur Karkhana,MLA,Surendra Chaurasia,Male,Bharatiya Janata Party,1,Graduate,/assets/placeholder-avatar.svg,82000000,9200000,0,89,65,50000000,44000000,"Surendra Chaurasia is the elected MLA representing Rampur Karkhana, Deoria, Uttar Pradesh."
Uttar Pradesh,Deoria,AC-UP-340,Bhatpar Rani,MLA,Sabhakunwar Kushawaha,Male,Bharatiya Janata Party,1,Graduate,/assets/placeholder-avatar.svg,82000000,9200000,0,89,65,50000000,44000000,"Sabhakunwar Kushawaha is the elected MLA representing Bhatpar Rani, Deoria, Uttar Pradesh."
Uttar Pradesh,Deoria,AC-UP-341,Salempur (SC),MLA,Vijay Laxmi Gautam,Female,Bharatiya Janata Party,1,Graduate,/assets/placeholder-avatar.svg,82000000,9200000,0,89,65,50000000,44000000,"Vijay Laxmi Gautam is the elected MLA representing Salempur (SC), Deoria, Uttar Pradesh."
Uttar Pradesh,Deoria,AC-UP-342,Barhaj,MLA,Deepak Kumar Mishra,Male,Bharatiya Janata Party,1,Graduate,/assets/placeholder-avatar.svg,82000000,9200000,0,89,65,50000000,44000000,"Deepak Kumar Mishra is the elected MLA representing Barhaj, Deoria, Uttar Pradesh."
Uttar Pradesh,Azamgarh,AC-UP-343,Atrauliya,MLA,Sangram Yadav,Male,Samajwadi Party,1,Graduate,/assets/placeholder-avatar.svg,82000000,9200000,0,89,65,50000000,44000000,"Sangram Yadav is the elected MLA representing Atrauliya, Azamgarh, Uttar Pradesh."
Uttar Pradesh,Azamgarh,AC-UP-344,Gopalpur,MLA,Nafees Ahmad,Male,Samajwadi Party,1,Graduate,/assets/placeholder-avatar.svg,82000000,9200000,0,89,65,50000000,44000000,"Nafees Ahmad is the elected MLA representing Gopalpur, Azamgarh, Uttar Pradesh."
Uttar Pradesh,Azamgarh,AC-UP-345,Sagri,MLA,Hriday Narayan Singh Patel,Male,Samajwadi Party,1,Graduate,/assets/placeholder-avatar.svg,82000000,9200000,0,89,65,50000000,44000000,"Hriday Narayan Singh Patel is the elected MLA representing Sagri, Azamgarh, Uttar Pradesh."
Uttar Pradesh,Azamgarh,AC-UP-346,Mubarakpur,MLA,Akhilesh Yadav,Male,Samajwadi Party,1,Graduate,/assets/placeholder-avatar.svg,82000000,9200000,0,89,65,50000000,44000000,"Akhilesh Yadav is the elected MLA representing Mubarakpur, Azamgarh, Uttar Pradesh."
Uttar Pradesh,Azamgarh,AC-UP-347,Azamgarh,MLA,Durga Prasad Yadav,Male,Samajwadi Party,1,Graduate,/assets/placeholder-avatar.svg,82000000,9200000,0,89,65,50000000,44000000,"Durga Prasad Yadav is the elected MLA representing Azamgarh, Azamgarh, Uttar Pradesh."
Uttar Pradesh,Azamgarh,AC-UP-348,Nizamabad,MLA,Alambadi,Male,Samajwadi Party,1,Graduate,/assets/placeholder-avatar.svg,82000000,9200000,0,89,65,50000000,44000000,"Alambadi is the elected MLA representing Nizamabad, Azamgarh, Uttar Pradesh."
Uttar Pradesh,Azamgarh,AC-UP-349,Phoolpur Pawai,MLA,Ramakant Yadav,Male,Samajwadi Party,1,Graduate,/assets/placeholder-avatar.svg,82000000,9200000,0,89,65,50000000,44000000,"Ramakant Yadav is the elected MLA representing Phoolpur Pawai, Azamgarh, Uttar Pradesh."
Uttar Pradesh,Azamgarh,AC-UP-350,Didarganj,MLA,Kamlakant Rajbhar,Male,Samajwadi Party,1,Graduate,/assets/placeholder-avatar.svg,82000000,9200000,0,89,65,50000000,44000000,"Kamlakant Rajbhar is the elected MLA representing Didarganj, Azamgarh, Uttar Pradesh."
Uttar Pradesh,Azamgarh,AC-UP-351,Lalganj (SC),MLA,Bechai Saroj,Female,Samajwadi Party,1,Graduate,/assets/placeholder-avatar.svg,82000000,9200000,0,89,65,50000000,44000000,"Bechai Saroj is the elected MLA representing Lalganj (SC), Azamgarh, Uttar Pradesh."
Uttar Pradesh,Azamgarh,AC-UP-352,Mehnagar (SC),MLA,Puja Saroj,Female,Samajwadi Party,1,Graduate,/assets/placeholder-avatar.svg,82000000,9200000,0,89,65,50000000,44000000,"Puja Saroj is the elected MLA representing Mehnagar (SC), Azamgarh, Uttar Pradesh."
Uttar Pradesh,Mau,AC-UP-353,Madhuban,MLA,Ram Bilash Chauhan,Male,Bharatiya Janata Party,1,Graduate,/assets/placeholder-avatar.svg,82000000,9200000,0,89,65,50000000,44000000,"Ram Bilash Chauhan is the elected MLA representing Madhuban, Mau, Uttar Pradesh."
Uttar Pradesh,Mau,AC-UP-354,Ghosi,MLA,Dara Singh Chauhan,Male,Samajwadi Party,1,Graduate,/assets/placeholder-avatar.svg,82000000,9200000,0,89,65,50000000,44000000,"Dara Singh Chauhan is the elected MLA representing Ghosi, Mau, Uttar Pradesh."
Uttar Pradesh,Mau,AC-UP-355,Muhammadabad-Gohna (SC),MLA,Rajendra Kumar,Male,Samajwadi Party,1,Graduate,/assets/placeholder-avatar.svg,82000000,9200000,0,89,65,50000000,44000000,"Rajendra Kumar is the elected MLA representing Muhammadabad-Gohna (SC), Mau, Uttar Pradesh."
Uttar Pradesh,Mau,AC-UP-356,Mau,MLA,Abbas Ansari,Male,Suheldev Bharatiya Samaj Party,1,Graduate,/assets/placeholder-avatar.svg,82000000,9200000,0,89,65,50000000,44000000,"Abbas Ansari is the elected MLA representing Mau, Mau, Uttar Pradesh."
Uttar Pradesh,Ballia,AC-UP-357,Belthara Road (SC),MLA,Hansu Ram,Male,Suheldev Bharatiya Samaj Party,1,Graduate,/assets/placeholder-avatar.svg,82000000,9200000,0,89,65,50000000,44000000,"Hansu Ram is the elected MLA representing Belthara Road (SC), Ballia, Uttar Pradesh."
Uttar Pradesh,Ballia,AC-UP-358,Rasara,MLA,Umashankar Singh,Male,Bahujan Samaj Party,1,Graduate,/assets/placeholder-avatar.svg,82000000,9200000,0,89,65,50000000,44000000,"Umashankar Singh is the elected MLA representing Rasara, Ballia, Uttar Pradesh."
Uttar Pradesh,Ballia,AC-UP-359,Sikanderpur,MLA,Mohammed Ziauddin Rizvi,Male,Samajwadi Party,1,Graduate,/assets/placeholder-avatar.svg,82000000,9200000,0,89,65,50000000,44000000,"Mohammed Ziauddin Rizvi is the elected MLA representing Sikanderpur, Ballia, Uttar Pradesh."
Uttar Pradesh,Ballia,AC-UP-360,Phephana,MLA,Sangram Singh,Male,Samajwadi Party,1,Graduate,/assets/placeholder-avatar.svg,82000000,9200000,0,89,65,50000000,44000000,"Sangram Singh is the elected MLA representing Phephana, Ballia, Uttar Pradesh."
Uttar Pradesh,Ballia,AC-UP-361,Ballia Nagar,MLA,Daya Shankar Singh,Male,Bharatiya Janata Party,1,Graduate,/assets/placeholder-avatar.svg,82000000,9200000,0,89,65,50000000,44000000,"Daya Shankar Singh is the elected MLA representing Ballia Nagar, Ballia, Uttar Pradesh."
Uttar Pradesh,Ballia,AC-UP-362,Bansdih,MLA,Ketakee Singh,Male,Bharatiya Janata Party,1,Graduate,/assets/placeholder-avatar.svg,82000000,9200000,0,89,65,50000000,44000000,"Ketakee Singh is the elected MLA representing Bansdih, Ballia, Uttar Pradesh."
Uttar Pradesh,Ballia,AC-UP-363,Bairia,MLA,Jai Prakash Anchal,Male,Samajwadi Party,1,Graduate,/assets/placeholder-avatar.svg,82000000,9200000,0,89,65,50000000,44000000,"Jai Prakash Anchal is the elected MLA representing Bairia, Ballia, Uttar Pradesh."
Uttar Pradesh,Jaunpur,AC-UP-364,Badlapur,MLA,Ramesh Chandra Mishra,Male,Bharatiya Janata Party,1,Graduate,/assets/placeholder-avatar.svg,82000000,9200000,0,89,65,50000000,44000000,"Ramesh Chandra Mishra is the elected MLA representing Badlapur, Jaunpur, Uttar Pradesh."
Uttar Pradesh,Jaunpur,AC-UP-365,Shahganj,MLA,Ramesh Singh,Male,NISHAD Party,1,Graduate,/assets/placeholder-avatar.svg,82000000,9200000,0,89,65,50000000,44000000,"Ramesh Singh is the elected MLA representing Shahganj, Jaunpur, Uttar Pradesh."
Uttar Pradesh,Jaunpur,AC-UP-366,Jaunpur,MLA,Girish Chandra Yadav,Male,Bharatiya Janata Party,1,Graduate,/assets/placeholder-avatar.svg,82000000,9200000,0,89,65,50000000,44000000,"Girish Chandra Yadav is the elected MLA representing Jaunpur, Jaunpur, Uttar Pradesh."
Uttar Pradesh,Jaunpur,AC-UP-367,Malhani,MLA,Lucky Yadav,Male,Samajwadi Party,1,Graduate,/assets/placeholder-avatar.svg,82000000,9200000,0,89,65,50000000,44000000,"Lucky Yadav is the elected MLA representing Malhani, Jaunpur, Uttar Pradesh."
Uttar Pradesh,Jaunpur,AC-UP-368,Mungra Badshahpur,MLA,Pankaj Patel,Male,Samajwadi Party,1,Graduate,/assets/placeholder-avatar.svg,82000000,9200000,0,89,65,50000000,44000000,"Pankaj Patel is the elected MLA representing Mungra Badshahpur, Jaunpur, Uttar Pradesh."
Uttar Pradesh,Jaunpur,AC-UP-369,Machhlishahr (SC),MLA,Ragini Sonkar,Female,Samajwadi Party,1,Graduate,/assets/placeholder-avatar.svg,82000000,9200000,0,89,65,50000000,44000000,"Ragini Sonkar is the elected MLA representing Machhlishahr (SC), Jaunpur, Uttar Pradesh."
Uttar Pradesh,Jaunpur,AC-UP-370,Mariyahu,MLA,R.K. Patel,Male,Apna Dal (Sonelal),1,Graduate,/assets/placeholder-avatar.svg,82000000,9200000,0,89,65,50000000,44000000,"R.K. Patel is the elected MLA representing Mariyahu, Jaunpur, Uttar Pradesh."
Uttar Pradesh,Jaunpur,AC-UP-371,Zafrabad,MLA,Jagdish Narayan,Male,Suheldev Bharatiya Samaj Party,1,Graduate,/assets/placeholder-avatar.svg,82000000,9200000,0,89,65,50000000,44000000,"Jagdish Narayan is the elected MLA representing Zafrabad, Jaunpur, Uttar Pradesh."
Uttar Pradesh,Jaunpur,AC-UP-372,Kerakat (SC),MLA,Tufani Saroj,Female,Samajwadi Party,1,Graduate,/assets/placeholder-avatar.svg,82000000,9200000,0,89,65,50000000,44000000,"Tufani Saroj is the elected MLA representing Kerakat (SC), Jaunpur, Uttar Pradesh."
Uttar Pradesh,Ghazipur,AC-UP-373,Jakhanian (SC),MLA,Triveni Ram,Male,Suheldev Bharatiya Samaj Party,1,Graduate,/assets/placeholder-avatar.svg,82000000,9200000,0,89,65,50000000,44000000,"Triveni Ram is the elected MLA representing Jakhanian (SC), Ghazipur, Uttar Pradesh."
Uttar Pradesh,Ghazipur,AC-UP-374,Saidpur (SC),MLA,Ankit Bharti,Female,Samajwadi Party,1,Graduate,/assets/placeholder-avatar.svg,82000000,9200000,0,89,65,50000000,44000000,"Ankit Bharti is the elected MLA representing Saidpur (SC), Ghazipur, Uttar Pradesh."
Uttar Pradesh,Ghazipur,AC-UP-375,Ghazipur Sadar,MLA,Jai Kishan Sahu,Male,Samajwadi Party,1,Graduate,/assets/placeholder-avatar.svg,82000000,9200000,0,89,65,50000000,44000000,"Jai Kishan Sahu is the elected MLA representing Ghazipur Sadar, Ghazipur, Uttar Pradesh."
Uttar Pradesh,Ghazipur,AC-UP-376,Jangipur,MLA,Virendra Kumar Yadav,Male,Samajwadi Party,1,Graduate,/assets/placeholder-avatar.svg,82000000,9200000,0,89,65,50000000,44000000,"Virendra Kumar Yadav is the elected MLA representing Jangipur, Ghazipur, Uttar Pradesh."
Uttar Pradesh,Ghazipur,AC-UP-377,Zahoorabad,MLA,Om Prakash Rajbhar,Male,Suheldev Bharatiya Samaj Party,1,Graduate,/assets/placeholder-avatar.svg,82000000,9200000,0,89,65,50000000,44000000,"Om Prakash Rajbhar is the elected MLA representing Zahoorabad, Ghazipur, Uttar Pradesh."
Uttar Pradesh,Ghazipur,AC-UP-378,Mohammadabad,MLA,Suhaib Ansari,Male,Samajwadi Party,1,Graduate,/assets/placeholder-avatar.svg,82000000,9200000,0,89,65,50000000,44000000,"Suhaib Ansari is the elected MLA representing Mohammadabad, Ghazipur, Uttar Pradesh."
Uttar Pradesh,Ghazipur,AC-UP-379,Zamania,MLA,Omprakash Singh,Male,Samajwadi Party,1,Graduate,/assets/placeholder-avatar.svg,82000000,9200000,0,89,65,50000000,44000000,"Omprakash Singh is the elected MLA representing Zamania, Ghazipur, Uttar Pradesh."
Uttar Pradesh,Chandauli,AC-UP-380,Mughalsarai,MLA,Ramesh Jaiswal,Male,Bharatiya Janata Party,1,Graduate,/assets/placeholder-avatar.svg,82000000,9200000,0,89,65,50000000,44000000,"Ramesh Jaiswal is the elected MLA representing Mughalsarai, Chandauli, Uttar Pradesh."
Uttar Pradesh,Chandauli,AC-UP-381,Sakaldiha,MLA,Prabhunarayan Yadav,Male,Samajwadi Party,1,Graduate,/assets/placeholder-avatar.svg,82000000,9200000,0,89,65,50000000,44000000,"Prabhunarayan Yadav is the elected MLA representing Sakaldiha, Chandauli, Uttar Pradesh."
Uttar Pradesh,Chandauli,AC-UP-382,Saiyadraja,MLA,Sushil Singh,Male,Bharatiya Janata Party,1,Graduate,/assets/placeholder-avatar.svg,82000000,9200000,0,89,65,50000000,44000000,"Sushil Singh is the elected MLA representing Saiyadraja, Chandauli, Uttar Pradesh."
Uttar Pradesh,Chandauli,AC-UP-383,Chakia (SC),MLA,Kailash Kharwar,Male,Bharatiya Janata Party,1,Graduate,/assets/placeholder-avatar.svg,82000000,9200000,0,89,65,50000000,44000000,"Kailash Kharwar is the elected MLA representing Chakia (SC), Chandauli, Uttar Pradesh."
Uttar Pradesh,Varanasi,AC-UP-390,Varanasi Cantt.,MLA,Saurabh Srivastava,Male,Bharatiya Janata Party,1,Graduate,/assets/placeholder-avatar.svg,82000000,9200000,0,89,65,50000000,44000000,"Saurabh Srivastava is the elected MLA representing Varanasi Cantt., Varanasi, Uttar Pradesh."
Uttar Pradesh,Varanasi,AC-UP-391,Sevapuri,MLA,Neel Ratan Singh Patel,Male,Bharatiya Janata Party,1,Graduate,/assets/placeholder-avatar.svg,82000000,9200000,0,89,65,50000000,44000000,"Neel Ratan Singh Patel is the elected MLA representing Sevapuri, Varanasi, Uttar Pradesh."
Uttar Pradesh,Bhadohi,AC-UP-392,Bhadohi,MLA,Zahid Beg,Male,Samajwadi Party,1,Graduate,/assets/placeholder-avatar.svg,82000000,9200000,0,89,65,50000000,44000000,"Zahid Beg is the elected MLA representing Bhadohi, Bhadohi, Uttar Pradesh."
Uttar Pradesh,Bhadohi,AC-UP-393,Gyanpur,MLA,Vipul Dubey,Male,NISHAD Party,1,Graduate,/assets/placeholder-avatar.svg,82000000,9200000,0,89,65,50000000,44000000,"Vipul Dubey is the elected MLA representing Gyanpur, Bhadohi, Uttar Pradesh."
Uttar Pradesh,Bhadohi,AC-UP-394,Aurai (SC),MLA,Dinanath Bhashkar,Male,Bharatiya Janata Party,1,Graduate,/assets/placeholder-avatar.svg,82000000,9200000,0,89,65,50000000,44000000,"Dinanath Bhashkar is the elected MLA representing Aurai (SC), Bhadohi, Uttar Pradesh."
Uttar Pradesh,Mirzapur,AC-UP-395,Chhanbey (SC),MLA,Rahul Prakash Kol,Male,Apna Dal (Sonelal),1,Graduate,/assets/placeholder-avatar.svg,82000000,9200000,0,89,65,50000000,44000000,"Rahul Prakash Kol is the elected MLA representing Chhanbey (SC), Mirzapur, Uttar Pradesh."
Uttar Pradesh,Mirzapur,AC-UP-396,Mirzapur,MLA,Ratnakar Mishra,Male,Bharatiya Janata Party,1,Graduate,/assets/placeholder-avatar.svg,82000000,9200000,0,89,65,50000000,44000000,"Ratnakar Mishra is the elected MLA representing Mirzapur, Mirzapur, Uttar Pradesh."
Uttar Pradesh,Mirzapur,AC-UP-397,Majhawan,MLA,Dr. Vinod Kumar Bind,Male,NISHAD Party,1,Graduate,/assets/placeholder-avatar.svg,82000000,9200000,0,89,65,50000000,44000000,"Dr. Vinod Kumar Bind is the elected MLA representing Majhawan, Mirzapur, Uttar Pradesh."
Uttar Pradesh,Mirzapur,AC-UP-398,Chunar,MLA,Anurag Singh,Male,Bharatiya Janata Party,1,Graduate,/assets/placeholder-avatar.svg,82000000,9200000,0,89,65,50000000,44000000,"Anurag Singh is the elected MLA representing Chunar, Mirzapur, Uttar Pradesh."
Uttar Pradesh,Mirzapur,AC-UP-399,Marihan,MLA,Rama Shankar Singh,Male,Bharatiya Janata Party,1,Graduate,/assets/placeholder-avatar.svg,82000000,9200000,0,89,65,50000000,44000000,"Rama Shankar Singh is the elected MLA representing Marihan, Mirzapur, Uttar Pradesh."
Uttar Pradesh,Sonbhadra,AC-UP-400,Ghorawal,MLA,Anil Kumar Maurya,Male,Bharatiya Janata Party,1,Graduate,/assets/placeholder-avatar.svg,82000000,9200000,0,89,65,50000000,44000000,"Anil Kumar Maurya is the elected MLA representing Ghorawal, Sonbhadra, Uttar Pradesh."
Uttar Pradesh,Sonbhadra,AC-UP-401,Robertsganj,MLA,Bhupesh Chaubey,Male,Bharatiya Janata Party,1,Graduate,/assets/placeholder-avatar.svg,82000000,9200000,0,89,65,50000000,44000000,"Bhupesh Chaubey is the elected MLA representing Robertsganj, Sonbhadra, Uttar Pradesh."
Uttar Pradesh,Sonbhadra,AC-UP-402,Obra (ST),MLA,Sanjeev Kumar Gond,Male,Bharatiya Janata Party,1,Graduate,/assets/placeholder-avatar.svg,82000000,9200000,0,89,65,50000000,44000000,"Sanjeev Kumar Gond is the elected MLA representing Obra (ST), Sonbhadra, Uttar Pradesh."
Uttar Pradesh,Sonbhadra,AC-UP-403,Duddhi (ST),MLA,Ramdular Gaur,Male,Bharatiya Janata Party,1,Graduate,/assets/placeholder-avatar.svg,82000000,9200000,0,89,65,50000000,44000000,"Ramdular Gaur is the elected MLA representing Duddhi (ST), Sonbhadra, Uttar Pradesh."
Goa,North Goa,AC-GA-1,Mandrem,MLA,Jit Arolkar,Male,Maharashtrawadi Gomantak Party,1,Graduate,/assets/placeholder-avatar.svg,65000000,5500000,0,90,55,25000000,21500000,"Jit Arolkar is the elected MLA representing Mandrem, North Goa, Goa."
Goa,North Goa,AC-GA-2,Pernem (SC),MLA,Pravin Arlekar,Male,Bharatiya Janata Party,1,Graduate,/assets/placeholder-avatar.svg,65000000,5500000,0,90,55,25000000,21500000,"Pravin Arlekar is the elected MLA representing Pernem (SC), North Goa, Goa."
Goa,North Goa,AC-GA-3,Bicholim,MLA,Dr. Chandrakant Shetye,Male,Independent,1,Graduate,/assets/placeholder-avatar.svg,65000000,5500000,0,90,55,25000000,21500000,"Dr. Chandrakant Shetye is the elected MLA representing Bicholim, North Goa, Goa."
Goa,North Goa,AC-GA-4,Tivim,MLA,Nilkanth Halarnkar,Male,Bharatiya Janata Party,1,Graduate,/assets/placeholder-avatar.svg,65000000,5500000,0,90,55,25000000,21500000,"Nilkanth Halarnkar is the elected MLA representing Tivim, North Goa, Goa."
Goa,North Goa,AC-GA-5,Mapusa,MLA,Joshua D'Souza,Male,Bharatiya Janata Party,1,Graduate,/assets/placeholder-avatar.svg,65000000,5500000,0,90,55,25000000,21500000,"Joshua D'Souza is the elected MLA representing Mapusa, North Goa, Goa."
Goa,North Goa,AC-GA-6,Siolim,MLA,Delilah Lobo,Male,Indian National Congress,1,Graduate,/assets/placeholder-avatar.svg,65000000,5500000,0,90,55,25000000,21500000,"Delilah Lobo is the elected MLA representing Siolim, North Goa, Goa."
Goa,North Goa,AC-GA-7,Saligao,MLA,Kedar Naik,Male,Indian National Congress,1,Graduate,/assets/placeholder-avatar.svg,65000000,5500000,0,90,55,25000000,21500000,"Kedar Naik is the elected MLA representing Saligao, North Goa, Goa."
Goa,North Goa,AC-GA-8,Calangute,MLA,Michael Lobo,Male,Indian National Congress,1,Graduate,/assets/candidates/michael_lobo.jpg,65000000,5500000,0,90,55,25000000,21500000,"Michael Lobo is the elected MLA representing Calangute, North Goa, Goa."
Goa,North Goa,AC-GA-9,Porvorim,MLA,Rohan Khaunte,Male,Bharatiya Janata Party,1,Graduate,/assets/placeholder-avatar.svg,65000000,5500000,0,90,55,25000000,21500000,"Rohan Khaunte is the elected MLA representing Porvorim, North Goa, Goa."
Goa,North Goa,AC-GA-10,Aldona,MLA,Carlos Alvares Ferreira,Male,Indian National Congress,1,Graduate,/assets/placeholder-avatar.svg,65000000,5500000,0,90,55,25000000,21500000,"Carlos Alvares Ferreira is the elected MLA representing Aldona, North Goa, Goa."
Goa,North Goa,AC-GA-11,Panaji,MLA,Atanasio Monserrate,Male,Bharatiya Janata Party,1,Graduate,/assets/placeholder-avatar.svg,65000000,5500000,0,90,55,25000000,21500000,"Atanasio Monserrate is the elected MLA representing Panaji, North Goa, Goa."
Goa,North Goa,AC-GA-12,Taleigao,MLA,Jennifer Monserrate,Male,Bharatiya Janata Party,1,Graduate,/assets/placeholder-avatar.svg,65000000,5500000,0,90,55,25000000,21500000,"Jennifer Monserrate is the elected MLA representing Taleigao, North Goa, Goa."
Goa,North Goa,AC-GA-13,St. Cruz,MLA,Rodolfo Fernandes,Male,Indian National Congress,1,Graduate,/assets/placeholder-avatar.svg,65000000,5500000,0,90,55,25000000,21500000,"Rodolfo Fernandes is the elected MLA representing St. Cruz, North Goa, Goa."
Goa,North Goa,AC-GA-14,St. Andre,MLA,Viresh Borkar,Male,Revolutionary Goans Party,1,Graduate,/assets/placeholder-avatar.svg,65000000,5500000,0,90,55,25000000,21500000,"Viresh Borkar is the elected MLA representing St. Andre, North Goa, Goa."
Goa,North Goa,AC-GA-15,Cumbarjua,MLA,Rajesh Faldessai,Male,Indian National Congress,1,Graduate,/assets/placeholder-avatar.svg,65000000,5500000,0,90,55,25000000,21500000,"Rajesh Faldessai is the elected MLA representing Cumbarjua, North Goa, Goa."
Goa,North Goa,AC-GA-16,Maem,MLA,Premendra Shet,Male,Bharatiya Janata Party,1,Graduate,/assets/placeholder-avatar.svg,65000000,5500000,0,90,55,25000000,21500000,"Premendra Shet is the elected MLA representing Maem, North Goa, Goa."
Goa,North Goa,AC-GA-17,Sanquelim,MLA,Pramod Sawant,Male,Bharatiya Janata Party,1,Graduate,/assets/candidates/pramod_sawant.jpg,65000000,5500000,0,90,55,25000000,21500000,"Pramod Sawant is the elected MLA representing Sanquelim, North Goa, Goa."
Goa,North Goa,AC-GA-18,Poriem,MLA,Deviya Vishwajit Rane,Male,Bharatiya Janata Party,1,Graduate,/assets/placeholder-avatar.svg,65000000,5500000,0,90,55,25000000,21500000,"Deviya Vishwajit Rane is the elected MLA representing Poriem, North Goa, Goa."
Goa,North Goa,AC-GA-19,Valpoi,MLA,Vishwajit Pratapsingh Rane,Male,Bharatiya Janata Party,1,Graduate,/assets/placeholder-avatar.svg,65000000,5500000,0,90,55,25000000,21500000,"Vishwajit Pratapsingh Rane is the elected MLA representing Valpoi, North Goa, Goa."
Goa,North Goa,AC-GA-20,Priol,MLA,Govind Gaude,Male,Bharatiya Janata Party,1,Graduate,/assets/placeholder-avatar.svg,65000000,5500000,0,90,55,25000000,21500000,"Govind Gaude is the elected MLA representing Priol, North Goa, Goa."
Goa,North Goa,AC-GA-21,Ponda,MLA,Ravi Naik,Male,Bharatiya Janata Party,1,Graduate,/assets/placeholder-avatar.svg,65000000,5500000,0,90,55,25000000,21500000,"Ravi Naik is the elected MLA representing Ponda, North Goa, Goa."
Goa,North Goa,AC-GA-22,Siroda,MLA,Subhash Shirodkar,Male,Bharatiya Janata Party,1,Graduate,/assets/placeholder-avatar.svg,65000000,5500000,0,90,55,25000000,21500000,"Subhash Shirodkar is the elected MLA representing Siroda, North Goa, Goa."
Goa,North Goa,AC-GA-23,Marcaim,MLA,Sudin Dhavalikar,Male,Maharashtrawadi Gomantak Party,1,Graduate,/assets/candidates/sudin_dhavalikar.jpg,65000000,5500000,0,90,55,25000000,21500000,"Sudin Dhavalikar is the elected MLA representing Marcaim, North Goa, Goa."
Goa,South Goa,AC-GA-24,Mormugao,MLA,Sankalp Amonkar,Male,Indian National Congress,1,Graduate,/assets/placeholder-avatar.svg,65000000,5500000,0,90,55,25000000,21500000,"Sankalp Amonkar is the elected MLA representing Mormugao, South Goa, Goa."
Goa,South Goa,AC-GA-25,Vasco da Gama,MLA,Krishna Salkar,Female,Bharatiya Janata Party,1,Graduate,/assets/placeholder-avatar.svg,65000000,5500000,0,90,55,25000000,21500000,"Krishna Salkar is the elected MLA representing Vasco da Gama, South Goa, Goa."
Goa,South Goa,AC-GA-26,Dabolim,MLA,Mauvin Godinho,Male,Bharatiya Janata Party,1,Graduate,/assets/placeholder-avatar.svg,65000000,5500000,0,90,55,25000000,21500000,"Mauvin Godinho is the elected MLA representing Dabolim, South Goa, Goa."
Goa,South Goa,AC-GA-27,Cortalim,MLA,Antonio Vas,Male,Independent,1,Graduate,/assets/placeholder-avatar.svg,65000000,5500000,0,90,55,25000000,21500000,"Antonio Vas is the elected MLA representing Cortalim, South Goa, Goa."
Goa,South Goa,AC-GA-28,Nuvem,MLA,Aleixo Sequeira,Male,Indian National Congress,1,Graduate,/assets/placeholder-avatar.svg,65000000,5500000,0,90,55,25000000,21500000,"Aleixo Sequeira is the elected MLA representing Nuvem, South Goa, Goa."
Goa,South Goa,AC-GA-29,Curtorim,MLA,Aleixo Reginaldo Lourenco,Male,Independent,1,Graduate,/assets/placeholder-avatar.svg,65000000,5500000,0,90,55,25000000,21500000,"Aleixo Reginaldo Lourenco is the elected MLA representing Curtorim, South Goa, Goa."
Goa,South Goa,AC-GA-30,Fatorda,MLA,Vijai Sardesai,Male,Goa Forward Party,1,Graduate,/assets/candidates/vijai_sardesai.jpg,65000000,5500000,0,90,55,25000000,21500000,"Vijai Sardesai is the elected MLA representing Fatorda, South Goa, Goa."
Goa,South Goa,AC-GA-31,Margao,MLA,Digambar Kamat,Male,Indian National Congress,1,Graduate,/assets/candidates/digambar_kamat.jpg,65000000,5500000,0,90,55,25000000,21500000,"Digambar Kamat is the elected MLA representing Margao, South Goa, Goa."
Goa,South Goa,AC-GA-32,Benaulim,MLA,Venzy Viegas,Male,Aam Aadmi Party,1,Graduate,/assets/placeholder-avatar.svg,65000000,5500000,0,90,55,25000000,21500000,"Venzy Viegas is the elected MLA representing Benaulim, South Goa, Goa."
Goa,South Goa,AC-GA-33,Navelim,MLA,Ulhas Tuenkar,Male,Bharatiya Janata Party,1,Graduate,/assets/placeholder-avatar.svg,65000000,5500000,0,90,55,25000000,21500000,"Ulhas Tuenkar is the elected MLA representing Navelim, South Goa, Goa."
Goa,South Goa,AC-GA-34,Cuncolim,MLA,Yuri Alemao,Male,Indian National Congress,1,Graduate,/assets/placeholder-avatar.svg,65000000,5500000,0,90,55,25000000,21500000,"Yuri Alemao is the elected MLA representing Cuncolim, South Goa, Goa."
Goa,South Goa,AC-GA-35,Velim,MLA,Cruz Silva,Male,Aam Aadmi Party,1,Graduate,/assets/placeholder-avatar.svg,65000000,5500000,0,90,55,25000000,21500000,"Cruz Silva is the elected MLA representing Velim, South Goa, Goa."
Goa,South Goa,AC-GA-36,Quepem,MLA,Altone D'Costa,Male,Indian National Congress,1,Graduate,/assets/placeholder-avatar.svg,65000000,5500000,0,90,55,25000000,21500000,"Altone D'Costa is the elected MLA representing Quepem, South Goa, Goa."
Goa,South Goa,AC-GA-37,Curchorem,MLA,Nilesh Cabral,Male,Bharatiya Janata Party,1,Graduate,/assets/placeholder-avatar.svg,65000000,5500000,0,90,55,25000000,21500000,"Nilesh Cabral is the elected MLA representing Curchorem, South Goa, Goa."
Goa,South Goa,AC-GA-38,Sanvordem,MLA,Ganesh Gaonkar,Male,Bharatiya Janata Party,1,Graduate,/assets/placeholder-avatar.svg,65000000,5500000,0,90,55,25000000,21500000,"Ganesh Gaonkar is the elected MLA representing Sanvordem, South Goa, Goa."
Goa,South Goa,AC-GA-39,Sanguem,MLA,Subhash Phal Desai,Male,Bharatiya Janata Party,1,Graduate,/assets/placeholder-avatar.svg,65000000,5500000,0,90,55,25000000,21500000,"Subhash Phal Desai is the elected MLA representing Sanguem, South Goa, Goa."
Goa,South Goa,AC-GA-40,Canacona,MLA,Ramesh Tawadkar,Male,Bharatiya Janata Party,1,Graduate,/assets/placeholder-avatar.svg,65000000,5500000,0,90,55,25000000,21500000,"Ramesh Tawadkar is the elected MLA representing Canacona, South Goa, Goa."
Chhattisgarh,Koriya,AC-CG-1,Bharatpur-Sonhat (ST),MLA,Renuka Singh,Female,Bharatiya Janata Party,1,Graduate,/assets/candidates/renuka_singh.jpg,65000000,5500000,0,90,55,40000000,34400000,"Renuka Singh is the elected MLA representing Bharatpur-Sonhat (ST), Koriya, Chhattisgarh."
Chhattisgarh,Koriya,AC-CG-2,Manendragarh,MLA,Shyam Bihari Jaiswal,Male,Bharatiya Janata Party,1,Graduate,/assets/placeholder-avatar.svg,65000000,5500000,0,90,55,40000000,34400000,"Shyam Bihari Jaiswal is the elected MLA representing Manendragarh, Koriya, Chhattisgarh."
Chhattisgarh,Koriya,AC-CG-3,Baikunthpur,MLA,Bhaiyalal Rajwade,Male,Bharatiya Janata Party,1,Graduate,/assets/placeholder-avatar.svg,65000000,5500000,0,90,55,40000000,34400000,"Bhaiyalal Rajwade is the elected MLA representing Baikunthpur, Koriya, Chhattisgarh."
Chhattisgarh,Surajpur,AC-CG-4,Premnagar,MLA,Bhulan Singh Marabi,Male,Bharatiya Janata Party,1,Graduate,/assets/placeholder-avatar.svg,65000000,5500000,0,90,55,40000000,34400000,"Bhulan Singh Marabi is the elected MLA representing Premnagar, Surajpur, Chhattisgarh."
Chhattisgarh,Surajpur,AC-CG-5,Bhatgaon,MLA,Laxmi Rajwade,Female,Bharatiya Janata Party,1,Graduate,/assets/placeholder-avatar.svg,65000000,5500000,0,90,55,40000000,34400000,"Laxmi Rajwade is the elected MLA representing Bhatgaon, Surajpur, Chhattisgarh."
Chhattisgarh,Balrampur,AC-CG-6,Pratappur (ST),MLA,Shakuntala Singh Portey,Female,Bharatiya Janata Party,1,Graduate,/assets/placeholder-avatar.svg,65000000,5500000,0,90,55,40000000,34400000,"Shakuntala Singh Portey is the elected MLA representing Pratappur (ST), Balrampur, Chhattisgarh."
Chhattisgarh,Balrampur,AC-CG-7,Ramanujganj (ST),MLA,Ramvichar Netam,Male,Bharatiya Janata Party,1,Graduate,/assets/placeholder-avatar.svg,65000000,5500000,0,90,55,40000000,34400000,"Ramvichar Netam is the elected MLA representing Ramanujganj (ST), Balrampur, Chhattisgarh."
Chhattisgarh,Balrampur,AC-CG-8,Samri (ST),MLA,Uddheshwari Paikra,Male,Bharatiya Janata Party,1,Graduate,/assets/placeholder-avatar.svg,65000000,5500000,0,90,55,40000000,34400000,"Uddheshwari Paikra is the elected MLA representing Samri (ST), Balrampur, Chhattisgarh."
Chhattisgarh,Surguja,AC-CG-9,Lundra (ST),MLA,Prabodh Minz,Male,Bharatiya Janata Party,1,Graduate,/assets/placeholder-avatar.svg,65000000,5500000,0,90,55,40000000,34400000,"Prabodh Minz is the elected MLA representing Lundra (ST), Surguja, Chhattisgarh."
Chhattisgarh,Surguja,AC-CG-10,Ambikapur,MLA,Rajesh Agrawal,Male,Bharatiya Janata Party,1,Graduate,/assets/placeholder-avatar.svg,65000000,5500000,0,90,55,40000000,34400000,"Rajesh Agrawal is the elected MLA representing Ambikapur, Surguja, Chhattisgarh."
Chhattisgarh,Surguja,AC-CG-11,Sitapur (ST),MLA,Ramkumar Toppo,Male,Bharatiya Janata Party,1,Graduate,/assets/placeholder-avatar.svg,65000000,5500000,0,90,55,40000000,34400000,"Ramkumar Toppo is the elected MLA representing Sitapur (ST), Surguja, Chhattisgarh."
Chhattisgarh,Jashpur,AC-CG-12,Jashpur (ST),MLA,Raymuni Bhagat,Male,Bharatiya Janata Party,1,Graduate,/assets/placeholder-avatar.svg,65000000,5500000,0,90,55,40000000,34400000,"Raymuni Bhagat is the elected MLA representing Jashpur (ST), Jashpur, Chhattisgarh."
Chhattisgarh,Jashpur,AC-CG-13,Kunkuri (ST),MLA,Vishnu Deo Sai,Male,Bharatiya Janata Party,1,Graduate,/assets/candidates/vishnu_deo_sai.jpg,65000000,5500000,0,90,55,40000000,34400000,"Vishnu Deo Sai is the elected MLA representing Kunkuri (ST), Jashpur, Chhattisgarh."
Chhattisgarh,Jashpur,AC-CG-14,Pathalgaon (ST),MLA,Gomati Sai,Male,Bharatiya Janata Party,1,Graduate,/assets/placeholder-avatar.svg,65000000,5500000,0,90,55,40000000,34400000,"Gomati Sai is the elected MLA representing Pathalgaon (ST), Jashpur, Chhattisgarh."
Chhattisgarh,Raigarh,AC-CG-15,Lailunga (ST),MLA,Vidyawati Sidar,Female,Indian National Congress,1,Graduate,/assets/placeholder-avatar.svg,65000000,5500000,0,90,55,40000000,34400000,"Vidyawati Sidar is the elected MLA representing Lailunga (ST), Raigarh, Chhattisgarh."
Chhattisgarh,Raigarh,AC-CG-16,Raigarh,MLA,O. P. Choudhary,Male,Bharatiya Janata Party,1,Graduate,/assets/placeholder-avatar.svg,65000000,5500000,0,90,55,40000000,34400000,"O. P. Choudhary is the elected MLA representing Raigarh, Raigarh, Chhattisgarh."
Chhattisgarh,Raigarh,AC-CG-17,Sarangarh (SC),MLA,Uttari Ganpat Jangde,Male,Indian National Congress,1,Graduate,/assets/placeholder-avatar.svg,65000000,5500000,0,90,55,40000000,34400000,"Uttari Ganpat Jangde is the elected MLA representing Sarangarh (SC), Raigarh, Chhattisgarh."
Chhattisgarh,Raigarh,AC-CG-18,Kharsia,MLA,Umesh Patel,Male,Indian National Congress,1,Graduate,/assets/placeholder-avatar.svg,65000000,5500000,0,90,55,40000000,34400000,"Umesh Patel is the elected MLA representing Kharsia, Raigarh, Chhattisgarh."
Chhattisgarh,Raigarh,AC-CG-19,Dharamjaigarh (ST),MLA,Laljeet Singh Rathia,Male,Indian National Congress,1,Graduate,/assets/placeholder-avatar.svg,65000000,5500000,0,90,55,40000000,34400000,"Laljeet Singh Rathia is the elected MLA representing Dharamjaigarh (ST), Raigarh, Chhattisgarh."
Chhattisgarh,Korba,AC-CG-20,Rampur (ST),MLA,Phool Singh Rathiya,Male,Indian National Congress,1,Graduate,/assets/placeholder-avatar.svg,65000000,5500000,0,90,55,40000000,34400000,"Phool Singh Rathiya is the elected MLA representing Rampur (ST), Korba, Chhattisgarh."
Chhattisgarh,Korba,AC-CG-21,Korba,MLA,Lakhan Lal Dewangan,Male,Bharatiya Janata Party,1,Graduate,/assets/placeholder-avatar.svg,65000000,5500000,0,90,55,40000000,34400000,"Lakhan Lal Dewangan is the elected MLA representing Korba, Korba, Chhattisgarh."
Chhattisgarh,Korba,AC-CG-22,Katghora,MLA,Premchand Patel,Male,Bharatiya Janata Party,1,Graduate,/assets/placeholder-avatar.svg,65000000,5500000,0,90,55,40000000,34400000,"Premchand Patel is the elected MLA representing Katghora, Korba, Chhattisgarh."
Chhattisgarh,Korba,AC-CG-23,Pali-Tanakhar (ST),MLA,Tuleshwar Markam,Male,Gondwana Gantantra Party,1,Graduate,/assets/placeholder-avatar.svg,65000000,5500000,0,90,55,40000000,34400000,"Tuleshwar Markam is the elected MLA representing Pali-Tanakhar (ST), Korba, Chhattisgarh."
Chhattisgarh,Gaurela Pendra Marwahi,AC-CG-24,Marwahi (ST),MLA,Pranav Kumar Marpachi,Male,Bharatiya Janata Party,1,Graduate,/assets/placeholder-avatar.svg,65000000,5500000,0,90,55,40000000,34400000,"Pranav Kumar Marpachi is the elected MLA representing Marwahi (ST), Gaurela Pendra Marwahi, Chhattisgarh."
Chhattisgarh,Gaurela Pendra Marwahi,AC-CG-25,Kota,MLA,Atal Shrivastava,Male,Indian National Congress,1,Graduate,/assets/placeholder-avatar.svg,65000000,5500000,0,90,55,40000000,34400000,"Atal Shrivastava is the elected MLA representing Kota, Gaurela Pendra Marwahi, Chhattisgarh."
Chhattisgarh,Mungeli,AC-CG-26,Lormi,Deputy Chief Minister / MLA,Arun Sao,Male,Bharatiya Janata Party,1,Graduate,/assets/placeholder-avatar.svg,65000000,5500000,0,90,55,40000000,34400000,"Arun Sao is the elected MLA representing Lormi, Mungeli, Chhattisgarh."
Chhattisgarh,Mungeli,AC-CG-27,Mungeli (SC),MLA,Punnulal Mohle,Male,Bharatiya Janata Party,1,Graduate,/assets/placeholder-avatar.svg,65000000,5500000,0,90,55,40000000,34400000,"Punnulal Mohle is the elected MLA representing Mungeli (SC), Mungeli, Chhattisgarh."
Chhattisgarh,Bilaspur,AC-CG-28,Takhatpur,MLA,Dharmjeet Singh Thakur,Male,Bharatiya Janata Party,1,Graduate,/assets/placeholder-avatar.svg,65000000,5500000,0,90,55,40000000,34400000,"Dharmjeet Singh Thakur is the elected MLA representing Takhatpur, Bilaspur, Chhattisgarh."
Chhattisgarh,Bilaspur,AC-CG-29,Bilha,MLA,Dharamlal Kaushik,Male,Bharatiya Janata Party,1,Graduate,/assets/placeholder-avatar.svg,65000000,5500000,0,90,55,40000000,34400000,"Dharamlal Kaushik is the elected MLA representing Bilha, Bilaspur, Chhattisgarh."
Chhattisgarh,Bilaspur,AC-CG-30,Bilaspur,MLA,Amar Agrawal,Male,Bharatiya Janata Party,1,Graduate,/assets/placeholder-avatar.svg,65000000,5500000,0,90,55,40000000,34400000,"Amar Agrawal is the elected MLA representing Bilaspur, Bilaspur, Chhattisgarh."
Chhattisgarh,Bilaspur,AC-CG-31,Beltara,MLA,Sushant Shukla,Male,Bharatiya Janata Party,1,Graduate,/assets/placeholder-avatar.svg,65000000,5500000,0,90,55,40000000,34400000,"Sushant Shukla is the elected MLA representing Beltara, Bilaspur, Chhattisgarh."
Chhattisgarh,Bilaspur,AC-CG-32,Masturi (SC),MLA,Dilip Lahariya,Male,Indian National Congress,1,Graduate,/assets/placeholder-avatar.svg,65000000,5500000,0,90,55,40000000,34400000,"Dilip Lahariya is the elected MLA representing Masturi (SC), Bilaspur, Chhattisgarh."
Chhattisgarh,Janjgir-Champa,AC-CG-33,Akaltara,MLA,Raghavendra Kumar Singh,Male,Indian National Congress,1,Graduate,/assets/placeholder-avatar.svg,65000000,5500000,0,90,55,40000000,34400000,"Raghavendra Kumar Singh is the elected MLA representing Akaltara, Janjgir-Champa, Chhattisgarh."
Chhattisgarh,Janjgir-Champa,AC-CG-34,Janjgir-Champa,MLA,Vyas Kashyap,Male,Indian National Congress,1,Graduate,/assets/placeholder-avatar.svg,65000000,5500000,0,90,55,40000000,34400000,"Vyas Kashyap is the elected MLA representing Janjgir-Champa, Janjgir-Champa, Chhattisgarh."
Chhattisgarh,Janjgir-Champa,AC-CG-35,Sakti,MLA,Charan Das Mahant,Male,Indian National Congress,1,Graduate,/assets/placeholder-avatar.svg,65000000,5500000,0,90,55,40000000,34400000,"Charan Das Mahant is the elected MLA representing Sakti, Janjgir-Champa, Chhattisgarh."
Chhattisgarh,Janjgir-Champa,AC-CG-36,Chandrapur,MLA,Ram Kumar Yadav,Male,Indian National Congress,1,Graduate,/assets/placeholder-avatar.svg,65000000,5500000,0,90,55,40000000,34400000,"Ram Kumar Yadav is the elected MLA representing Chandrapur, Janjgir-Champa, Chhattisgarh."
Chhattisgarh,Janjgir-Champa,AC-CG-37,Jaijaipur,MLA,Baleshwar Sahu,Male,Indian National Congress,1,Graduate,/assets/placeholder-avatar.svg,65000000,5500000,0,90,55,40000000,34400000,"Baleshwar Sahu is the elected MLA representing Jaijaipur, Janjgir-Champa, Chhattisgarh."
Chhattisgarh,Janjgir-Champa,AC-CG-38,Pamgarh (SC),MLA,Sheshraj Harvansh,Male,Indian National Congress,1,Graduate,/assets/placeholder-avatar.svg,65000000,5500000,0,90,55,40000000,34400000,"Sheshraj Harvansh is the elected MLA representing Pamgarh (SC), Janjgir-Champa, Chhattisgarh."
Chhattisgarh,Mahasamund,AC-CG-39,Saraipali (SC),MLA,Chaturi Nand,Male,Indian National Congress,1,Graduate,/assets/placeholder-avatar.svg,65000000,5500000,0,90,55,40000000,34400000,"Chaturi Nand is the elected MLA representing Saraipali (SC), Mahasamund, Chhattisgarh."
Chhattisgarh,Mahasamund,AC-CG-40,Basna,MLA,Sampat Agrawal,Male,Bharatiya Janata Party,1,Graduate,/assets/placeholder-avatar.svg,65000000,5500000,0,90,55,40000000,34400000,"Sampat Agrawal is the elected MLA representing Basna, Mahasamund, Chhattisgarh."
Chhattisgarh,Mahasamund,AC-CG-41,Khallari,MLA,Dwarikadhish Yadav,Male,Indian National Congress,1,Graduate,/assets/placeholder-avatar.svg,65000000,5500000,0,90,55,40000000,34400000,"Dwarikadhish Yadav is the elected MLA representing Khallari, Mahasamund, Chhattisgarh."
Chhattisgarh,Mahasamund,AC-CG-42,Mahasamund,MLA,Yogeshwar Raju Sinha,Male,Bharatiya Janata Party,1,Graduate,/assets/placeholder-avatar.svg,65000000,5500000,0,90,55,40000000,34400000,"Yogeshwar Raju Sinha is the elected MLA representing Mahasamund, Mahasamund, Chhattisgarh."
Chhattisgarh,Baloda Bazar,AC-CG-43,Bilaigarh (SC),MLA,Kavita Pran Lahrey,Female,Indian National Congress,1,Graduate,/assets/placeholder-avatar.svg,65000000,5500000,0,90,55,40000000,34400000,"Kavita Pran Lahrey is the elected MLA representing Bilaigarh (SC), Baloda Bazar, Chhattisgarh."
Chhattisgarh,Baloda Bazar,AC-CG-44,Kasdol,MLA,Sandeep Sahu,Male,Indian National Congress,1,Graduate,/assets/placeholder-avatar.svg,65000000,5500000,0,90,55,40000000,34400000,"Sandeep Sahu is the elected MLA representing Kasdol, Baloda Bazar, Chhattisgarh."
Chhattisgarh,Baloda Bazar,AC-CG-45,Baloda Bazar,MLA,Tank Ram Verma,Male,Bharatiya Janata Party,1,Graduate,/assets/placeholder-avatar.svg,65000000,5500000,0,90,55,40000000,34400000,"Tank Ram Verma is the elected MLA representing Baloda Bazar, Baloda Bazar, Chhattisgarh."
Chhattisgarh,Baloda Bazar,AC-CG-46,Bhatapara,MLA,Inder Kumar Sao,Male,Indian National Congress,1,Graduate,/assets/placeholder-avatar.svg,65000000,5500000,0,90,55,40000000,34400000,"Inder Kumar Sao is the elected MLA representing Bhatapara, Baloda Bazar, Chhattisgarh."
Chhattisgarh,Raipur,AC-CG-47,Dharsiwa,MLA,Anuj Sharma,Male,Bharatiya Janata Party,1,Graduate,/assets/placeholder-avatar.svg,65000000,5500000,0,90,55,40000000,34400000,"Anuj Sharma is the elected MLA representing Dharsiwa, Raipur, Chhattisgarh."
Chhattisgarh,Raipur,AC-CG-48,Raipur City Gramin,MLA,Motilal Sahu,Male,Bharatiya Janata Party,1,Graduate,/assets/placeholder-avatar.svg,65000000,5500000,0,90,55,40000000,34400000,"Motilal Sahu is the elected MLA representing Raipur City Gramin, Raipur, Chhattisgarh."
Chhattisgarh,Raipur,AC-CG-49,Raipur City West,MLA,Rajesh Munat,Male,Bharatiya Janata Party,1,Graduate,/assets/placeholder-avatar.svg,65000000,5500000,0,90,55,40000000,34400000,"Rajesh Munat is the elected MLA representing Raipur City West, Raipur, Chhattisgarh."
Chhattisgarh,Raipur,AC-CG-50,Raipur City North,MLA,Purandar Mishra,Male,Bharatiya Janata Party,1,Graduate,/assets/placeholder-avatar.svg,65000000,5500000,0,90,55,40000000,34400000,"Purandar Mishra is the elected MLA representing Raipur City North, Raipur, Chhattisgarh."
Chhattisgarh,Raipur,AC-CG-51,Raipur City South,MLA,Brijmohan Agrawal,Male,Bharatiya Janata Party,1,Graduate,/assets/placeholder-avatar.svg,65000000,5500000,0,90,55,40000000,34400000,"Brijmohan Agrawal is the elected MLA representing Raipur City South, Raipur, Chhattisgarh."
Chhattisgarh,Raipur,AC-CG-52,Arang (SC),MLA,Guru Khushwant Saheb,Male,Bharatiya Janata Party,1,Graduate,/assets/placeholder-avatar.svg,65000000,5500000,0,90,55,40000000,34400000,"Guru Khushwant Saheb is the elected MLA representing Arang (SC), Raipur, Chhattisgarh."
Chhattisgarh,Raipur,AC-CG-53,Abhanpur,MLA,Indra Kumar Sahu,Male,Bharatiya Janata Party,1,Graduate,/assets/placeholder-avatar.svg,65000000,5500000,0,90,55,40000000,34400000,"Indra Kumar Sahu is the elected MLA representing Abhanpur, Raipur, Chhattisgarh."
Chhattisgarh,Gariaband,AC-CG-54,Rajim,MLA,Rohit Sahu,Male,Bharatiya Janata Party,1,Graduate,/assets/placeholder-avatar.svg,65000000,5500000,0,90,55,40000000,34400000,"Rohit Sahu is the elected MLA representing Rajim, Gariaband, Chhattisgarh."
Chhattisgarh,Gariaband,AC-CG-55,Bindrawagarh (ST),MLA,Janak Dhruw,Male,Indian National Congress,1,Graduate,/assets/placeholder-avatar.svg,65000000,5500000,0,90,55,40000000,34400000,"Janak Dhruw is the elected MLA representing Bindrawagarh (ST), Gariaband, Chhattisgarh."
Chhattisgarh,Dhamtari,AC-CG-56,Sihawa (ST),MLA,Ambika Markam,Female,Indian National Congress,1,Graduate,/assets/placeholder-avatar.svg,65000000,5500000,0,90,55,40000000,34400000,"Ambika Markam is the elected MLA representing Sihawa (ST), Dhamtari, Chhattisgarh."
Chhattisgarh,Dhamtari,AC-CG-57,Kurud,MLA,Ajay Chandrakar,Male,Bharatiya Janata Party,1,Graduate,/assets/placeholder-avatar.svg,65000000,5500000,0,90,55,40000000,34400000,"Ajay Chandrakar is the elected MLA representing Kurud, Dhamtari, Chhattisgarh."
Chhattisgarh,Dhamtari,AC-CG-58,Dhamtari,MLA,Onkar Sahu,Male,Indian National Congress,1,Graduate,/assets/placeholder-avatar.svg,65000000,5500000,0,90,55,40000000,34400000,"Onkar Sahu is the elected MLA representing Dhamtari, Dhamtari, Chhattisgarh."
Chhattisgarh,Balod,AC-CG-59,Sanjari-Balod,MLA,Sangeeta Sinha,Female,Indian National Congress,1,Graduate,/assets/placeholder-avatar.svg,65000000,5500000,0,90,55,40000000,34400000,"Sangeeta Sinha is the elected MLA representing Sanjari-Balod, Balod, Chhattisgarh."
Chhattisgarh,Balod,AC-CG-60,Dondi Lohara (ST),MLA,Anila Bhendiya,Male,Indian National Congress,1,Graduate,/assets/placeholder-avatar.svg,65000000,5500000,0,90,55,40000000,34400000,"Anila Bhendiya is the elected MLA representing Dondi Lohara (ST), Balod, Chhattisgarh."
Chhattisgarh,Balod,AC-CG-61,Gunderdehi,MLA,Kunwer Singh Nishad,Male,Indian National Congress,1,Graduate,/assets/placeholder-avatar.svg,65000000,5500000,0,90,55,40000000,34400000,"Kunwer Singh Nishad is the elected MLA representing Gunderdehi, Balod, Chhattisgarh."
Chhattisgarh,Durg,AC-CG-62,Patan,MLA,Bhupesh Baghel,Male,Indian National Congress,1,Graduate,/assets/candidates/bhupesh_baghel.jpg,65000000,5500000,0,90,55,40000000,34400000,"Bhupesh Baghel is the elected MLA representing Patan, Durg, Chhattisgarh."
Chhattisgarh,Durg,AC-CG-63,Durg Gramin,MLA,Lalit Chandrakar,Male,Bharatiya Janata Party,1,Graduate,/assets/placeholder-avatar.svg,65000000,5500000,0,90,55,40000000,34400000,"Lalit Chandrakar is the elected MLA representing Durg Gramin, Durg, Chhattisgarh."
Chhattisgarh,Durg,AC-CG-64,Durg City,MLA,Gajendra Yadav,Male,Bharatiya Janata Party,1,Graduate,/assets/placeholder-avatar.svg,65000000,5500000,0,90,55,40000000,34400000,"Gajendra Yadav is the elected MLA representing Durg City, Durg, Chhattisgarh."
Chhattisgarh,Durg,AC-CG-65,Bhilai Nagar,MLA,Devendra Yadav,Male,Indian National Congress,1,Graduate,/assets/placeholder-avatar.svg,65000000,5500000,0,90,55,40000000,34400000,"Devendra Yadav is the elected MLA representing Bhilai Nagar, Durg, Chhattisgarh."
Chhattisgarh,Durg,AC-CG-66,Vaishali Nagar,MLA,Rikesh Sen,Male,Bharatiya Janata Party,1,Graduate,/assets/placeholder-avatar.svg,65000000,5500000,0,90,55,40000000,34400000,"Rikesh Sen is the elected MLA representing Vaishali Nagar, Durg, Chhattisgarh."
Chhattisgarh,Durg,AC-CG-67,Ahiwara (SC),MLA,Domanlal Korsewada,Male,Bharatiya Janata Party,1,Graduate,/assets/placeholder-avatar.svg,65000000,5500000,0,90,55,40000000,34400000,"Domanlal Korsewada is the elected MLA representing Ahiwara (SC), Durg, Chhattisgarh."
Chhattisgarh,Bemetara,AC-CG-68,Saja,MLA,Ishwar Sahu,Male,Bharatiya Janata Party,1,Graduate,/assets/placeholder-avatar.svg,65000000,5500000,0,90,55,40000000,34400000,"Ishwar Sahu is the elected MLA representing Saja, Bemetara, Chhattisgarh."
Chhattisgarh,Bemetara,AC-CG-69,Bemetara,MLA,Dipesh Sahu,Male,Bharatiya Janata Party,1,Graduate,/assets/placeholder-avatar.svg,65000000,5500000,0,90,55,40000000,34400000,"Dipesh Sahu is the elected MLA representing Bemetara, Bemetara, Chhattisgarh."
Chhattisgarh,Bemetara,AC-CG-70,Navagarh (SC),MLA,Dayaldas Baghel,Male,Bharatiya Janata Party,1,Graduate,/assets/placeholder-avatar.svg,65000000,5500000,0,90,55,40000000,34400000,"Dayaldas Baghel is the elected MLA representing Navagarh (SC), Bemetara, Chhattisgarh."
Chhattisgarh,Kabirdham,AC-CG-71,Pandariya,MLA,Bhawna Bohra,Male,Bharatiya Janata Party,1,Graduate,/assets/placeholder-avatar.svg,65000000,5500000,0,90,55,40000000,34400000,"Bhawna Bohra is the elected MLA representing Pandariya, Kabirdham, Chhattisgarh."
Chhattisgarh,Kabirdham,AC-CG-72,Kawardha,Deputy Chief Minister / MLA,Vijay Sharma,Male,Bharatiya Janata Party,1,Graduate,/assets/placeholder-avatar.svg,65000000,5500000,0,90,55,40000000,34400000,"Vijay Sharma is the elected MLA representing Kawardha, Kabirdham, Chhattisgarh."
Chhattisgarh,Rajnandgaon,AC-CG-73,Khairagarh,MLA,Yashoda Verma,Male,Indian National Congress,1,Graduate,/assets/placeholder-avatar.svg,65000000,5500000,0,90,55,40000000,34400000,"Yashoda Verma is the elected MLA representing Khairagarh, Rajnandgaon, Chhattisgarh."
Chhattisgarh,Rajnandgaon,AC-CG-74,Dongargarh (SC),MLA,Harshita Swami Baghel,Male,Indian National Congress,1,Graduate,/assets/placeholder-avatar.svg,65000000,5500000,0,90,55,40000000,34400000,"Harshita Swami Baghel is the elected MLA representing Dongargarh (SC), Rajnandgaon, Chhattisgarh."
Chhattisgarh,Rajnandgaon,AC-CG-75,Rajnandgaon,MLA,Raman Singh,Male,Bharatiya Janata Party,1,Graduate,/assets/candidates/raman_singh.jpg,65000000,5500000,0,90,55,40000000,34400000,"Raman Singh is the elected MLA representing Rajnandgaon, Rajnandgaon, Chhattisgarh."
Chhattisgarh,Rajnandgaon,AC-CG-76,Dongargaon,MLA,Daleshwar Sahu,Male,Indian National Congress,1,Graduate,/assets/placeholder-avatar.svg,65000000,5500000,0,90,55,40000000,34400000,"Daleshwar Sahu is the elected MLA representing Dongargaon, Rajnandgaon, Chhattisgarh."
Chhattisgarh,Rajnandgaon,AC-CG-77,Khujji,MLA,Bholaram Sahu,Male,Indian National Congress,1,Graduate,/assets/placeholder-avatar.svg,65000000,5500000,0,90,55,40000000,34400000,"Bholaram Sahu is the elected MLA representing Khujji, Rajnandgaon, Chhattisgarh."
Chhattisgarh,Rajnandgaon,AC-CG-78,Mohla-Manpur (ST),MLA,Indrashah Mandavi,Male,Indian National Congress,1,Graduate,/assets/placeholder-avatar.svg,65000000,5500000,0,90,55,40000000,34400000,"Indrashah Mandavi is the elected MLA representing Mohla-Manpur (ST), Rajnandgaon, Chhattisgarh."
Chhattisgarh,Kanker,AC-CG-79,Antagarh (ST),MLA,Vikram Usendi,Male,Bharatiya Janata Party,1,Graduate,/assets/placeholder-avatar.svg,65000000,5500000,0,90,55,40000000,34400000,"Vikram Usendi is the elected MLA representing Antagarh (ST), Kanker, Chhattisgarh."
Chhattisgarh,Kanker,AC-CG-80,Bhanupratappur (ST),MLA,Savitri Manoj Mandavi,Female,Indian National Congress,1,Graduate,/assets/placeholder-avatar.svg,65000000,5500000,0,90,55,40000000,34400000,"Savitri Manoj Mandavi is the elected MLA representing Bhanupratappur (ST), Kanker, Chhattisgarh."
Chhattisgarh,Kanker,AC-CG-81,Kanker (ST),MLA,Asharam Netam,Male,Bharatiya Janata Party,1,Graduate,/assets/placeholder-avatar.svg,65000000,5500000,0,90,55,40000000,34400000,"Asharam Netam is the elected MLA representing Kanker (ST), Kanker, Chhattisgarh."
Chhattisgarh,Kondagaon,AC-CG-82,Keshkal (ST),MLA,Neelkanth Tekam,Male,Bharatiya Janata Party,1,Graduate,/assets/placeholder-avatar.svg,65000000,5500000,0,90,55,40000000,34400000,"Neelkanth Tekam is the elected MLA representing Keshkal (ST), Kondagaon, Chhattisgarh."
Chhattisgarh,Kondagaon,AC-CG-83,Kondagaon (ST),MLA,Lata Usendi,Female,Bharatiya Janata Party,1,Graduate,/assets/placeholder-avatar.svg,65000000,5500000,0,90,55,40000000,34400000,"Lata Usendi is the elected MLA representing Kondagaon (ST), Kondagaon, Chhattisgarh."
Chhattisgarh,Narayanpur,AC-CG-84,Narayanpur (ST),MLA,Kedar Nath Kashyap,Male,Bharatiya Janata Party,1,Graduate,/assets/placeholder-avatar.svg,65000000,5500000,0,90,55,40000000,34400000,"Kedar Nath Kashyap is the elected MLA representing Narayanpur (ST), Narayanpur, Chhattisgarh."
Chhattisgarh,Bastar,AC-CG-85,Bastar (ST),MLA,Lakheshwar Baghel,Male,Indian National Congress,1,Graduate,/assets/placeholder-avatar.svg,65000000,5500000,0,90,55,40000000,34400000,"Lakheshwar Baghel is the elected MLA representing Bastar (ST), Bastar, Chhattisgarh."
Chhattisgarh,Bastar,AC-CG-86,Jagdalpur,MLA,Kiran Singh Deo,Female,Bharatiya Janata Party,1,Graduate,/assets/placeholder-avatar.svg,65000000,5500000,0,90,55,40000000,34400000,"Kiran Singh Deo is the elected MLA representing Jagdalpur, Bastar, Chhattisgarh."
Chhattisgarh,Bastar,AC-CG-87,Chitrakot (ST),MLA,Vinayak Goyal,Male,Bharatiya Janata Party,1,Graduate,/assets/placeholder-avatar.svg,65000000,5500000,0,90,55,40000000,34400000,"Vinayak Goyal is the elected MLA representing Chitrakot (ST), Bastar, Chhattisgarh."
Chhattisgarh,Dantewada,AC-CG-88,Dantewada (ST),MLA,Chaitram Atami,Male,Bharatiya Janata Party,1,Graduate,/assets/placeholder-avatar.svg,65000000,5500000,0,90,55,40000000,34400000,"Chaitram Atami is the elected MLA representing Dantewada (ST), Dantewada, Chhattisgarh."
Chhattisgarh,Bijapur,AC-CG-89,Bijapur (ST),MLA,Vikram Mandavi,Male,Indian National Congress,1,Graduate,/assets/placeholder-avatar.svg,65000000,5500000,0,90,55,40000000,34400000,"Vikram Mandavi is the elected MLA representing Bijapur (ST), Bijapur, Chhattisgarh."
Chhattisgarh,Sukma,AC-CG-90,Konta (ST),MLA,Kawasi Lakhma,Male,Indian National Congress,1,Graduate,/assets/placeholder-avatar.svg,65000000,5500000,0,90,55,40000000,34400000,"Kawasi Lakhma is the elected MLA representing Konta (ST), Sukma, Chhattisgarh."
Tamil Nadu,Tiruvallur,AC-TN-1,Gummidipoondi,MLA,T. J. Govindrajan,Male,Dravida Munnetra Kazhagam,1,Graduate,/assets/placeholder-avatar.svg,65000000,5500000,0,90,55,30000000,25800000,"T. J. Govindrajan is the elected MLA representing Gummidipoondi, Tiruvallur, Tamil Nadu."
Tamil Nadu,Tiruvallur,AC-TN-2,Ponneri,MLA,Durai Chandrasekar,Male,Indian National Congress,1,Graduate,/assets/placeholder-avatar.svg,65000000,5500000,0,90,55,30000000,25800000,"Durai Chandrasekar is the elected MLA representing Ponneri, Tiruvallur, Tamil Nadu."
Tamil Nadu,Tiruvallur,AC-TN-3,Tiruttani,MLA,S. Chandran,Male,Dravida Munnetra Kazhagam,1,Graduate,/assets/placeholder-avatar.svg,65000000,5500000,0,90,55,30000000,25800000,"S. Chandran is the elected MLA representing Tiruttani, Tiruvallur, Tamil Nadu."
Tamil Nadu,Tiruvallur,AC-TN-4,Thiruvallur,MLA,V. G. Raajendran,Male,Dravida Munnetra Kazhagam,1,Graduate,/assets/placeholder-avatar.svg,65000000,5500000,0,90,55,30000000,25800000,"V. G. Raajendran is the elected MLA representing Thiruvallur, Tiruvallur, Tamil Nadu."
Tamil Nadu,Tiruvallur,AC-TN-5,Poonamallee,MLA,A. Krishnaswamy,Male,Dravida Munnetra Kazhagam,1,Graduate,/assets/placeholder-avatar.svg,65000000,5500000,0,90,55,30000000,25800000,"A. Krishnaswamy is the elected MLA representing Poonamallee, Tiruvallur, Tamil Nadu."
Tamil Nadu,Tiruvallur,AC-TN-6,Avadi,MLA,S. M. Nasar,Male,Dravida Munnetra Kazhagam,1,Graduate,/assets/placeholder-avatar.svg,65000000,5500000,0,90,55,30000000,25800000,"S. M. Nasar is the elected MLA representing Avadi, Tiruvallur, Tamil Nadu."
Tamil Nadu,Chennai,AC-TN-7,Maduravoyal,MLA,K. Ganapathy,Male,Dravida Munnetra Kazhagam,1,Graduate,/assets/placeholder-avatar.svg,65000000,5500000,0,90,55,30000000,25800000,"K. Ganapathy is the elected MLA representing Maduravoyal, Chennai, Tamil Nadu."
Tamil Nadu,Chennai,AC-TN-8,Ambattur,MLA,Joseph Samuel,Male,Dravida Munnetra Kazhagam,1,Graduate,/assets/placeholder-avatar.svg,65000000,5500000,0,90,55,30000000,25800000,"Joseph Samuel is the elected MLA representing Ambattur, Chennai, Tamil Nadu."
Tamil Nadu,Chennai,AC-TN-9,Madavaram,MLA,S. Sudharsanam,Male,Dravida Munnetra Kazhagam,1,Graduate,/assets/placeholder-avatar.svg,65000000,5500000,0,90,55,30000000,25800000,"S. Sudharsanam is the elected MLA representing Madavaram, Chennai, Tamil Nadu."
Tamil Nadu,Chennai,AC-TN-10,Thiruvottiyur,MLA,K. P. Shankar,Male,Dravida Munnetra Kazhagam,1,Graduate,/assets/placeholder-avatar.svg,65000000,5500000,0,90,55,30000000,25800000,"K. P. Shankar is the elected MLA representing Thiruvottiyur, Chennai, Tamil Nadu."
Tamil Nadu,Chennai,AC-TN-11,Dr. R. K. Nagar,MLA,J. John Ebenezer,Male,Dravida Munnetra Kazhagam,1,Graduate,/assets/placeholder-avatar.svg,65000000,5500000,0,90,55,30000000,25800000,"J. John Ebenezer is the elected MLA representing Dr. R. K. Nagar, Chennai, Tamil Nadu."
Tamil Nadu,Chennai,AC-TN-12,Perambur,Chief Minister of Tamil Nadu,C. Joseph Vijay,Male,Tamilaga Vettri Kazhagam,1,Graduate,/assets/candidates/c_joseph_vijay.jpg,450000000,12000000,0,92,64,30000000,25800000,"C. Joseph Vijay is the Chief Minister of Tamil Nadu and founder-president of Tamilaga Vettri Kazhagam (TVK), representing Perambur, Chennai."
Tamil Nadu,Chennai,AC-TN-13,Kolathur,MLA,M. K. Stalin,Male,Dravida Munnetra Kazhagam,1,Graduate,/assets/candidates/m_k_stalin.jpg,65000000,5500000,0,90,55,30000000,25800000,"M. K. Stalin is the elected MLA representing Kolathur, Chennai, Tamil Nadu."
Tamil Nadu,Chennai,AC-TN-14,Villivakkam,MLA,A. Vetriazhagan,Male,Dravida Munnetra Kazhagam,1,Graduate,/assets/placeholder-avatar.svg,65000000,5500000,0,90,55,30000000,25800000,"A. Vetriazhagan is the elected MLA representing Villivakkam, Chennai, Tamil Nadu."
Tamil Nadu,Chennai,AC-TN-15,Thiru-Vi-Ka-Nagar,MLA,P. Sivakumar,Male,Dravida Munnetra Kazhagam,1,Graduate,/assets/placeholder-avatar.svg,65000000,5500000,0,90,55,30000000,25800000,"P. Sivakumar is the elected MLA representing Thiru-Vi-Ka-Nagar, Chennai, Tamil Nadu."
Tamil Nadu,Chennai,AC-TN-16,Egmore,MLA,I. Paranthamen,Male,Dravida Munnetra Kazhagam,1,Graduate,/assets/placeholder-avatar.svg,65000000,5500000,0,90,55,30000000,25800000,"I. Paranthamen is the elected MLA representing Egmore, Chennai, Tamil Nadu."
Tamil Nadu,Chennai,AC-TN-17,Royapuram,MLA,Idream R. Murthy,Male,Dravida Munnetra Kazhagam,1,Graduate,/assets/placeholder-avatar.svg,65000000,5500000,0,90,55,30000000,25800000,"Idream R. Murthy is the elected MLA representing Royapuram, Chennai, Tamil Nadu."
Tamil Nadu,Chennai,AC-TN-18,Harbour,MLA,P. K. Sekar Babu,Male,Dravida Munnetra Kazhagam,1,Graduate,/assets/placeholder-avatar.svg,65000000,5500000,0,90,55,30000000,25800000,"P. K. Sekar Babu is the elected MLA representing Harbour, Chennai, Tamil Nadu."
Tamil Nadu,Chennai,AC-TN-19,Chepauk-Thiruvallikeni,MLA,Udhayanidhi Stalin,Male,Dravida Munnetra Kazhagam,1,Graduate,/assets/candidates/udhayanidhi_stalin.jpg,65000000,5500000,0,90,55,30000000,25800000,"Udhayanidhi Stalin is the elected MLA representing Chepauk-Thiruvallikeni, Chennai, Tamil Nadu."
Tamil Nadu,Chennai,AC-TN-20,Thousand Lights,MLA,Ezhilan Naganathan,Male,Dravida Munnetra Kazhagam,1,Graduate,/assets/placeholder-avatar.svg,65000000,5500000,0,90,55,30000000,25800000,"Ezhilan Naganathan is the elected MLA representing Thousand Lights, Chennai, Tamil Nadu."
Tamil Nadu,Chennai,AC-TN-21,Anna Nagar,MLA,M. K. Mohan,Male,Dravida Munnetra Kazhagam,1,Graduate,/assets/placeholder-avatar.svg,65000000,5500000,0,90,55,30000000,25800000,"M. K. Mohan is the elected MLA representing Anna Nagar, Chennai, Tamil Nadu."
Tamil Nadu,Chennai,AC-TN-22,Virugampakkam,MLA,A. M. V. Prabhakara Raja,Male,Dravida Munnetra Kazhagam,1,Graduate,/assets/placeholder-avatar.svg,65000000,5500000,0,90,55,30000000,25800000,"A. M. V. Prabhakara Raja is the elected MLA representing Virugampakkam, Chennai, Tamil Nadu."
Tamil Nadu,Chennai,AC-TN-23,Saidapet,MLA,Ma.Subramanian,Male,Dravida Munnetra Kazhagam,1,Graduate,/assets/placeholder-avatar.svg,65000000,5500000,0,90,55,30000000,25800000,"Ma.Subramanian is the elected MLA representing Saidapet, Chennai, Tamil Nadu."
Tamil Nadu,Chennai,AC-TN-24,Thiyagarayanagar,MLA,J. Karunanithi,Male,Dravida Munnetra Kazhagam,1,Graduate,/assets/placeholder-avatar.svg,65000000,5500000,0,90,55,30000000,25800000,"J. Karunanithi is the elected MLA representing Thiyagarayanagar, Chennai, Tamil Nadu."
Tamil Nadu,Chennai,AC-TN-25,Mylapore,MLA,Dha. Velu,Male,Dravida Munnetra Kazhagam,1,Graduate,/assets/placeholder-avatar.svg,65000000,5500000,0,90,55,30000000,25800000,"Dha. Velu is the elected MLA representing Mylapore, Chennai, Tamil Nadu."
Tamil Nadu,Chennai,AC-TN-26,Velachery,MLA,Aassan Maulaana,Male,Indian National Congress,1,Graduate,/assets/placeholder-avatar.svg,65000000,5500000,0,90,55,30000000,25800000,"Aassan Maulaana is the elected MLA representing Velachery, Chennai, Tamil Nadu."
Tamil Nadu,Chennai,AC-TN-27,Sholinganallur,MLA,S. Aravind Ramesh,Male,Dravida Munnetra Kazhagam,1,Graduate,/assets/placeholder-avatar.svg,65000000,5500000,0,90,55,30000000,25800000,"S. Aravind Ramesh is the elected MLA representing Sholinganallur, Chennai, Tamil Nadu."
Tamil Nadu,Chennai,AC-TN-28,Alandur,MLA,T. M. Anbarasan,Male,Dravida Munnetra Kazhagam,1,Graduate,/assets/placeholder-avatar.svg,65000000,5500000,0,90,55,30000000,25800000,"T. M. Anbarasan is the elected MLA representing Alandur, Chennai, Tamil Nadu."
Tamil Nadu,Kanchipuram,AC-TN-29,Sriperumbudur,MLA,K. Selvaperunthagai,Male,Indian National Congress,1,Graduate,/assets/placeholder-avatar.svg,65000000,5500000,0,90,55,30000000,25800000,"K. Selvaperunthagai is the elected MLA representing Sriperumbudur, Kanchipuram, Tamil Nadu."
Tamil Nadu,Chengalpattu,AC-TN-30,Pallavaram,MLA,I. Karunanithi,Male,Dravida Munnetra Kazhagam,1,Graduate,/assets/placeholder-avatar.svg,65000000,5500000,0,90,55,30000000,25800000,"I. Karunanithi is the elected MLA representing Pallavaram, Chengalpattu, Tamil Nadu."
Tamil Nadu,Chengalpattu,AC-TN-31,Tambaram,MLA,S. R. Raja,Male,Dravida Munnetra Kazhagam,1,Graduate,/assets/placeholder-avatar.svg,65000000,5500000,0,90,55,30000000,25800000,"S. R. Raja is the elected MLA representing Tambaram, Chengalpattu, Tamil Nadu."
Tamil Nadu,Chengalpattu,AC-TN-32,Chengalpattu,MLA,M. Varalakshmi,Male,Dravida Munnetra Kazhagam,1,Graduate,/assets/placeholder-avatar.svg,65000000,5500000,0,90,55,30000000,25800000,"M. Varalakshmi is the elected MLA representing Chengalpattu, Chengalpattu, Tamil Nadu."
Tamil Nadu,Chengalpattu,AC-TN-33,Thiruporur,MLA,S. S. Balaji,Male,Viduthalai Chiruthaigal Katchi,1,Graduate,/assets/placeholder-avatar.svg,65000000,5500000,0,90,55,30000000,25800000,"S. S. Balaji is the elected MLA representing Thiruporur, Chengalpattu, Tamil Nadu."
Tamil Nadu,Chengalpattu,AC-TN-34,Cheyyur,MLA,M. Babu,Male,Viduthalai Chiruthaigal Katchi,1,Graduate,/assets/placeholder-avatar.svg,65000000,5500000,0,90,55,30000000,25800000,"M. Babu is the elected MLA representing Cheyyur, Chengalpattu, Tamil Nadu."
Tamil Nadu,Chengalpattu,AC-TN-35,Madurantakam,MLA,C. E. Sathya,Male,Dravida Munnetra Kazhagam,1,Graduate,/assets/placeholder-avatar.svg,65000000,5500000,0,90,55,30000000,25800000,"C. E. Sathya is the elected MLA representing Madurantakam, Chengalpattu, Tamil Nadu."
Tamil Nadu,Kanchipuram,AC-TN-36,Uthiramerur,MLA,K. Sundar,Male,Dravida Munnetra Kazhagam,1,Graduate,/assets/placeholder-avatar.svg,65000000,5500000,0,90,55,30000000,25800000,"K. Sundar is the elected MLA representing Uthiramerur, Kanchipuram, Tamil Nadu."
Tamil Nadu,Kanchipuram,AC-TN-37,Kancheepuram,MLA,C. V. M. P. Ezhilarasan,Male,Dravida Munnetra Kazhagam,1,Graduate,/assets/placeholder-avatar.svg,65000000,5500000,0,90,55,30000000,25800000,"C. V. M. P. Ezhilarasan is the elected MLA representing Kancheepuram, Kanchipuram, Tamil Nadu."
Tamil Nadu,Ranipet,AC-TN-38,Arakkonam,MLA,S. Ravi,Male,All India Anna Dravida Munnetra Kazhagam,1,Graduate,/assets/placeholder-avatar.svg,65000000,5500000,0,90,55,30000000,25800000,"S. Ravi is the elected MLA representing Arakkonam, Ranipet, Tamil Nadu."
Tamil Nadu,Ranipet,AC-TN-39,Sholinghur,MLA,A. M. Munirathinam,Male,Indian National Congress,1,Graduate,/assets/placeholder-avatar.svg,65000000,5500000,0,90,55,30000000,25800000,"A. M. Munirathinam is the elected MLA representing Sholinghur, Ranipet, Tamil Nadu."
Tamil Nadu,Vellore,AC-TN-40,Katpadi,MLA,Durai Murugan,Male,Dravida Munnetra Kazhagam,1,Graduate,/assets/placeholder-avatar.svg,65000000,5500000,0,90,55,30000000,25800000,"Durai Murugan is the elected MLA representing Katpadi, Vellore, Tamil Nadu."
Tamil Nadu,Ranipet,AC-TN-41,Ranipet,MLA,R. Gandhi,Male,Dravida Munnetra Kazhagam,1,Graduate,/assets/placeholder-avatar.svg,65000000,5500000,0,90,55,30000000,25800000,"R. Gandhi is the elected MLA representing Ranipet, Ranipet, Tamil Nadu."
Tamil Nadu,Ranipet,AC-TN-42,Arcot,MLA,J. L. Eswarappan,Male,Dravida Munnetra Kazhagam,1,Graduate,/assets/placeholder-avatar.svg,65000000,5500000,0,90,55,30000000,25800000,"J. L. Eswarappan is the elected MLA representing Arcot, Ranipet, Tamil Nadu."
Tamil Nadu,Vellore,AC-TN-43,Vellore,MLA,P. Karthikeyan,Male,Dravida Munnetra Kazhagam,1,Graduate,/assets/placeholder-avatar.svg,65000000,5500000,0,90,55,30000000,25800000,"P. Karthikeyan is the elected MLA representing Vellore, Vellore, Tamil Nadu."
Tamil Nadu,Vellore,AC-TN-44,Anaikattu,MLA,A. P. Nandakumar,Male,Dravida Munnetra Kazhagam,1,Graduate,/assets/placeholder-avatar.svg,65000000,5500000,0,90,55,30000000,25800000,"A. P. Nandakumar is the elected MLA representing Anaikattu, Vellore, Tamil Nadu."
Tamil Nadu,Vellore,AC-TN-45,Kilvaithinankuppam,MLA,M. Jaganmoorthy,Male,All India Anna Dravida Munnetra Kazhagam,1,Graduate,/assets/placeholder-avatar.svg,65000000,5500000,0,90,55,30000000,25800000,"M. Jaganmoorthy is the elected MLA representing Kilvaithinankuppam, Vellore, Tamil Nadu."
Tamil Nadu,Vellore,AC-TN-46,Gudiyattam,MLA,V. Amulu,Male,Dravida Munnetra Kazhagam,1,Graduate,/assets/placeholder-avatar.svg,65000000,5500000,0,90,55,30000000,25800000,"V. Amulu is the elected MLA representing Gudiyattam, Vellore, Tamil Nadu."
Tamil Nadu,Tirupathur,AC-TN-47,Vaniyambadi,MLA,G Sendhil Kumar,Male,ADMK,1,Graduate,/assets/placeholder-avatar.svg,65000000,5500000,0,90,55,30000000,25800000,"G Sendhil Kumar is the elected MLA representing Vaniyambadi, Tirupathur, Tamil Nadu."
Tamil Nadu,Tirupathur,AC-TN-48,Ambur,MLA,A. C. Vilwanathan,Male,Dravida Munnetra Kazhagam,1,Graduate,/assets/placeholder-avatar.svg,65000000,5500000,0,90,55,30000000,25800000,"A. C. Vilwanathan is the elected MLA representing Ambur, Tirupathur, Tamil Nadu."
Tamil Nadu,Tirupathur,AC-TN-49,Jolarpet,MLA,K. Devaraji,Male,Dravida Munnetra Kazhagam,1,Graduate,/assets/placeholder-avatar.svg,65000000,5500000,0,90,55,30000000,25800000,"K. Devaraji is the elected MLA representing Jolarpet, Tirupathur, Tamil Nadu."
Tamil Nadu,Tirupathur,AC-TN-50,Tirupattur,MLA,A. Nallathambi,Male,Dravida Munnetra Kazhagam,1,Graduate,/assets/placeholder-avatar.svg,65000000,5500000,0,90,55,30000000,25800000,"A. Nallathambi is the elected MLA representing Tirupattur, Tirupathur, Tamil Nadu."
Tamil Nadu,Krishnagiri,AC-TN-51,Uthangarai,MLA,T. M. Tamilselvam,Male,All India Anna Dravida Munnetra Kazhagam,1,Graduate,/assets/placeholder-avatar.svg,65000000,5500000,0,90,55,30000000,25800000,"T. M. Tamilselvam is the elected MLA representing Uthangarai, Krishnagiri, Tamil Nadu."
Tamil Nadu,Krishnagiri,AC-TN-52,Bargur,MLA,D. Mathiazhagan,Male,Dravida Munnetra Kazhagam,1,Graduate,/assets/placeholder-avatar.svg,65000000,5500000,0,90,55,30000000,25800000,"D. Mathiazhagan is the elected MLA representing Bargur, Krishnagiri, Tamil Nadu."
Tamil Nadu,Krishnagiri,AC-TN-53,Krishnagiri,MLA,K. Ashok Kumar,Male,ADMK,1,Graduate,/assets/placeholder-avatar.svg,65000000,5500000,0,90,55,30000000,25800000,"K. Ashok Kumar is the elected MLA representing Krishnagiri, Krishnagiri, Tamil Nadu."
Tamil Nadu,Krishnagiri,AC-TN-54,Veppanahalli,MLA,K. P. Munusamy,Male,ADMK,1,Graduate,/assets/placeholder-avatar.svg,65000000,5500000,0,90,55,30000000,25800000,"K. P. Munusamy is the elected MLA representing Veppanahalli, Krishnagiri, Tamil Nadu."
Tamil Nadu,Krishnagiri,AC-TN-55,Hosur,MLA,Y. Prakaash,Male,Dravida Munnetra Kazhagam,1,Graduate,/assets/placeholder-avatar.svg,65000000,5500000,0,90,55,30000000,25800000,"Y. Prakaash is the elected MLA representing Hosur, Krishnagiri, Tamil Nadu."
Tamil Nadu,Krishnagiri,AC-TN-56,Thalli,MLA,T. Ramachandran,Male,Communist Party of India,1,Graduate,/assets/placeholder-avatar.svg,65000000,5500000,0,90,55,30000000,25800000,"T. Ramachandran is the elected MLA representing Thalli, Krishnagiri, Tamil Nadu."
Tamil Nadu,Dharmapuri,AC-TN-57,Palacode,MLA,K. P. Anbalagan,Male,ADMK,1,Graduate,/assets/placeholder-avatar.svg,65000000,5500000,0,90,55,30000000,25800000,"K. P. Anbalagan is the elected MLA representing Palacode, Dharmapuri, Tamil Nadu."
Tamil Nadu,Dharmapuri,AC-TN-58,Pennagaram,MLA,G. K. Mani,Male,Pattali Makkal Katchi,1,Graduate,/assets/placeholder-avatar.svg,65000000,5500000,0,90,55,30000000,25800000,"G. K. Mani is the elected MLA representing Pennagaram, Dharmapuri, Tamil Nadu."
Tamil Nadu,Dharmapuri,AC-TN-59,Dharmapuri,MLA,S. P. Venkateshwaran,Male,Pattali Makkal Katchi,1,Graduate,/assets/placeholder-avatar.svg,65000000,5500000,0,90,55,30000000,25800000,"S. P. Venkateshwaran is the elected MLA representing Dharmapuri, Dharmapuri, Tamil Nadu."
Tamil Nadu,Dharmapuri,AC-TN-60,Pappireddipatti,MLA,A. Govindasamy,Male,All India Anna Dravida Munnetra Kazhagam,1,Graduate,/assets/placeholder-avatar.svg,65000000,5500000,0,90,55,30000000,25800000,"A. Govindasamy is the elected MLA representing Pappireddipatti, Dharmapuri, Tamil Nadu."
Tamil Nadu,Dharmapuri,AC-TN-61,Harur,MLA,V. Sampathkumar,Male,All India Anna Dravida Munnetra Kazhagam,1,Graduate,/assets/placeholder-avatar.svg,65000000,5500000,0,90,55,30000000,25800000,"V. Sampathkumar is the elected MLA representing Harur, Dharmapuri, Tamil Nadu."
Tamil Nadu,Tiruvannamalai,AC-TN-62,Chengam,MLA,M. P. Giri,Male,Dravida Munnetra Kazhagam,1,Graduate,/assets/placeholder-avatar.svg,65000000,5500000,0,90,55,30000000,25800000,"M. P. Giri is the elected MLA representing Chengam, Tiruvannamalai, Tamil Nadu."
Tamil Nadu,Tiruvannamalai,AC-TN-63,Tiruvannamalai,MLA,E. V. Velu,Male,Dravida Munnetra Kazhagam,1,Graduate,/assets/placeholder-avatar.svg,65000000,5500000,0,90,55,30000000,25800000,"E. V. Velu is the elected MLA representing Tiruvannamalai, Tiruvannamalai, Tamil Nadu."
Tamil Nadu,Tiruvannamalai,AC-TN-64,Kilpennathur,MLA,K. Pitchandi,Male,Dravida Munnetra Kazhagam,1,Graduate,/assets/placeholder-avatar.svg,65000000,5500000,0,90,55,30000000,25800000,"K. Pitchandi is the elected MLA representing Kilpennathur, Tiruvannamalai, Tamil Nadu."
Tamil Nadu,Tiruvannamalai,AC-TN-65,Kalasapakkam,MLA,P. S. T. Saravanan,Male,Dravida Munnetra Kazhagam,1,Graduate,/assets/placeholder-avatar.svg,65000000,5500000,0,90,55,30000000,25800000,"P. S. T. Saravanan is the elected MLA representing Kalasapakkam, Tiruvannamalai, Tamil Nadu."
Tamil Nadu,Tiruvannamalai,AC-TN-66,Polur,MLA,S. S. Krishnamoorthy,Male,ADMK,1,Graduate,/assets/placeholder-avatar.svg,65000000,5500000,0,90,55,30000000,25800000,"S. S. Krishnamoorthy is the elected MLA representing Polur, Tiruvannamalai, Tamil Nadu."
Tamil Nadu,Tiruvannamalai,AC-TN-67,Arani,MLA,Sevvoor S. Ramachandran,Male,ADMK,1,Graduate,/assets/placeholder-avatar.svg,65000000,5500000,0,90,55,30000000,25800000,"Sevvoor S. Ramachandran is the elected MLA representing Arani, Tiruvannamalai, Tamil Nadu."
Tamil Nadu,Tiruvannamalai,AC-TN-68,Cheyyar,MLA,O. Jothi,Male,Dravida Munnetra Kazhagam,1,Graduate,/assets/placeholder-avatar.svg,65000000,5500000,0,90,55,30000000,25800000,"O. Jothi is the elected MLA representing Cheyyar, Tiruvannamalai, Tamil Nadu."
Tamil Nadu,Tiruvannamalai,AC-TN-69,Vandavasi,MLA,S. Ambethkumar,Male,Dravida Munnetra Kazhagam,1,Graduate,/assets/placeholder-avatar.svg,65000000,5500000,0,90,55,30000000,25800000,"S. Ambethkumar is the elected MLA representing Vandavasi, Tiruvannamalai, Tamil Nadu."
Tamil Nadu,Viluppuram,AC-TN-70,Gingee,MLA,K. S. Masthan,Male,Dravida Munnetra Kazhagam,1,Graduate,/assets/placeholder-avatar.svg,65000000,5500000,0,90,55,30000000,25800000,"K. S. Masthan is the elected MLA representing Gingee, Viluppuram, Tamil Nadu."
Tamil Nadu,Viluppuram,AC-TN-71,Mailam,MLA,C. Sivakumar,Male,Pattali Makkal Katchi,1,Graduate,/assets/placeholder-avatar.svg,65000000,5500000,0,90,55,30000000,25800000,"C. Sivakumar is the elected MLA representing Mailam, Viluppuram, Tamil Nadu."
Tamil Nadu,Viluppuram,AC-TN-72,Tindivanam,MLA,P. Arjunan,Male,ADMK,1,Graduate,/assets/placeholder-avatar.svg,65000000,5500000,0,90,55,30000000,25800000,"P. Arjunan is the elected MLA representing Tindivanam, Viluppuram, Tamil Nadu."
Tamil Nadu,Viluppuram,AC-TN-73,Vanur,MLA,M. Chakrapani,Male,All India Anna Dravida Munnetra Kazhagam,1,Graduate,/assets/placeholder-avatar.svg,65000000,5500000,0,90,55,30000000,25800000,"M. Chakrapani is the elected MLA representing Vanur, Viluppuram, Tamil Nadu."
Tamil Nadu,Viluppuram,AC-TN-74,Villupuram,MLA,R. Lakshmanan,Male,Dravida Munnetra Kazhagam,1,Graduate,/assets/placeholder-avatar.svg,65000000,5500000,0,90,55,30000000,25800000,"R. Lakshmanan is the elected MLA representing Villupuram, Viluppuram, Tamil Nadu."
Tamil Nadu,Viluppuram,AC-TN-75,Vikravandi,MLA,N. Pugazhenthi,Male,Dravida Munnetra Kazhagam,1,Graduate,/assets/placeholder-avatar.svg,65000000,5500000,0,90,55,30000000,25800000,"N. Pugazhenthi is the elected MLA representing Vikravandi, Viluppuram, Tamil Nadu."
Tamil Nadu,Viluppuram,AC-TN-76,Tirukkoyilur,MLA,K. Ponmudy,Male,Dravida Munnetra Kazhagam,1,Graduate,/assets/placeholder-avatar.svg,65000000,5500000,0,90,55,30000000,25800000,"K. Ponmudy is the elected MLA representing Tirukkoyilur, Viluppuram, Tamil Nadu."
Tamil Nadu,Kallakurichi,AC-TN-77,Ulundurpettai,MLA,A. J. Manikannan,Male,Dravida Munnetra Kazhagam,1,Graduate,/assets/placeholder-avatar.svg,65000000,5500000,0,90,55,30000000,25800000,"A. J. Manikannan is the elected MLA representing Ulundurpettai, Kallakurichi, Tamil Nadu."
Tamil Nadu,Kallakurichi,AC-TN-78,Rishivandiyam,MLA,K. Karthikeyan,Male,Dravida Munnetra Kazhagam,1,Graduate,/assets/placeholder-avatar.svg,65000000,5500000,0,90,55,30000000,25800000,"K. Karthikeyan is the elected MLA representing Rishivandiyam, Kallakurichi, Tamil Nadu."
Tamil Nadu,Kallakurichi,AC-TN-79,Sankarapuram,MLA,T. Udhayasuriyan,Male,Dravida Munnetra Kazhagam,1,Graduate,/assets/placeholder-avatar.svg,65000000,5500000,0,90,55,30000000,25800000,"T. Udhayasuriyan is the elected MLA representing Sankarapuram, Kallakurichi, Tamil Nadu."
Tamil Nadu,Kallakurichi,AC-TN-80,Kallakurichi,MLA,M. Senthilkumar,Male,All India Anna Dravida Munnetra Kazhagam,1,Graduate,/assets/placeholder-avatar.svg,65000000,5500000,0,90,55,30000000,25800000,"M. Senthilkumar is the elected MLA representing Kallakurichi, Kallakurichi, Tamil Nadu."
Tamil Nadu,Salem,AC-TN-81,Gangavalli,MLA,A. Nallathambi,Male,All India Anna Dravida Munnetra Kazhagam,1,Graduate,/assets/placeholder-avatar.svg,65000000,5500000,0,90,55,30000000,25800000,"A. Nallathambi is the elected MLA representing Gangavalli, Salem, Tamil Nadu."
Tamil Nadu,Salem,AC-TN-82,Attur,MLA,A. P. Jayasankaran,Male,All India Anna Dravida Munnetra Kazhagam,1,Graduate,/assets/placeholder-avatar.svg,65000000,5500000,0,90,55,30000000,25800000,"A. P. Jayasankaran is the elected MLA representing Attur, Salem, Tamil Nadu."
Tamil Nadu,Salem,AC-TN-83,Yercaud,MLA,G. Chitra,Female,All India Anna Dravida Munnetra Kazhagam,1,Graduate,/assets/placeholder-avatar.svg,65000000,5500000,0,90,55,30000000,25800000,"G. Chitra is the elected MLA representing Yercaud, Salem, Tamil Nadu."
Tamil Nadu,Salem,AC-TN-84,Omalur,MLA,R. Mani,Male,ADMK,1,Graduate,/assets/placeholder-avatar.svg,65000000,5500000,0,90,55,30000000,25800000,"R. Mani is the elected MLA representing Omalur, Salem, Tamil Nadu."
Tamil Nadu,Salem,AC-TN-85,Mettur,MLA,S. Sadhasivam,Male,Pattali Makkal Katchi,1,Graduate,/assets/placeholder-avatar.svg,65000000,5500000,0,90,55,30000000,25800000,"S. Sadhasivam is the elected MLA representing Mettur, Salem, Tamil Nadu."
Tamil Nadu,Salem,AC-TN-86,Edappadi,MLA,Edappadi K. Palaniswami,Male,ADMK,1,Graduate,/assets/candidates/edappadi_k__palaniswami.jpg,65000000,5500000,0,90,55,30000000,25800000,"Edappadi K. Palaniswami is the elected MLA representing Edappadi, Salem, Tamil Nadu."
Tamil Nadu,Salem,AC-TN-87,Sankari,MLA,S. Sundararajan,Male,ADMK,1,Graduate,/assets/placeholder-avatar.svg,65000000,5500000,0,90,55,30000000,25800000,"S. Sundararajan is the elected MLA representing Sankari, Salem, Tamil Nadu."
Tamil Nadu,Salem,AC-TN-88,Salem (West),MLA,Arul Ramadas,Male,Pattali Makkal Katchi,1,Graduate,/assets/placeholder-avatar.svg,65000000,5500000,0,90,55,30000000,25800000,"Arul Ramadas is the elected MLA representing Salem (West), Salem, Tamil Nadu."
Tamil Nadu,Salem,AC-TN-89,Salem (North),MLA,R. Rajendran,Male,Dravida Munnetra Kazhagam,1,Graduate,/assets/placeholder-avatar.svg,65000000,5500000,0,90,55,30000000,25800000,"R. Rajendran is the elected MLA representing Salem (North), Salem, Tamil Nadu."
Tamil Nadu,Salem,AC-TN-90,Salem (South),MLA,E. Balasubramanian,Male,ADMK,1,Graduate,/assets/placeholder-avatar.svg,65000000,5500000,0,90,55,30000000,25800000,"E. Balasubramanian is the elected MLA representing Salem (South), Salem, Tamil Nadu."
Tamil Nadu,Salem,AC-TN-91,Veerapandi,MLA,M. Rajamuthu,Male,ADMK,1,Graduate,/assets/placeholder-avatar.svg,65000000,5500000,0,90,55,30000000,25800000,"M. Rajamuthu is the elected MLA representing Veerapandi, Salem, Tamil Nadu."
Tamil Nadu,Namakkal,AC-TN-92,Rasipuram,MLA,M. Mathiventhan,Male,Dravida Munnetra Kazhagam,1,Graduate,/assets/placeholder-avatar.svg,65000000,5500000,0,90,55,30000000,25800000,"M. Mathiventhan is the elected MLA representing Rasipuram, Namakkal, Tamil Nadu."
Tamil Nadu,Namakkal,AC-TN-93,Senthamangalam,MLA,K. Ponnusamy,Male,Dravida Munnetra Kazhagam,1,Graduate,/assets/placeholder-avatar.svg,65000000,5500000,0,90,55,30000000,25800000,"K. Ponnusamy is the elected MLA representing Senthamangalam, Namakkal, Tamil Nadu."
Tamil Nadu,Namakkal,AC-TN-94,Namakkal,MLA,P. Ramalingam,Male,Dravida Munnetra Kazhagam,1,Graduate,/assets/placeholder-avatar.svg,65000000,5500000,0,90,55,30000000,25800000,"P. Ramalingam is the elected MLA representing Namakkal, Namakkal, Tamil Nadu."
Tamil Nadu,Namakkal,AC-TN-95,Paramathi-Velur,MLA,S. Sekar,Male,ADMK,1,Graduate,/assets/placeholder-avatar.svg,65000000,5500000,0,90,55,30000000,25800000,"S. Sekar is the elected MLA representing Paramathi-Velur, Namakkal, Tamil Nadu."
Tamil Nadu,Namakkal,AC-TN-96,Tiruchengodu,MLA,E. R. Eswaran,Male,Dravida Munnetra Kazhagam,1,Graduate,/assets/placeholder-avatar.svg,65000000,5500000,0,90,55,30000000,25800000,"E. R. Eswaran is the elected MLA representing Tiruchengodu, Namakkal, Tamil Nadu."
Tamil Nadu,Namakkal,AC-TN-97,Kumarapalayam,MLA,P. Thangamani,Male,ADMK,1,Graduate,/assets/placeholder-avatar.svg,65000000,5500000,0,90,55,30000000,25800000,"P. Thangamani is the elected MLA representing Kumarapalayam, Namakkal, Tamil Nadu."
Tamil Nadu,Erode,AC-TN-98,Erode (East),MLA,Thirumagan Evera,Male,Indian National Congress,1,Graduate,/assets/placeholder-avatar.svg,65000000,5500000,0,90,55,30000000,25800000,"Thirumagan Evera is the elected MLA representing Erode (East), Erode, Tamil Nadu."
Tamil Nadu,Erode,AC-TN-99,Erode (West),MLA,S. Muthusamy,Male,Dravida Munnetra Kazhagam,1,Graduate,/assets/placeholder-avatar.svg,65000000,5500000,0,90,55,30000000,25800000,"S. Muthusamy is the elected MLA representing Erode (West), Erode, Tamil Nadu."
Tamil Nadu,Erode,AC-TN-100,Modakkurichi,MLA,Dr. C.K. Saraswathi,Male,Bharatiya Janata Party,1,Graduate,/assets/placeholder-avatar.svg,65000000,5500000,0,90,55,30000000,25800000,"Dr. C.K. Saraswathi is the elected MLA representing Modakkurichi, Erode, Tamil Nadu."
Tamil Nadu,Tiruppur,AC-TN-101,Dharapuram,MLA,N. Kayalvizhi,Female,Dravida Munnetra Kazhagam,1,Graduate,/assets/placeholder-avatar.svg,65000000,5500000,0,90,55,30000000,25800000,"N. Kayalvizhi is the elected MLA representing Dharapuram, Tiruppur, Tamil Nadu."
Tamil Nadu,Tiruppur,AC-TN-102,Kangayam,MLA,M. P. Saminathan,Male,Dravida Munnetra Kazhagam,1,Graduate,/assets/placeholder-avatar.svg,65000000,5500000,0,90,55,30000000,25800000,"M. P. Saminathan is the elected MLA representing Kangayam, Tiruppur, Tamil Nadu."
Tamil Nadu,Erode,AC-TN-103,Perundurai,MLA,S. Jayakumar,Male,ADMK,1,Graduate,/assets/placeholder-avatar.svg,65000000,5500000,0,90,55,30000000,25800000,"S. Jayakumar is the elected MLA representing Perundurai, Erode, Tamil Nadu."
Tamil Nadu,Erode,AC-TN-104,Bhavani,MLA,K. C. Karuppannan,Male,ADMK,1,Graduate,/assets/placeholder-avatar.svg,65000000,5500000,0,90,55,30000000,25800000,"K. C. Karuppannan is the elected MLA representing Bhavani, Erode, Tamil Nadu."
Tamil Nadu,Erode,AC-TN-105,Anthiyur,MLA,A. G. Venkatachalam,Male,Dravida Munnetra Kazhagam,1,Graduate,/assets/placeholder-avatar.svg,65000000,5500000,0,90,55,30000000,25800000,"A. G. Venkatachalam is the elected MLA representing Anthiyur, Erode, Tamil Nadu."
Tamil Nadu,Erode,AC-TN-106,Gobichettipalayam,MLA,K. A. Sengottaiyan,Male,ADMK,1,Graduate,/assets/placeholder-avatar.svg,65000000,5500000,0,90,55,30000000,25800000,"K. A. Sengottaiyan is the elected MLA representing Gobichettipalayam, Erode, Tamil Nadu."
Tamil Nadu,Erode,AC-TN-107,Bhavanisagar,MLA,A. Bannari,Male,All India Anna Dravida Munnetra Kazhagam,1,Graduate,/assets/placeholder-avatar.svg,65000000,5500000,0,90,55,30000000,25800000,"A. Bannari is the elected MLA representing Bhavanisagar, Erode, Tamil Nadu."
Tamil Nadu,Nilgiris,AC-TN-108,Udhagamandalam,MLA,R. Ganesh,Male,Indian National Congress,1,Graduate,/assets/placeholder-avatar.svg,65000000,5500000,0,90,55,30000000,25800000,"R. Ganesh is the elected MLA representing Udhagamandalam, Nilgiris, Tamil Nadu."
Tamil Nadu,Nilgiris,AC-TN-109,Gudalur,MLA,Pon. Jayaseelan,Male,All India Anna Dravida Munnetra Kazhagam,1,Graduate,/assets/placeholder-avatar.svg,65000000,5500000,0,90,55,30000000,25800000,"Pon. Jayaseelan is the elected MLA representing Gudalur, Nilgiris, Tamil Nadu."
Tamil Nadu,Nilgiris,AC-TN-110,Coonoor,MLA,K. Ramachandran,Male,Dravida Munnetra Kazhagam,1,Graduate,/assets/placeholder-avatar.svg,65000000,5500000,0,90,55,30000000,25800000,"K. Ramachandran is the elected MLA representing Coonoor, Nilgiris, Tamil Nadu."
Tamil Nadu,Coimbatore,AC-TN-111,Mettuppalayam,MLA,A. K. Selvaraj,Male,All India Anna Dravida Munnetra Kazhagam,1,Graduate,/assets/placeholder-avatar.svg,65000000,5500000,0,90,55,30000000,25800000,"A. K. Selvaraj is the elected MLA representing Mettuppalayam, Coimbatore, Tamil Nadu."
Tamil Nadu,Tiruppur,AC-TN-112,Avanashi,MLA,P. Dhanapal,Male,All India Anna Dravida Munnetra Kazhagam,1,Graduate,/assets/placeholder-avatar.svg,65000000,5500000,0,90,55,30000000,25800000,"P. Dhanapal is the elected MLA representing Avanashi, Tiruppur, Tamil Nadu."
Tamil Nadu,Tiruppur,AC-TN-113,Tiruppur (North),MLA,K. N. Vijayakumar,Male,ADMK,1,Graduate,/assets/placeholder-avatar.svg,65000000,5500000,0,90,55,30000000,25800000,"K. N. Vijayakumar is the elected MLA representing Tiruppur (North), Tiruppur, Tamil Nadu."
Tamil Nadu,Tiruppur,AC-TN-114,Tiruppur (South),MLA,K. Selvaraj,Male,Dravida Munnetra Kazhagam,1,Graduate,/assets/placeholder-avatar.svg,65000000,5500000,0,90,55,30000000,25800000,"K. Selvaraj is the elected MLA representing Tiruppur (South), Tiruppur, Tamil Nadu."
Tamil Nadu,Tiruppur,AC-TN-115,Palladam,MLA,M. S. M. Anandan,Male,ADMK,1,Graduate,/assets/placeholder-avatar.svg,65000000,5500000,0,90,55,30000000,25800000,"M. S. M. Anandan is the elected MLA representing Palladam, Tiruppur, Tamil Nadu."
Tamil Nadu,Coimbatore,AC-TN-116,Sulur,MLA,V. P. Kandasamy,Male,ADMK,1,Graduate,/assets/placeholder-avatar.svg,65000000,5500000,0,90,55,30000000,25800000,"V. P. Kandasamy is the elected MLA representing Sulur, Coimbatore, Tamil Nadu."
Tamil Nadu,Coimbatore,AC-TN-117,Kavundampalayam,MLA,G. Arunkumar,Male,ADMK,1,Graduate,/assets/placeholder-avatar.svg,65000000,5500000,0,90,55,30000000,25800000,"G. Arunkumar is the elected MLA representing Kavundampalayam, Coimbatore, Tamil Nadu."
Tamil Nadu,Coimbatore,AC-TN-118,Coimbatore (North),MLA,Amman K. Arjunan,Female,ADMK,1,Graduate,/assets/placeholder-avatar.svg,65000000,5500000,0,90,55,30000000,25800000,"Amman K. Arjunan is the elected MLA representing Coimbatore (North), Coimbatore, Tamil Nadu."
Tamil Nadu,Coimbatore,AC-TN-119,Thondamuthur,MLA,S. P. Velumani,Male,ADMK,1,Graduate,/assets/placeholder-avatar.svg,65000000,5500000,0,90,55,30000000,25800000,"S. P. Velumani is the elected MLA representing Thondamuthur, Coimbatore, Tamil Nadu."
Tamil Nadu,Coimbatore,AC-TN-120,Coimbatore (South),MLA,Vanathi Srinivasan,Female,Bharatiya Janata Party,1,Graduate,/assets/placeholder-avatar.svg,65000000,5500000,0,90,55,30000000,25800000,"Vanathi Srinivasan is the elected MLA representing Coimbatore (South), Coimbatore, Tamil Nadu."
Tamil Nadu,Coimbatore,AC-TN-121,Singanallur,MLA,K. R. Jayaram,Male,ADMK,1,Graduate,/assets/placeholder-avatar.svg,65000000,5500000,0,90,55,30000000,25800000,"K. R. Jayaram is the elected MLA representing Singanallur, Coimbatore, Tamil Nadu."
Tamil Nadu,Coimbatore,AC-TN-122,Kinathukadavu,MLA,S. Damodaran,Male,ADMK,1,Graduate,/assets/placeholder-avatar.svg,65000000,5500000,0,90,55,30000000,25800000,"S. Damodaran is the elected MLA representing Kinathukadavu, Coimbatore, Tamil Nadu."
Tamil Nadu,Coimbatore,AC-TN-123,Pollachi,MLA,Pollachi V. Jayaraman,Male,ADMK,1,Graduate,/assets/placeholder-avatar.svg,65000000,5500000,0,90,55,30000000,25800000,"Pollachi V. Jayaraman is the elected MLA representing Pollachi, Coimbatore, Tamil Nadu."
Tamil Nadu,Coimbatore,AC-TN-124,Valparai,MLA,T. K. Amulkandasami,Male,All India Anna Dravida Munnetra Kazhagam,1,Graduate,/assets/placeholder-avatar.svg,65000000,5500000,0,90,55,30000000,25800000,"T. K. Amulkandasami is the elected MLA representing Valparai, Coimbatore, Tamil Nadu."
Tamil Nadu,Tiruppur,AC-TN-125,Udumalaipettai,MLA,Udumalai K. Radhakrishnan,Male,ADMK,1,Graduate,/assets/placeholder-avatar.svg,65000000,5500000,0,90,55,30000000,25800000,"Udumalai K. Radhakrishnan is the elected MLA representing Udumalaipettai, Tiruppur, Tamil Nadu."
Tamil Nadu,Tiruppur,AC-TN-126,Madathukulam,MLA,C. Mahendran,Male,ADMK,1,Graduate,/assets/placeholder-avatar.svg,65000000,5500000,0,90,55,30000000,25800000,"C. Mahendran is the elected MLA representing Madathukulam, Tiruppur, Tamil Nadu."
Tamil Nadu,Dindigul,AC-TN-127,Palani,MLA,I. P. Senthil Kumar,Male,Dravida Munnetra Kazhagam,1,Graduate,/assets/placeholder-avatar.svg,65000000,5500000,0,90,55,30000000,25800000,"I. P. Senthil Kumar is the elected MLA representing Palani, Dindigul, Tamil Nadu."
Tamil Nadu,Dindigul,AC-TN-128,Oddanchatram,MLA,R. Sakkarapani,Male,Dravida Munnetra Kazhagam,1,Graduate,/assets/placeholder-avatar.svg,65000000,5500000,0,90,55,30000000,25800000,"R. Sakkarapani is the elected MLA representing Oddanchatram, Dindigul, Tamil Nadu."
Tamil Nadu,Dindigul,AC-TN-129,Athoor,MLA,I. Periyasamy,Male,Dravida Munnetra Kazhagam,1,Graduate,/assets/placeholder-avatar.svg,65000000,5500000,0,90,55,30000000,25800000,"I. Periyasamy is the elected MLA representing Athoor, Dindigul, Tamil Nadu."
Tamil Nadu,Dindigul,AC-TN-130,Nilakkottai,MLA,S. Thenmozhi,Male,All India Anna Dravida Munnetra Kazhagam,1,Graduate,/assets/placeholder-avatar.svg,65000000,5500000,0,90,55,30000000,25800000,"S. Thenmozhi is the elected MLA representing Nilakkottai, Dindigul, Tamil Nadu."
Tamil Nadu,Dindigul,AC-TN-131,Natham,MLA,Natham R. Viswanathan,Male,ADMK,1,Graduate,/assets/placeholder-avatar.svg,65000000,5500000,0,90,55,30000000,25800000,"Natham R. Viswanathan is the elected MLA representing Natham, Dindigul, Tamil Nadu."
Tamil Nadu,Dindigul,AC-TN-132,Dindigul,MLA,Dindigul C. Sreenivaasan,Male,ADMK,1,Graduate,/assets/placeholder-avatar.svg,65000000,5500000,0,90,55,30000000,25800000,"Dindigul C. Sreenivaasan is the elected MLA representing Dindigul, Dindigul, Tamil Nadu."
Tamil Nadu,Dindigul,AC-TN-133,Vedasandur,MLA,S. Gandhirajan,Male,Dravida Munnetra Kazhagam,1,Graduate,/assets/placeholder-avatar.svg,65000000,5500000,0,90,55,30000000,25800000,"S. Gandhirajan is the elected MLA representing Vedasandur, Dindigul, Tamil Nadu."
Tamil Nadu,Karur,AC-TN-134,Aravakurichi,MLA,R. Elango,Male,Dravida Munnetra Kazhagam,1,Graduate,/assets/placeholder-avatar.svg,65000000,5500000,0,90,55,30000000,25800000,"R. Elango is the elected MLA representing Aravakurichi, Karur, Tamil Nadu."
Tamil Nadu,Karur,AC-TN-135,Karur,MLA,V. Senthilbalaji,Male,Dravida Munnetra Kazhagam,1,Graduate,/assets/candidates/v__senthilbalaji.jpg,65000000,5500000,0,90,55,30000000,25800000,"V. Senthilbalaji is the elected MLA representing Karur, Karur, Tamil Nadu."
Tamil Nadu,Karur,AC-TN-136,Krishnarayapuram,MLA,K. Sivagama Sundari,Male,Dravida Munnetra Kazhagam,1,Graduate,/assets/placeholder-avatar.svg,65000000,5500000,0,90,55,30000000,25800000,"K. Sivagama Sundari is the elected MLA representing Krishnarayapuram, Karur, Tamil Nadu."
Tamil Nadu,Karur,AC-TN-137,Kulithalai,MLA,R. Manickam,Male,Dravida Munnetra Kazhagam,1,Graduate,/assets/placeholder-avatar.svg,65000000,5500000,0,90,55,30000000,25800000,"R. Manickam is the elected MLA representing Kulithalai, Karur, Tamil Nadu."
Tamil Nadu,Tiruchirappalli,AC-TN-138,Manapparai,MLA,P. Abdul Samad,Male,Dravida Munnetra Kazhagam,1,Graduate,/assets/placeholder-avatar.svg,65000000,5500000,0,90,55,30000000,25800000,"P. Abdul Samad is the elected MLA representing Manapparai, Tiruchirappalli, Tamil Nadu."
Tamil Nadu,Tiruchirappalli,AC-TN-139,Srirangam,MLA,M. Palaniyandi,Male,Dravida Munnetra Kazhagam,1,Graduate,/assets/placeholder-avatar.svg,65000000,5500000,0,90,55,30000000,25800000,"M. Palaniyandi is the elected MLA representing Srirangam, Tiruchirappalli, Tamil Nadu."
Tamil Nadu,Tiruchirappalli,AC-TN-140,Tiruchirappalli (West),MLA,K. N. Nehru,Male,Dravida Munnetra Kazhagam,1,Graduate,/assets/placeholder-avatar.svg,65000000,5500000,0,90,55,30000000,25800000,"K. N. Nehru is the elected MLA representing Tiruchirappalli (West), Tiruchirappalli, Tamil Nadu."
Tamil Nadu,Tiruchirappalli,AC-TN-141,Tiruchirappalli (East),MLA,Inigo S. Irudayaraj,Male,Dravida Munnetra Kazhagam,1,Graduate,/assets/placeholder-avatar.svg,65000000,5500000,0,90,55,30000000,25800000,"Inigo S. Irudayaraj is the elected MLA representing Tiruchirappalli (East), Tiruchirappalli, Tamil Nadu."
Tamil Nadu,Tiruchirappalli,AC-TN-142,Thiruverumbur,MLA,Anbil Mahesh,Male,Dravida Munnetra Kazhagam,1,Graduate,/assets/placeholder-avatar.svg,65000000,5500000,0,90,55,30000000,25800000,"Anbil Mahesh is the elected MLA representing Thiruverumbur, Tiruchirappalli, Tamil Nadu."
Tamil Nadu,Tiruchirappalli,AC-TN-143,Lalgudi,MLA,A. Soundara Pandian,Male,Dravida Munnetra Kazhagam,1,Graduate,/assets/placeholder-avatar.svg,65000000,5500000,0,90,55,30000000,25800000,"A. Soundara Pandian is the elected MLA representing Lalgudi, Tiruchirappalli, Tamil Nadu."
Tamil Nadu,Tiruchirappalli,AC-TN-144,Manachanallur,MLA,S. Kathiravan,Male,Dravida Munnetra Kazhagam,1,Graduate,/assets/placeholder-avatar.svg,65000000,5500000,0,90,55,30000000,25800000,"S. Kathiravan is the elected MLA representing Manachanallur, Tiruchirappalli, Tamil Nadu."
Tamil Nadu,Tiruchirappalli,AC-TN-145,Musiri,MLA,N. Thiyagarajan,Male,Dravida Munnetra Kazhagam,1,Graduate,/assets/placeholder-avatar.svg,65000000,5500000,0,90,55,30000000,25800000,"N. Thiyagarajan is the elected MLA representing Musiri, Tiruchirappalli, Tamil Nadu."
Tamil Nadu,Tiruchirappalli,AC-TN-146,Thuraiyur,MLA,S. Stalinkumar,Male,Dravida Munnetra Kazhagam,1,Graduate,/assets/placeholder-avatar.svg,65000000,5500000,0,90,55,30000000,25800000,"S. Stalinkumar is the elected MLA representing Thuraiyur, Tiruchirappalli, Tamil Nadu."
Tamil Nadu,Perambalur,AC-TN-147,Perambalur,MLA,M. Prabhakaran,Male,Dravida Munnetra Kazhagam,1,Graduate,/assets/placeholder-avatar.svg,65000000,5500000,0,90,55,30000000,25800000,"M. Prabhakaran is the elected MLA representing Perambalur, Perambalur, Tamil Nadu."
Tamil Nadu,Perambalur,AC-TN-148,Kunnam,MLA,S. S. Sivasankar,Male,Dravida Munnetra Kazhagam,1,Graduate,/assets/placeholder-avatar.svg,65000000,5500000,0,90,55,30000000,25800000,"S. S. Sivasankar is the elected MLA representing Kunnam, Perambalur, Tamil Nadu."
Tamil Nadu,Ariyalur,AC-TN-149,Ariyalur,MLA,K. Chinnappa,Male,Dravida Munnetra Kazhagam,1,Graduate,/assets/placeholder-avatar.svg,65000000,5500000,0,90,55,30000000,25800000,"K. Chinnappa is the elected MLA representing Ariyalur, Ariyalur, Tamil Nadu."
Tamil Nadu,Ariyalur,AC-TN-150,Jayankondam,MLA,Ka. So. Ka. Kannan,Male,Dravida Munnetra Kazhagam,1,Graduate,/assets/placeholder-avatar.svg,65000000,5500000,0,90,55,30000000,25800000,"Ka. So. Ka. Kannan is the elected MLA representing Jayankondam, Ariyalur, Tamil Nadu."
Tamil Nadu,Cuddalore,AC-TN-151,Tittakudi,MLA,C. V. Ganesan,Male,Dravida Munnetra Kazhagam,1,Graduate,/assets/placeholder-avatar.svg,65000000,5500000,0,90,55,30000000,25800000,"C. V. Ganesan is the elected MLA representing Tittakudi, Cuddalore, Tamil Nadu."
Tamil Nadu,Cuddalore,AC-TN-152,Vriddhachalam,MLA,R. Radhakrishnan,Male,Indian National Congress,1,Graduate,/assets/placeholder-avatar.svg,65000000,5500000,0,90,55,30000000,25800000,"R. Radhakrishnan is the elected MLA representing Vriddhachalam, Cuddalore, Tamil Nadu."
Tamil Nadu,Cuddalore,AC-TN-153,Neyveli,MLA,Saba Rajendran,Male,Dravida Munnetra Kazhagam,1,Graduate,/assets/placeholder-avatar.svg,65000000,5500000,0,90,55,30000000,25800000,"Saba Rajendran is the elected MLA representing Neyveli, Cuddalore, Tamil Nadu."
Tamil Nadu,Cuddalore,AC-TN-154,Panruti,MLA,T. Velmurugan,Male,Dravida Munnetra Kazhagam,1,Graduate,/assets/placeholder-avatar.svg,65000000,5500000,0,90,55,30000000,25800000,"T. Velmurugan is the elected MLA representing Panruti, Cuddalore, Tamil Nadu."
Tamil Nadu,Cuddalore,AC-TN-155,Cuddalore,MLA,G. Iyappan,Male,Dravida Munnetra Kazhagam,1,Graduate,/assets/placeholder-avatar.svg,65000000,5500000,0,90,55,30000000,25800000,"G. Iyappan is the elected MLA representing Cuddalore, Cuddalore, Tamil Nadu."
Tamil Nadu,Cuddalore,AC-TN-156,Kurinjipadi,MLA,M. R. K. Panneerselvam,Male,Dravida Munnetra Kazhagam,1,Graduate,/assets/placeholder-avatar.svg,65000000,5500000,0,90,55,30000000,25800000,"M. R. K. Panneerselvam is the elected MLA representing Kurinjipadi, Cuddalore, Tamil Nadu."
Tamil Nadu,Cuddalore,AC-TN-157,Bhuvanagiri,MLA,A. Arunmozhithevan,Male,ADMK,1,Graduate,/assets/placeholder-avatar.svg,65000000,5500000,0,90,55,30000000,25800000,"A. Arunmozhithevan is the elected MLA representing Bhuvanagiri, Cuddalore, Tamil Nadu."
Tamil Nadu,Cuddalore,AC-TN-158,Chidambaram,MLA,K. A. Pandian,Male,ADMK,1,Graduate,/assets/placeholder-avatar.svg,65000000,5500000,0,90,55,30000000,25800000,"K. A. Pandian is the elected MLA representing Chidambaram, Cuddalore, Tamil Nadu."
Tamil Nadu,Cuddalore,AC-TN-159,Kattumannarkoil,MLA,Sinthanai Selvan,Male,Viduthalai Chiruthaigal Katchi,1,Graduate,/assets/placeholder-avatar.svg,65000000,5500000,0,90,55,30000000,25800000,"Sinthanai Selvan is the elected MLA representing Kattumannarkoil, Cuddalore, Tamil Nadu."
Tamil Nadu,Mayiladuthurai,AC-TN-160,Sirkazhi,MLA,M. Panneerselvam,Male,Dravida Munnetra Kazhagam,1,Graduate,/assets/placeholder-avatar.svg,65000000,5500000,0,90,55,30000000,25800000,"M. Panneerselvam is the elected MLA representing Sirkazhi, Mayiladuthurai, Tamil Nadu."
Tamil Nadu,Mayiladuthurai,AC-TN-161,Mayiladuthurai,MLA,S. Rajakumar,Male,Indian National Congress,1,Graduate,/assets/placeholder-avatar.svg,65000000,5500000,0,90,55,30000000,25800000,"S. Rajakumar is the elected MLA representing Mayiladuthurai, Mayiladuthurai, Tamil Nadu."
Tamil Nadu,Mayiladuthurai,AC-TN-162,Poompuhar,MLA,Nivedha M. Murugan,Male,Dravida Munnetra Kazhagam,1,Graduate,/assets/placeholder-avatar.svg,65000000,5500000,0,90,55,30000000,25800000,"Nivedha M. Murugan is the elected MLA representing Poompuhar, Mayiladuthurai, Tamil Nadu."
Tamil Nadu,Nagapattinam,AC-TN-163,Nagapattinam,MLA,Aloor Shanavas,Male,Viduthalai Chiruthaigal Katchi,1,Graduate,/assets/placeholder-avatar.svg,65000000,5500000,0,90,55,30000000,25800000,"Aloor Shanavas is the elected MLA representing Nagapattinam, Nagapattinam, Tamil Nadu."
Tamil Nadu,Nagapattinam,AC-TN-164,Kilvelur,MLA,Nagai Maali (A) P. Mahalingam,Male,Communist Party of India (Marxist),1,Graduate,/assets/placeholder-avatar.svg,65000000,5500000,0,90,55,30000000,25800000,"Nagai Maali (A) P. Mahalingam is the elected MLA representing Kilvelur, Nagapattinam, Tamil Nadu."
Tamil Nadu,Nagapattinam,AC-TN-165,Vedaranyam,MLA,O. S. Manian,Male,ADMK,1,Graduate,/assets/placeholder-avatar.svg,65000000,5500000,0,90,55,30000000,25800000,"O. S. Manian is the elected MLA representing Vedaranyam, Nagapattinam, Tamil Nadu."
Tamil Nadu,Tiruvarur,AC-TN-166,Thiruthuraipoondi,MLA,K. Marimuthu,Male,Communist Party of India,1,Graduate,/assets/placeholder-avatar.svg,65000000,5500000,0,90,55,30000000,25800000,"K. Marimuthu is the elected MLA representing Thiruthuraipoondi, Tiruvarur, Tamil Nadu."
Tamil Nadu,Tiruvarur,AC-TN-167,Mannargudi,MLA,Dr. T. R. B. Rajaa,Male,Dravida Munnetra Kazhagam,1,Graduate,/assets/placeholder-avatar.svg,65000000,5500000,0,90,55,30000000,25800000,"Dr. T. R. B. Rajaa is the elected MLA representing Mannargudi, Tiruvarur, Tamil Nadu."
Tamil Nadu,Tiruvarur,AC-TN-168,Thiruvarur,MLA,K. Poondi Kalaivanan,Male,Dravida Munnetra Kazhagam,1,Graduate,/assets/placeholder-avatar.svg,65000000,5500000,0,90,55,30000000,25800000,"K. Poondi Kalaivanan is the elected MLA representing Thiruvarur, Tiruvarur, Tamil Nadu."
Tamil Nadu,Tiruvarur,AC-TN-169,Nannilam,MLA,R. Kamaraj,Male,ADMK,1,Graduate,/assets/placeholder-avatar.svg,65000000,5500000,0,90,55,30000000,25800000,"R. Kamaraj is the elected MLA representing Nannilam, Tiruvarur, Tamil Nadu."
Tamil Nadu,Thanjavur,AC-TN-170,Thiruvidaimarudur,MLA,Govi. Chezhiyan,Male,Dravida Munnetra Kazhagam,1,Graduate,/assets/placeholder-avatar.svg,65000000,5500000,0,90,55,30000000,25800000,"Govi. Chezhiyan is the elected MLA representing Thiruvidaimarudur, Thanjavur, Tamil Nadu."
Tamil Nadu,Thanjavur,AC-TN-171,Kumbakonam,MLA,G. Anbalagan,Male,Dravida Munnetra Kazhagam,1,Graduate,/assets/placeholder-avatar.svg,65000000,5500000,0,90,55,30000000,25800000,"G. Anbalagan is the elected MLA representing Kumbakonam, Thanjavur, Tamil Nadu."
Tamil Nadu,Thanjavur,AC-TN-172,Papanasam,MLA,Dr. M. H. Jawahirullah,Male,Dravida Munnetra Kazhagam,1,Graduate,/assets/placeholder-avatar.svg,65000000,5500000,0,90,55,30000000,25800000,"Dr. M. H. Jawahirullah is the elected MLA representing Papanasam, Thanjavur, Tamil Nadu."
Tamil Nadu,Thanjavur,AC-TN-173,Thiruvaiyaru,MLA,Durai Chandrasekaran,Male,Dravida Munnetra Kazhagam,1,Graduate,/assets/placeholder-avatar.svg,65000000,5500000,0,90,55,30000000,25800000,"Durai Chandrasekaran is the elected MLA representing Thiruvaiyaru, Thanjavur, Tamil Nadu."
Tamil Nadu,Thanjavur,AC-TN-174,Thanjavur,MLA,T. K. G. Neelamegam,Male,Dravida Munnetra Kazhagam,1,Graduate,/assets/placeholder-avatar.svg,65000000,5500000,0,90,55,30000000,25800000,"T. K. G. Neelamegam is the elected MLA representing Thanjavur, Thanjavur, Tamil Nadu."
Tamil Nadu,Thanjavur,AC-TN-175,Orathanadu,MLA,R. Vaithilingam,Male,ADMK,1,Graduate,/assets/placeholder-avatar.svg,65000000,5500000,0,90,55,30000000,25800000,"R. Vaithilingam is the elected MLA representing Orathanadu, Thanjavur, Tamil Nadu."
Tamil Nadu,Thanjavur,AC-TN-176,Pattukkottai,MLA,K. Annadurai,Male,Dravida Munnetra Kazhagam,1,Graduate,/assets/placeholder-avatar.svg,65000000,5500000,0,90,55,30000000,25800000,"K. Annadurai is the elected MLA representing Pattukkottai, Thanjavur, Tamil Nadu."
Tamil Nadu,Thanjavur,AC-TN-177,Peravurani,MLA,Peravurani N. Ashokkumar,Male,Dravida Munnetra Kazhagam,1,Graduate,/assets/placeholder-avatar.svg,65000000,5500000,0,90,55,30000000,25800000,"Peravurani N. Ashokkumar is the elected MLA representing Peravurani, Thanjavur, Tamil Nadu."
Tamil Nadu,Pudukkottai,AC-TN-178,Gandarvakkottai,MLA,M. Chinnadurai,Male,Communist Party of India (Marxist),1,Graduate,/assets/placeholder-avatar.svg,65000000,5500000,0,90,55,30000000,25800000,"M. Chinnadurai is the elected MLA representing Gandarvakkottai, Pudukkottai, Tamil Nadu."
Tamil Nadu,Pudukkottai,AC-TN-179,Viralimalai,MLA,C. Vijayabaskar,Male,ADMK,1,Graduate,/assets/placeholder-avatar.svg,65000000,5500000,0,90,55,30000000,25800000,"C. Vijayabaskar is the elected MLA representing Viralimalai, Pudukkottai, Tamil Nadu."
Tamil Nadu,Pudukkottai,AC-TN-180,Pudukkottai,MLA,Dr. V. Muthuraja,Male,Dravida Munnetra Kazhagam,1,Graduate,/assets/placeholder-avatar.svg,65000000,5500000,0,90,55,30000000,25800000,"Dr. V. Muthuraja is the elected MLA representing Pudukkottai, Pudukkottai, Tamil Nadu."
Tamil Nadu,Pudukkottai,AC-TN-181,Thirumayam,MLA,S. Regupathy,Male,Dravida Munnetra Kazhagam,1,Graduate,/assets/placeholder-avatar.svg,65000000,5500000,0,90,55,30000000,25800000,"S. Regupathy is the elected MLA representing Thirumayam, Pudukkottai, Tamil Nadu."
Tamil Nadu,Pudukkottai,AC-TN-182,Alangudi,MLA,Meyyanathan Siva V,Male,Dravida Munnetra Kazhagam,1,Graduate,/assets/placeholder-avatar.svg,65000000,5500000,0,90,55,30000000,25800000,"Meyyanathan Siva V is the elected MLA representing Alangudi, Pudukkottai, Tamil Nadu."
Tamil Nadu,Pudukkottai,AC-TN-183,Aranthangi,MLA,T. Ramachandran,Male,Indian National Congress,1,Graduate,/assets/placeholder-avatar.svg,65000000,5500000,0,90,55,30000000,25800000,"T. Ramachandran is the elected MLA representing Aranthangi, Pudukkottai, Tamil Nadu."
Tamil Nadu,Sivaganga,AC-TN-184,Karaikudi,MLA,S. Mangudi,Male,Indian National Congress,1,Graduate,/assets/placeholder-avatar.svg,65000000,5500000,0,90,55,30000000,25800000,"S. Mangudi is the elected MLA representing Karaikudi, Sivaganga, Tamil Nadu."
Tamil Nadu,Sivaganga,AC-TN-185,Tiruppattur,MLA,K. R. Periyakaruppan,Male,Dravida Munnetra Kazhagam,1,Graduate,/assets/placeholder-avatar.svg,65000000,5500000,0,90,55,30000000,25800000,"K. R. Periyakaruppan is the elected MLA representing Tiruppattur, Sivaganga, Tamil Nadu."
Tamil Nadu,Sivaganga,AC-TN-186,Sivaganga,MLA,P. R. Senthilnathan,Male,ADMK,1,Graduate,/assets/placeholder-avatar.svg,65000000,5500000,0,90,55,30000000,25800000,"P. R. Senthilnathan is the elected MLA representing Sivaganga, Sivaganga, Tamil Nadu."
Tamil Nadu,Sivaganga,AC-TN-187,Manamadurai,MLA,A. Tamilarasi,Male,Dravida Munnetra Kazhagam,1,Graduate,/assets/placeholder-avatar.svg,65000000,5500000,0,90,55,30000000,25800000,"A. Tamilarasi is the elected MLA representing Manamadurai, Sivaganga, Tamil Nadu."
Tamil Nadu,Madurai,AC-TN-188,Melur,MLA,P. Selvam,Male,ADMK,1,Graduate,/assets/placeholder-avatar.svg,65000000,5500000,0,90,55,30000000,25800000,"P. Selvam is the elected MLA representing Melur, Madurai, Tamil Nadu."
Tamil Nadu,Madurai,AC-TN-189,Madurai East,MLA,P. Moorthy,Male,Dravida Munnetra Kazhagam,1,Graduate,/assets/placeholder-avatar.svg,65000000,5500000,0,90,55,30000000,25800000,"P. Moorthy is the elected MLA representing Madurai East, Madurai, Tamil Nadu."
Tamil Nadu,Madurai,AC-TN-190,Sholavandan,MLA,A. Venkatesan,Male,Dravida Munnetra Kazhagam,1,Graduate,/assets/placeholder-avatar.svg,65000000,5500000,0,90,55,30000000,25800000,"A. Venkatesan is the elected MLA representing Sholavandan, Madurai, Tamil Nadu."
Tamil Nadu,Madurai,AC-TN-191,Madurai North,MLA,G. Thalapathi,Male,Dravida Munnetra Kazhagam,1,Graduate,/assets/placeholder-avatar.svg,65000000,5500000,0,90,55,30000000,25800000,"G. Thalapathi is the elected MLA representing Madurai North, Madurai, Tamil Nadu."
Tamil Nadu,Madurai,AC-TN-192,Madurai South,MLA,M. Boominathan,Male,Dravida Munnetra Kazhagam,1,Graduate,/assets/placeholder-avatar.svg,65000000,5500000,0,90,55,30000000,25800000,"M. Boominathan is the elected MLA representing Madurai South, Madurai, Tamil Nadu."
Tamil Nadu,Madurai,AC-TN-193,Madurai Central,MLA,Palanivel Thiagarajan,Male,Dravida Munnetra Kazhagam,1,Graduate,/assets/placeholder-avatar.svg,65000000,5500000,0,90,55,30000000,25800000,"Palanivel Thiagarajan is the elected MLA representing Madurai Central, Madurai, Tamil Nadu."
Tamil Nadu,Madurai,AC-TN-194,Madurai West,MLA,Sellur K. Raju,Male,ADMK,1,Graduate,/assets/placeholder-avatar.svg,65000000,5500000,0,90,55,30000000,25800000,"Sellur K. Raju is the elected MLA representing Madurai West, Madurai, Tamil Nadu."
Tamil Nadu,Madurai,AC-TN-195,Thiruparankundram,MLA,V. V. Rajan Chellappa,Male,ADMK,1,Graduate,/assets/placeholder-avatar.svg,65000000,5500000,0,90,55,30000000,25800000,"V. V. Rajan Chellappa is the elected MLA representing Thiruparankundram, Madurai, Tamil Nadu."
Tamil Nadu,Madurai,AC-TN-196,Thirumangalam,MLA,R. B. Udhayakumar,Male,All India Anna Dravida Munnetra Kazhagam,1,Graduate,/assets/placeholder-avatar.svg,65000000,5500000,0,90,55,30000000,25800000,"R. B. Udhayakumar is the elected MLA representing Thirumangalam, Madurai, Tamil Nadu."
Tamil Nadu,Madurai,AC-TN-197,Usilampatti,MLA,P. Ayyappan,Male,ADMK,1,Graduate,/assets/placeholder-avatar.svg,65000000,5500000,0,90,55,30000000,25800000,"P. Ayyappan is the elected MLA representing Usilampatti, Madurai, Tamil Nadu."
Tamil Nadu,Theni,AC-TN-198,Andipatti,MLA,A. Maharajan,Male,Dravida Munnetra Kazhagam,1,Graduate,/assets/placeholder-avatar.svg,65000000,5500000,0,90,55,30000000,25800000,"A. Maharajan is the elected MLA representing Andipatti, Theni, Tamil Nadu."
Tamil Nadu,Theni,AC-TN-199,Periyakulam,MLA,K. S. Saravana Kumar,Male,Dravida Munnetra Kazhagam,1,Graduate,/assets/placeholder-avatar.svg,65000000,5500000,0,90,55,30000000,25800000,"K. S. Saravana Kumar is the elected MLA representing Periyakulam, Theni, Tamil Nadu."
Tamil Nadu,Theni,AC-TN-200,Bodinayakanur,MLA,O. Panneerselvam,Male,ADMK,1,Graduate,/assets/candidates/o__panneerselvam.jpg,65000000,5500000,0,90,55,30000000,25800000,"O. Panneerselvam is the elected MLA representing Bodinayakanur, Theni, Tamil Nadu."
Tamil Nadu,Theni,AC-TN-201,Cumbum,MLA,N. Eramakrishnan,Male,Dravida Munnetra Kazhagam,1,Graduate,/assets/placeholder-avatar.svg,65000000,5500000,0,90,55,30000000,25800000,"N. Eramakrishnan is the elected MLA representing Cumbum, Theni, Tamil Nadu."
Tamil Nadu,Virudhunagar,AC-TN-202,Rajapalayam,MLA,S. Thangappandian,Male,Dravida Munnetra Kazhagam,1,Graduate,/assets/placeholder-avatar.svg,65000000,5500000,0,90,55,30000000,25800000,"S. Thangappandian is the elected MLA representing Rajapalayam, Virudhunagar, Tamil Nadu."
Tamil Nadu,Virudhunagar,AC-TN-203,Srivilliputhur,MLA,E. M. Manraj,Male,All India Anna Dravida Munnetra Kazhagam,1,Graduate,/assets/placeholder-avatar.svg,65000000,5500000,0,90,55,30000000,25800000,"E. M. Manraj is the elected MLA representing Srivilliputhur, Virudhunagar, Tamil Nadu."
Tamil Nadu,Virudhunagar,AC-TN-204,Sattur,MLA,A. R. R. Raghuraman,Male,Dravida Munnetra Kazhagam,1,Graduate,/assets/placeholder-avatar.svg,65000000,5500000,0,90,55,30000000,25800000,"A. R. R. Raghuraman is the elected MLA representing Sattur, Virudhunagar, Tamil Nadu."
Tamil Nadu,Virudhunagar,AC-TN-205,Sivakasi,MLA,A. M. S. G. Ashokan,Male,Indian National Congress,1,Graduate,/assets/placeholder-avatar.svg,65000000,5500000,0,90,55,30000000,25800000,"A. M. S. G. Ashokan is the elected MLA representing Sivakasi, Virudhunagar, Tamil Nadu."
Tamil Nadu,Virudhunagar,AC-TN-206,Virudhunagar,MLA,A. R. R. Seenivasan,Male,Dravida Munnetra Kazhagam,1,Graduate,/assets/placeholder-avatar.svg,65000000,5500000,0,90,55,30000000,25800000,"A. R. R. Seenivasan is the elected MLA representing Virudhunagar, Virudhunagar, Tamil Nadu."
Tamil Nadu,Virudhunagar,AC-TN-207,Aruppukkottai,MLA,Sattur Ramachandran,Male,Dravida Munnetra Kazhagam,1,Graduate,/assets/placeholder-avatar.svg,65000000,5500000,0,90,55,30000000,25800000,"Sattur Ramachandran is the elected MLA representing Aruppukkottai, Virudhunagar, Tamil Nadu."
Tamil Nadu,Virudhunagar,AC-TN-208,Tiruchuli,MLA,Thangam Thennarasu,Male,Dravida Munnetra Kazhagam,1,Graduate,/assets/placeholder-avatar.svg,65000000,5500000,0,90,55,30000000,25800000,"Thangam Thennarasu is the elected MLA representing Tiruchuli, Virudhunagar, Tamil Nadu."
Tamil Nadu,Ramanathapuram,AC-TN-209,Paramakudi,MLA,S. Murugesan,Male,Dravida Munnetra Kazhagam,1,Graduate,/assets/placeholder-avatar.svg,65000000,5500000,0,90,55,30000000,25800000,"S. Murugesan is the elected MLA representing Paramakudi, Ramanathapuram, Tamil Nadu."
Tamil Nadu,Ramanathapuram,AC-TN-210,Tiruvadanai,MLA,R. M. Karumanikam,Male,Indian National Congress,1,Graduate,/assets/placeholder-avatar.svg,65000000,5500000,0,90,55,30000000,25800000,"R. M. Karumanikam is the elected MLA representing Tiruvadanai, Ramanathapuram, Tamil Nadu."
Tamil Nadu,Ramanathapuram,AC-TN-211,Ramanathapuram,MLA,K. Muthuramalingam,Male,Dravida Munnetra Kazhagam,1,Graduate,/assets/placeholder-avatar.svg,65000000,5500000,0,90,55,30000000,25800000,"K. Muthuramalingam is the elected MLA representing Ramanathapuram, Ramanathapuram, Tamil Nadu."
Tamil Nadu,Ramanathapuram,AC-TN-212,Mudhukulathur,MLA,R. S. Raja Kannappan,Male,Dravida Munnetra Kazhagam,1,Graduate,/assets/placeholder-avatar.svg,65000000,5500000,0,90,55,30000000,25800000,"R. S. Raja Kannappan is the elected MLA representing Mudhukulathur, Ramanathapuram, Tamil Nadu."
Tamil Nadu,Thoothukudi,AC-TN-213,Vilathikulam,MLA,G. V. Markandayan,Male,Dravida Munnetra Kazhagam,1,Graduate,/assets/placeholder-avatar.svg,65000000,5500000,0,90,55,30000000,25800000,"G. V. Markandayan is the elected MLA representing Vilathikulam, Thoothukudi, Tamil Nadu."
Tamil Nadu,Thoothukudi,AC-TN-214,Thoothukkudi,MLA,P. Geetha Jeevan,Female,Dravida Munnetra Kazhagam,1,Graduate,/assets/placeholder-avatar.svg,65000000,5500000,0,90,55,30000000,25800000,"P. Geetha Jeevan is the elected MLA representing Thoothukkudi, Thoothukudi, Tamil Nadu."
Tamil Nadu,Thoothukudi,AC-TN-215,Tiruchendur,MLA,Anitha R. Radhakrishnan,Female,Dravida Munnetra Kazhagam,1,Graduate,/assets/placeholder-avatar.svg,65000000,5500000,0,90,55,30000000,25800000,"Anitha R. Radhakrishnan is the elected MLA representing Tiruchendur, Thoothukudi, Tamil Nadu."
Tamil Nadu,Thoothukudi,AC-TN-216,Srivaikuntam,MLA,Oorvasi S. Amirtharaj,Male,Indian National Congress,1,Graduate,/assets/placeholder-avatar.svg,65000000,5500000,0,90,55,30000000,25800000,"Oorvasi S. Amirtharaj is the elected MLA representing Srivaikuntam, Thoothukudi, Tamil Nadu."
Tamil Nadu,Thoothukudi,AC-TN-217,Ottapidaram,MLA,M. C. Shunmugaiah,Male,Dravida Munnetra Kazhagam,1,Graduate,/assets/placeholder-avatar.svg,65000000,5500000,0,90,55,30000000,25800000,"M. C. Shunmugaiah is the elected MLA representing Ottapidaram, Thoothukudi, Tamil Nadu."
Tamil Nadu,Thoothukudi,AC-TN-218,Kovilpatti,MLA,Kadambur C. Raju,Male,ADMK,1,Graduate,/assets/placeholder-avatar.svg,65000000,5500000,0,90,55,30000000,25800000,"Kadambur C. Raju is the elected MLA representing Kovilpatti, Thoothukudi, Tamil Nadu."
Tamil Nadu,Tenkasi,AC-TN-219,Sankarankovil,MLA,E. Raja,Male,Dravida Munnetra Kazhagam,1,Graduate,/assets/placeholder-avatar.svg,65000000,5500000,0,90,55,30000000,25800000,"E. Raja is the elected MLA representing Sankarankovil, Tenkasi, Tamil Nadu."
Tamil Nadu,Tenkasi,AC-TN-220,Vasudevanallur,MLA,Dr. T. Sadhan Tirumalaikumar,Male,Dravida Munnetra Kazhagam,1,Graduate,/assets/placeholder-avatar.svg,65000000,5500000,0,90,55,30000000,25800000,"Dr. T. Sadhan Tirumalaikumar is the elected MLA representing Vasudevanallur, Tenkasi, Tamil Nadu."
Tamil Nadu,Tenkasi,AC-TN-221,Kadayanallur,MLA,C. Krishnamurali,Male,ADMK,1,Graduate,/assets/placeholder-avatar.svg,65000000,5500000,0,90,55,30000000,25800000,"C. Krishnamurali is the elected MLA representing Kadayanallur, Tenkasi, Tamil Nadu."
Tamil Nadu,Tenkasi,AC-TN-222,Tenkasi,MLA,S. Palani Nadar,Male,Indian National Congress,1,Graduate,/assets/placeholder-avatar.svg,65000000,5500000,0,90,55,30000000,25800000,"S. Palani Nadar is the elected MLA representing Tenkasi, Tenkasi, Tamil Nadu."
Tamil Nadu,Tenkasi,AC-TN-223,Alangulam,MLA,P. H. Manoj Pandian,Male,ADMK,1,Graduate,/assets/placeholder-avatar.svg,65000000,5500000,0,90,55,30000000,25800000,"P. H. Manoj Pandian is the elected MLA representing Alangulam, Tenkasi, Tamil Nadu."
Tamil Nadu,Tirunelveli,AC-TN-224,Tirunelveli,MLA,Nainar Nagendran,Male,Bharatiya Janata Party,1,Graduate,/assets/placeholder-avatar.svg,65000000,5500000,0,90,55,30000000,25800000,"Nainar Nagendran is the elected MLA representing Tirunelveli, Tirunelveli, Tamil Nadu."
Tamil Nadu,Tirunelveli,AC-TN-225,Ambasamudram,MLA,E. Subaya,Male,ADMK,1,Graduate,/assets/placeholder-avatar.svg,65000000,5500000,0,90,55,30000000,25800000,"E. Subaya is the elected MLA representing Ambasamudram, Tirunelveli, Tamil Nadu."
Tamil Nadu,Tirunelveli,AC-TN-226,Palayamkottai,MLA,M. Abdul Wahab,Male,Dravida Munnetra Kazhagam,1,Graduate,/assets/placeholder-avatar.svg,65000000,5500000,0,90,55,30000000,25800000,"M. Abdul Wahab is the elected MLA representing Palayamkottai, Tirunelveli, Tamil Nadu."
Tamil Nadu,Tirunelveli,AC-TN-227,Nanguneri,MLA,Ruby R. Manoharan,Male,Indian National Congress,1,Graduate,/assets/placeholder-avatar.svg,65000000,5500000,0,90,55,30000000,25800000,"Ruby R. Manoharan is the elected MLA representing Nanguneri, Tirunelveli, Tamil Nadu."
Tamil Nadu,Tirunelveli,AC-TN-228,Radhapuram,MLA,M. Appavu,Male,Dravida Munnetra Kazhagam,1,Graduate,/assets/placeholder-avatar.svg,65000000,5500000,0,90,55,30000000,25800000,"M. Appavu is the elected MLA representing Radhapuram, Tirunelveli, Tamil Nadu."
Tamil Nadu,Kanyakumari,AC-TN-229,Kanniyakumari,MLA,N. Thalavai Sundaram,Male,ADMK,1,Graduate,/assets/placeholder-avatar.svg,65000000,5500000,0,90,55,30000000,25800000,"N. Thalavai Sundaram is the elected MLA representing Kanniyakumari, Kanyakumari, Tamil Nadu."
Tamil Nadu,Kanyakumari,AC-TN-230,Nagercoil,MLA,M. R. Gandhi,Male,Bharatiya Janata Party,1,Graduate,/assets/placeholder-avatar.svg,65000000,5500000,0,90,55,30000000,25800000,"M. R. Gandhi is the elected MLA representing Nagercoil, Kanyakumari, Tamil Nadu."
Tamil Nadu,Kanyakumari,AC-TN-231,Colachal,MLA,J. G. Prince,Male,Indian National Congress,1,Graduate,/assets/placeholder-avatar.svg,65000000,5500000,0,90,55,30000000,25800000,"J. G. Prince is the elected MLA representing Colachal, Kanyakumari, Tamil Nadu."
Tamil Nadu,Kanyakumari,AC-TN-232,Padmanabhapuram,MLA,Mano Thangaraj,Male,Dravida Munnetra Kazhagam,1,Graduate,/assets/placeholder-avatar.svg,65000000,5500000,0,90,55,30000000,25800000,"Mano Thangaraj is the elected MLA representing Padmanabhapuram, Kanyakumari, Tamil Nadu."
Tamil Nadu,Kanyakumari,AC-TN-233,Vilavancode,MLA,S. Vijayadharani,Female,Indian National Congress,1,Graduate,/assets/placeholder-avatar.svg,65000000,5500000,0,90,55,30000000,25800000,"S. Vijayadharani is the elected MLA representing Vilavancode, Kanyakumari, Tamil Nadu."
Tamil Nadu,Kanyakumari,AC-TN-234,Killiyoor,MLA,S. Rajeshkumar,Male,Indian National Congress,1,Graduate,/assets/placeholder-avatar.svg,65000000,5500000,0,90,55,30000000,25800000,"S. Rajeshkumar is the elected MLA representing Killiyoor, Kanyakumari, Tamil Nadu."
Gujarat,Kutch,AC-GJ-1,Abdasa,MLA,P. M. Jadeja,Male,Bharatiya Janata Party,1,Graduate,/assets/placeholder-avatar.svg,62000000,7500000,0,92,60,30000000,27500000,"P. M. Jadeja is the elected MLA representing Abdasa, Kutch, Gujarat."
Gujarat,Kutch,AC-GJ-2,Mandvi,MLA,Aniruddh Dave,Male,Bharatiya Janata Party,1,Graduate,/assets/placeholder-avatar.svg,62000000,7500000,0,92,60,30000000,27500000,"Aniruddh Dave is the elected MLA representing Mandvi, Kutch, Gujarat."
Gujarat,Kutch,AC-GJ-3,Bhuj,MLA,Keshubhai Shivdas Patel,Male,Bharatiya Janata Party,1,Graduate,/assets/placeholder-avatar.svg,62000000,7500000,0,92,60,30000000,27500000,"Keshubhai Shivdas Patel is the elected MLA representing Bhuj, Kutch, Gujarat."
Gujarat,Kutch,AC-GJ-4,Anjar,MLA,Chhanga Trikam Bijal,Male,Bharatiya Janata Party,1,Graduate,/assets/placeholder-avatar.svg,62000000,7500000,0,92,60,30000000,27500000,"Chhanga Trikam Bijal is the elected MLA representing Anjar, Kutch, Gujarat."
Gujarat,Kutch,AC-GJ-5,Gandhidham,MLA,Malti Maheshwari,Female,Bharatiya Janata Party,1,Graduate,/assets/placeholder-avatar.svg,62000000,7500000,0,92,60,30000000,27500000,"Malti Maheshwari is the elected MLA representing Gandhidham, Kutch, Gujarat."
Gujarat,Kutch,AC-GJ-6,Rapar,MLA,Virendrasinh Jadeja,Male,Bharatiya Janata Party,1,Graduate,/assets/placeholder-avatar.svg,62000000,7500000,0,92,60,30000000,27500000,"Virendrasinh Jadeja is the elected MLA representing Rapar, Kutch, Gujarat."
Gujarat,Banaskantha,AC-GJ-7,Vav,MLA,Geniben Thakor,Female,Indian National Congress,1,Graduate,/assets/placeholder-avatar.svg,62000000,7500000,0,92,60,30000000,27500000,"Geniben Thakor is the elected MLA representing Vav, Banaskantha, Gujarat."
Gujarat,Banaskantha,AC-GJ-8,Tharad,MLA,Shankar Chaudhary,Male,Bharatiya Janata Party,1,Graduate,/assets/placeholder-avatar.svg,62000000,7500000,0,92,60,30000000,27500000,"Shankar Chaudhary is the elected MLA representing Tharad, Banaskantha, Gujarat."
Gujarat,Banaskantha,AC-GJ-9,Dhanera,MLA,Mavji Desai,Male,Ind,1,Graduate,/assets/placeholder-avatar.svg,62000000,7500000,0,92,60,30000000,27500000,"Mavji Desai is the elected MLA representing Dhanera, Banaskantha, Gujarat."
Gujarat,Banaskantha,AC-GJ-10,Danta,MLA,Kantibhai Kharadi,Male,Indian National Congress,1,Graduate,/assets/placeholder-avatar.svg,62000000,7500000,0,92,60,30000000,27500000,"Kantibhai Kharadi is the elected MLA representing Danta, Banaskantha, Gujarat."
Gujarat,Banaskantha,AC-GJ-11,Vadgam,MLA,Jignesh Mevani,Male,Indian National Congress,2,Graduate,/assets/candidates/jignesh_mevani.jpg,62000000,7500000,0,92,60,30000000,27500000,"Jignesh Mevani is the elected MLA representing Vadgam, Banaskantha, Gujarat."
Gujarat,Banaskantha,AC-GJ-12,Palanpur,MLA,Aniket Thakar,Male,Bharatiya Janata Party,1,Graduate,/assets/placeholder-avatar.svg,62000000,7500000,0,92,60,30000000,27500000,"Aniket Thakar is the elected MLA representing Palanpur, Banaskantha, Gujarat."
Gujarat,Banaskantha,AC-GJ-13,Deesa,MLA,Pravinkumar Mali,Male,Bharatiya Janata Party,1,Graduate,/assets/placeholder-avatar.svg,62000000,7500000,0,92,60,30000000,27500000,"Pravinkumar Mali is the elected MLA representing Deesa, Banaskantha, Gujarat."
Gujarat,Banaskantha,AC-GJ-14,Deodar,MLA,Keshaji Chauhan,Male,Bharatiya Janata Party,1,Graduate,/assets/placeholder-avatar.svg,62000000,7500000,0,92,60,30000000,27500000,"Keshaji Chauhan is the elected MLA representing Deodar, Banaskantha, Gujarat."
Gujarat,Banaskantha,AC-GJ-15,Kankrej,MLA,Amrutbhai Thakor,Male,Indian National Congress,1,Graduate,/assets/placeholder-avatar.svg,62000000,7500000,0,92,60,30000000,27500000,"Amrutbhai Thakor is the elected MLA representing Kankrej, Banaskantha, Gujarat."
Gujarat,Patan,AC-GJ-16,Radhanpur,MLA,Lavingji Thakor,Male,Bharatiya Janata Party,1,Graduate,/assets/placeholder-avatar.svg,62000000,7500000,0,92,60,30000000,27500000,"Lavingji Thakor is the elected MLA representing Radhanpur, Patan, Gujarat."
Gujarat,Patan,AC-GJ-17,Chanasma,MLA,Dineshbhai Thakor,Male,Indian National Congress,1,Graduate,/assets/placeholder-avatar.svg,62000000,7500000,0,92,60,30000000,27500000,"Dineshbhai Thakor is the elected MLA representing Chanasma, Patan, Gujarat."
Gujarat,Patan,AC-GJ-18,Patan,MLA,Kiritkumar Patel,Male,Indian National Congress,1,Graduate,/assets/placeholder-avatar.svg,62000000,7500000,0,92,60,30000000,27500000,"Kiritkumar Patel is the elected MLA representing Patan, Patan, Gujarat."
Gujarat,Patan,AC-GJ-19,Sidhpur,MLA,Balvantsinh Rajput,Male,Bharatiya Janata Party,1,Graduate,/assets/placeholder-avatar.svg,62000000,7500000,0,92,60,30000000,27500000,"Balvantsinh Rajput is the elected MLA representing Sidhpur, Patan, Gujarat."
Gujarat,Mehsana,AC-GJ-20,Kheralu,MLA,Sardarsinh Chaudhary,Male,Bharatiya Janata Party,1,Graduate,/assets/placeholder-avatar.svg,62000000,7500000,0,92,60,30000000,27500000,"Sardarsinh Chaudhary is the elected MLA representing Kheralu, Mehsana, Gujarat."
Gujarat,Mehsana,AC-GJ-21,Unjha,MLA,Kiritkuimar Patel,Male,Bharatiya Janata Party,1,Graduate,/assets/placeholder-avatar.svg,62000000,7500000,0,92,60,30000000,27500000,"Kiritkuimar Patel is the elected MLA representing Unjha, Mehsana, Gujarat."
Gujarat,Mehsana,AC-GJ-22,Visnagar,MLA,Rushikesh Patel,Male,Bharatiya Janata Party,1,Graduate,/assets/placeholder-avatar.svg,62000000,7500000,0,92,60,30000000,27500000,"Rushikesh Patel is the elected MLA representing Visnagar, Mehsana, Gujarat."
Gujarat,Mehsana,AC-GJ-23,Bechraji,MLA,Sukhaji Thakor,Male,Bharatiya Janata Party,1,Graduate,/assets/placeholder-avatar.svg,62000000,7500000,0,92,60,30000000,27500000,"Sukhaji Thakor is the elected MLA representing Bechraji, Mehsana, Gujarat."
Gujarat,Mehsana,AC-GJ-24,Kadi,MLA,Karshanbhai Solanki,Male,Bharatiya Janata Party,1,Graduate,/assets/placeholder-avatar.svg,62000000,7500000,0,92,60,30000000,27500000,"Karshanbhai Solanki is the elected MLA representing Kadi, Mehsana, Gujarat."
Gujarat,Mehsana,AC-GJ-25,Mahesana,MLA,Mukesh Patel,Male,Bharatiya Janata Party,1,Graduate,/assets/placeholder-avatar.svg,62000000,7500000,0,92,60,30000000,27500000,"Mukesh Patel is the elected MLA representing Mahesana, Mehsana, Gujarat."
Gujarat,Mehsana,AC-GJ-26,Vijapur,MLA,C. J. Chavda,Male,Indian National Congress,1,Graduate,/assets/placeholder-avatar.svg,62000000,7500000,0,92,60,30000000,27500000,"C. J. Chavda is the elected MLA representing Vijapur, Mehsana, Gujarat."
Gujarat,Sabarkantha,AC-GJ-27,Himatnagar,MLA,V. D. Zala,Male,Bharatiya Janata Party,1,Graduate,/assets/placeholder-avatar.svg,62000000,7500000,0,92,60,30000000,27500000,"V. D. Zala is the elected MLA representing Himatnagar, Sabarkantha, Gujarat."
Gujarat,Sabarkantha,AC-GJ-28,Idar,MLA,Ramanlal Vora,Male,Bharatiya Janata Party,1,Graduate,/assets/placeholder-avatar.svg,62000000,7500000,0,92,60,30000000,27500000,"Ramanlal Vora is the elected MLA representing Idar, Sabarkantha, Gujarat."
Gujarat,Sabarkantha,AC-GJ-29,Khedbrahma,MLA,Tushar Chaudhary,Male,Indian National Congress,1,Graduate,/assets/placeholder-avatar.svg,62000000,7500000,0,92,60,30000000,27500000,"Tushar Chaudhary is the elected MLA representing Khedbrahma, Sabarkantha, Gujarat."
Gujarat,Aravalli,AC-GJ-30,Bhiloda,MLA,Punamchand Baranda,Male,Bharatiya Janata Party,1,Graduate,/assets/placeholder-avatar.svg,62000000,7500000,0,92,60,30000000,27500000,"Punamchand Baranda is the elected MLA representing Bhiloda, Aravalli, Gujarat."
Gujarat,Aravalli,AC-GJ-31,Modasa,MLA,Bhikhusinh Parmar,Male,Bharatiya Janata Party,1,Graduate,/assets/placeholder-avatar.svg,62000000,7500000,0,92,60,30000000,27500000,"Bhikhusinh Parmar is the elected MLA representing Modasa, Aravalli, Gujarat."
Gujarat,Aravalli,AC-GJ-32,Bayad,MLA,Dhavalsinh Zala,Male,Ind,1,Graduate,/assets/placeholder-avatar.svg,62000000,7500000,0,92,60,30000000,27500000,"Dhavalsinh Zala is the elected MLA representing Bayad, Aravalli, Gujarat."
Gujarat,Sabarkantha,AC-GJ-33,Prantij,MLA,Gajendrasinh Parmar,Male,Bharatiya Janata Party,1,Graduate,/assets/placeholder-avatar.svg,62000000,7500000,0,92,60,30000000,27500000,"Gajendrasinh Parmar is the elected MLA representing Prantij, Sabarkantha, Gujarat."
Gujarat,Gandhinagar,AC-GJ-34,Dahegam,MLA,Balrajsinh Chauhan,Male,Bharatiya Janata Party,1,Graduate,/assets/placeholder-avatar.svg,62000000,7500000,0,92,60,30000000,27500000,"Balrajsinh Chauhan is the elected MLA representing Dahegam, Gandhinagar, Gujarat."
Gujarat,Gandhinagar,AC-GJ-35,Gandhinagar South,MLA,Alpesh Thakor,Male,Bharatiya Janata Party,1,Graduate,/assets/placeholder-avatar.svg,62000000,7500000,0,92,60,30000000,27500000,"Alpesh Thakor is the elected MLA representing Gandhinagar South, Gandhinagar, Gujarat."
Gujarat,Gandhinagar,AC-GJ-36,Gandhinagar North,MLA,Ritaben Patel,Female,Bharatiya Janata Party,1,Graduate,/assets/placeholder-avatar.svg,62000000,7500000,0,92,60,30000000,27500000,"Ritaben Patel is the elected MLA representing Gandhinagar North, Gandhinagar, Gujarat."
Gujarat,Gandhinagar,AC-GJ-37,Mansa,MLA,Jayantibhai Patel,Male,Bharatiya Janata Party,1,Graduate,/assets/placeholder-avatar.svg,62000000,7500000,0,92,60,30000000,27500000,"Jayantibhai Patel is the elected MLA representing Mansa, Gandhinagar, Gujarat."
Gujarat,Gandhinagar,AC-GJ-38,Kalol,MLA,Laxmanji Thakor,Male,Bharatiya Janata Party,1,Graduate,/assets/placeholder-avatar.svg,62000000,7500000,0,92,60,30000000,27500000,"Laxmanji Thakor is the elected MLA representing Kalol, Gandhinagar, Gujarat."
Gujarat,Ahmedabad,AC-GJ-39,Viramgam,MLA,Hardik Patel,Male,Bharatiya Janata Party,1,Graduate,/assets/placeholder-avatar.svg,62000000,7500000,0,92,60,30000000,27500000,"Hardik Patel is the elected MLA representing Viramgam, Ahmedabad, Gujarat."
Gujarat,Ahmedabad,AC-GJ-40,Sanand,MLA,Kanubhai Patel,Male,Bharatiya Janata Party,1,Graduate,/assets/placeholder-avatar.svg,62000000,7500000,0,92,60,30000000,27500000,"Kanubhai Patel is the elected MLA representing Sanand, Ahmedabad, Gujarat."
Gujarat,Ahmedabad,AC-GJ-41,Ghatlodia,Chief Minister of Gujarat,Bhupendrabhai Patel,Male,Bharatiya Janata Party,2,Graduate,/assets/candidates/bhupendrabhai_patel.jpg,85000000,7500000,0,92,60,30000000,27500000,"Bhupendrabhai Patel is the elected Chief Minister of Gujarat representing Ghatlodia, Ahmedabad, Gujarat."
Gujarat,Ahmedabad,AC-GJ-42,Vejalpur,MLA,Amit Thaker,Male,Bharatiya Janata Party,1,Graduate,/assets/placeholder-avatar.svg,62000000,7500000,0,92,60,30000000,27500000,"Amit Thaker is the elected MLA representing Vejalpur, Ahmedabad, Gujarat."
Gujarat,Ahmedabad,AC-GJ-43,Vatva,MLA,Babusinh Jadav,Male,Bharatiya Janata Party,1,Graduate,/assets/placeholder-avatar.svg,62000000,7500000,0,92,60,30000000,27500000,"Babusinh Jadav is the elected MLA representing Vatva, Ahmedabad, Gujarat."
Gujarat,Ahmedabad,AC-GJ-44,Ellisbridge,MLA,Amit Popatlal Shah,Male,Bharatiya Janata Party,1,Graduate,/assets/placeholder-avatar.svg,62000000,7500000,0,92,60,30000000,27500000,"Amit Popatlal Shah is the elected MLA representing Ellisbridge, Ahmedabad, Gujarat."
Gujarat,Ahmedabad,AC-GJ-45,Naranpura,MLA,Jitendrakumar Patel,Male,Bharatiya Janata Party,1,Graduate,/assets/placeholder-avatar.svg,62000000,7500000,0,92,60,30000000,27500000,"Jitendrakumar Patel is the elected MLA representing Naranpura, Ahmedabad, Gujarat."
Gujarat,Ahmedabad,AC-GJ-46,Nikol,MLA,Jagdish Vishwakarma,Male,Bharatiya Janata Party,1,Graduate,/assets/placeholder-avatar.svg,62000000,7500000,0,92,60,30000000,27500000,"Jagdish Vishwakarma is the elected MLA representing Nikol, Ahmedabad, Gujarat."
Gujarat,Ahmedabad,AC-GJ-47,Naroda,MLA,Payal Kukrani,Female,Bharatiya Janata Party,1,Graduate,/assets/placeholder-avatar.svg,62000000,7500000,0,92,60,30000000,27500000,"Payal Kukrani is the elected MLA representing Naroda, Ahmedabad, Gujarat."
Gujarat,Ahmedabad,AC-GJ-48,Thakkarbapa Nagar,MLA,Kanchanben Radadiya,Female,Bharatiya Janata Party,1,Graduate,/assets/placeholder-avatar.svg,62000000,7500000,0,92,60,30000000,27500000,"Kanchanben Radadiya is the elected MLA representing Thakkarbapa Nagar, Ahmedabad, Gujarat."
Gujarat,Ahmedabad,AC-GJ-49,Bapunagar,MLA,Dineshsinh Kushwaha,Male,Bharatiya Janata Party,1,Graduate,/assets/placeholder-avatar.svg,62000000,7500000,0,92,60,30000000,27500000,"Dineshsinh Kushwaha is the elected MLA representing Bapunagar, Ahmedabad, Gujarat."
Gujarat,Ahmedabad,AC-GJ-50,Amraiwadi,MLA,Hasmukh Patel,Male,Bharatiya Janata Party,1,Graduate,/assets/placeholder-avatar.svg,62000000,7500000,0,92,60,30000000,27500000,"Hasmukh Patel is the elected MLA representing Amraiwadi, Ahmedabad, Gujarat."
Gujarat,Ahmedabad,AC-GJ-51,Dariapur,MLA,Kaushik Jain,Male,Bharatiya Janata Party,1,Graduate,/assets/placeholder-avatar.svg,62000000,7500000,0,92,60,30000000,27500000,"Kaushik Jain is the elected MLA representing Dariapur, Ahmedabad, Gujarat."
Gujarat,Ahmedabad,AC-GJ-52,Jamalpur-Khadiya,MLA,Imran Khedawala,Male,Indian National Congress,1,Graduate,/assets/placeholder-avatar.svg,62000000,7500000,0,92,60,30000000,27500000,"Imran Khedawala is the elected MLA representing Jamalpur-Khadiya, Ahmedabad, Gujarat."
Gujarat,Ahmedabad,AC-GJ-53,Maninagar,MLA,Amul Bhatt,Male,Bharatiya Janata Party,1,Graduate,/assets/placeholder-avatar.svg,62000000,7500000,0,92,60,30000000,27500000,"Amul Bhatt is the elected MLA representing Maninagar, Ahmedabad, Gujarat."
Gujarat,Ahmedabad,AC-GJ-54,Danilimda,MLA,Shailesh Parmar,Male,Indian National Congress,1,Graduate,/assets/placeholder-avatar.svg,62000000,7500000,0,92,60,30000000,27500000,"Shailesh Parmar is the elected MLA representing Danilimda, Ahmedabad, Gujarat."
Gujarat,Ahmedabad,AC-GJ-55,Sabarmati,MLA,Harshad Patel,Male,Bharatiya Janata Party,1,Graduate,/assets/placeholder-avatar.svg,62000000,7500000,0,92,60,30000000,27500000,"Harshad Patel is the elected MLA representing Sabarmati, Ahmedabad, Gujarat."
Gujarat,Ahmedabad,AC-GJ-56,Asarwa,MLA,Darshna Vaghela,Male,Bharatiya Janata Party,1,Graduate,/assets/placeholder-avatar.svg,62000000,7500000,0,92,60,30000000,27500000,"Darshna Vaghela is the elected MLA representing Asarwa, Ahmedabad, Gujarat."
Gujarat,Ahmedabad,AC-GJ-57,Daskroi,MLA,Babubhai Jamnadas,Male,Bharatiya Janata Party,1,Graduate,/assets/placeholder-avatar.svg,62000000,7500000,0,92,60,30000000,27500000,"Babubhai Jamnadas is the elected MLA representing Daskroi, Ahmedabad, Gujarat."
Gujarat,Ahmedabad,AC-GJ-58,Dholka,MLA,Kiritsinh Dabhi,Male,Bharatiya Janata Party,1,Graduate,/assets/placeholder-avatar.svg,62000000,7500000,0,92,60,30000000,27500000,"Kiritsinh Dabhi is the elected MLA representing Dholka, Ahmedabad, Gujarat."
Gujarat,Ahmedabad,AC-GJ-59,Dhandhuka,MLA,Kalabhai Dabhi,Male,Bharatiya Janata Party,1,Graduate,/assets/placeholder-avatar.svg,62000000,7500000,0,92,60,30000000,27500000,"Kalabhai Dabhi is the elected MLA representing Dhandhuka, Ahmedabad, Gujarat."
Gujarat,Surendranagar,AC-GJ-60,Dasada,MLA,Parshottam Parmar,Male,Bharatiya Janata Party,1,Graduate,/assets/placeholder-avatar.svg,62000000,7500000,0,92,60,30000000,27500000,"Parshottam Parmar is the elected MLA representing Dasada, Surendranagar, Gujarat."
Gujarat,Surendranagar,AC-GJ-61,Limbdi,MLA,Kiritsinh Rana,Male,Bharatiya Janata Party,1,Graduate,/assets/placeholder-avatar.svg,62000000,7500000,0,92,60,30000000,27500000,"Kiritsinh Rana is the elected MLA representing Limbdi, Surendranagar, Gujarat."
Gujarat,Surendranagar,AC-GJ-62,Wadhwan,MLA,Jagdish Makwana,Male,Bharatiya Janata Party,1,Graduate,/assets/placeholder-avatar.svg,62000000,7500000,0,92,60,30000000,27500000,"Jagdish Makwana is the elected MLA representing Wadhwan, Surendranagar, Gujarat."
Gujarat,Surendranagar,AC-GJ-63,Chotila,MLA,Shamji Chauhan,Male,Bharatiya Janata Party,1,Graduate,/assets/placeholder-avatar.svg,62000000,7500000,0,92,60,30000000,27500000,"Shamji Chauhan is the elected MLA representing Chotila, Surendranagar, Gujarat."
Gujarat,Surendranagar,AC-GJ-64,Dhrangadhra,MLA,Prakash Varmora,Male,Bharatiya Janata Party,1,Graduate,/assets/placeholder-avatar.svg,62000000,7500000,0,92,60,30000000,27500000,"Prakash Varmora is the elected MLA representing Dhrangadhra, Surendranagar, Gujarat."
Gujarat,Morbi,AC-GJ-65,Morbi,MLA,Kantilal Amrutiya,Male,Bharatiya Janata Party,1,Graduate,/assets/placeholder-avatar.svg,62000000,7500000,0,92,60,30000000,27500000,"Kantilal Amrutiya is the elected MLA representing Morbi, Morbi, Gujarat."
Gujarat,Morbi,AC-GJ-66,Tankara,MLA,Durlabhji Dethariya,Male,Bharatiya Janata Party,1,Graduate,/assets/placeholder-avatar.svg,62000000,7500000,0,92,60,30000000,27500000,"Durlabhji Dethariya is the elected MLA representing Tankara, Morbi, Gujarat."
Gujarat,Morbi,AC-GJ-67,Wankaner,MLA,Jitu Somani,Male,Bharatiya Janata Party,1,Graduate,/assets/placeholder-avatar.svg,62000000,7500000,0,92,60,30000000,27500000,"Jitu Somani is the elected MLA representing Wankaner, Morbi, Gujarat."
Gujarat,Rajkot,AC-GJ-68,Rajkot East,MLA,Uday Kangad,Male,Bharatiya Janata Party,1,Graduate,/assets/placeholder-avatar.svg,62000000,7500000,0,92,60,30000000,27500000,"Uday Kangad is the elected MLA representing Rajkot East, Rajkot, Gujarat."
Gujarat,Rajkot,AC-GJ-69,Rajkot West,MLA,Darshita Shah,Male,Bharatiya Janata Party,1,Graduate,/assets/placeholder-avatar.svg,62000000,7500000,0,92,60,30000000,27500000,"Darshita Shah is the elected MLA representing Rajkot West, Rajkot, Gujarat."
Gujarat,Rajkot,AC-GJ-70,Rajkot South,MLA,Rameshbhai Tilala,Male,Bharatiya Janata Party,1,Graduate,/assets/placeholder-avatar.svg,62000000,7500000,0,92,60,30000000,27500000,"Rameshbhai Tilala is the elected MLA representing Rajkot South, Rajkot, Gujarat."
Gujarat,Rajkot,AC-GJ-71,Rajkot Rural,MLA,Bhanuben Babariya,Female,Bharatiya Janata Party,1,Graduate,/assets/placeholder-avatar.svg,62000000,7500000,0,92,60,30000000,27500000,"Bhanuben Babariya is the elected MLA representing Rajkot Rural, Rajkot, Gujarat."
Gujarat,Rajkot,AC-GJ-72,Jasdan,MLA,Kunvarjibhai Bavaliya,Male,Bharatiya Janata Party,1,Graduate,/assets/placeholder-avatar.svg,62000000,7500000,0,92,60,30000000,27500000,"Kunvarjibhai Bavaliya is the elected MLA representing Jasdan, Rajkot, Gujarat."
Gujarat,Rajkot,AC-GJ-73,Gondal,MLA,Geetaba Jadeja,Female,Bharatiya Janata Party,1,Graduate,/assets/placeholder-avatar.svg,62000000,7500000,0,92,60,30000000,27500000,"Geetaba Jadeja is the elected MLA representing Gondal, Rajkot, Gujarat."
Gujarat,Rajkot,AC-GJ-74,Jetpur,MLA,Jayeshbhai Radadiya,Male,Bharatiya Janata Party,1,Graduate,/assets/placeholder-avatar.svg,62000000,7500000,0,92,60,30000000,27500000,"Jayeshbhai Radadiya is the elected MLA representing Jetpur, Rajkot, Gujarat."
Gujarat,Rajkot,AC-GJ-75,Dhoraji,MLA,Mahendrabhai Padalia,Male,Bharatiya Janata Party,1,Graduate,/assets/placeholder-avatar.svg,62000000,7500000,0,92,60,30000000,27500000,"Mahendrabhai Padalia is the elected MLA representing Dhoraji, Rajkot, Gujarat."
Gujarat,Jamnagar,AC-GJ-76,Kalavad,MLA,Meghjibhai Chavda,Male,Bharatiya Janata Party,1,Graduate,/assets/placeholder-avatar.svg,62000000,7500000,0,92,60,30000000,27500000,"Meghjibhai Chavda is the elected MLA representing Kalavad, Jamnagar, Gujarat."
Gujarat,Jamnagar,AC-GJ-77,Jamnagar Rural,MLA,Raghavji Patel,Male,Bharatiya Janata Party,1,Graduate,/assets/placeholder-avatar.svg,62000000,7500000,0,92,60,30000000,27500000,"Raghavji Patel is the elected MLA representing Jamnagar Rural, Jamnagar, Gujarat."
Gujarat,Jamnagar,AC-GJ-78,Jamnagar North,MLA,Rivaba Jadeja,Male,Bharatiya Janata Party,1,Graduate,/assets/candidates/rivaba_jadeja.jpg,62000000,7500000,0,92,60,30000000,27500000,"Rivaba Jadeja is the elected MLA representing Jamnagar North, Jamnagar, Gujarat."
Gujarat,Jamnagar,AC-GJ-79,Jamnagar South,MLA,Divyesh Akbari,Male,Bharatiya Janata Party,1,Graduate,/assets/placeholder-avatar.svg,62000000,7500000,0,92,60,30000000,27500000,"Divyesh Akbari is the elected MLA representing Jamnagar South, Jamnagar, Gujarat."
Gujarat,Jamnagar,AC-GJ-80,Jamjodhpur,MLA,Hemant Ahir,Male,Aam Aadmi Party,1,Graduate,/assets/placeholder-avatar.svg,62000000,7500000,0,92,60,30000000,27500000,"Hemant Ahir is the elected MLA representing Jamjodhpur, Jamnagar, Gujarat."
Gujarat,Devbhumi Dwarka,AC-GJ-81,Khambaliya,MLA,Mulubhai Bera,Male,Bharatiya Janata Party,1,Graduate,/assets/placeholder-avatar.svg,62000000,7500000,0,92,60,30000000,27500000,"Mulubhai Bera is the elected MLA representing Khambaliya, Devbhumi Dwarka, Gujarat."
Gujarat,Devbhumi Dwarka,AC-GJ-82,Dwarka,MLA,Pabubha Manek,Male,Bharatiya Janata Party,1,Graduate,/assets/placeholder-avatar.svg,62000000,7500000,0,92,60,30000000,27500000,"Pabubha Manek is the elected MLA representing Dwarka, Devbhumi Dwarka, Gujarat."
Gujarat,Porbandar,AC-GJ-83,Porbandar,MLA,Arjun Modhwadia,Male,Indian National Congress,1,Graduate,/assets/placeholder-avatar.svg,62000000,7500000,0,92,60,30000000,27500000,"Arjun Modhwadia is the elected MLA representing Porbandar, Porbandar, Gujarat."
Gujarat,Porbandar,AC-GJ-84,Kutiyana,MLA,Kandhal Jadeja,Male,Samajwadi Party,1,Graduate,/assets/placeholder-avatar.svg,62000000,7500000,0,92,60,30000000,27500000,"Kandhal Jadeja is the elected MLA representing Kutiyana, Porbandar, Gujarat."
Gujarat,Junagadh,AC-GJ-85,Manavadar,MLA,Arvind Ladani,Male,Indian National Congress,1,Graduate,/assets/placeholder-avatar.svg,62000000,7500000,0,92,60,30000000,27500000,"Arvind Ladani is the elected MLA representing Manavadar, Junagadh, Gujarat."
Gujarat,Junagadh,AC-GJ-86,Junagadh,MLA,Sanjay Koradia,Male,Bharatiya Janata Party,1,Graduate,/assets/placeholder-avatar.svg,62000000,7500000,0,92,60,30000000,27500000,"Sanjay Koradia is the elected MLA representing Junagadh, Junagadh, Gujarat."
Gujarat,Junagadh,AC-GJ-87,Visavadar,MLA,Bhupat Bhayani,Male,Aam Aadmi Party,1,Graduate,/assets/placeholder-avatar.svg,62000000,7500000,0,92,60,30000000,27500000,"Bhupat Bhayani is the elected MLA representing Visavadar, Junagadh, Gujarat."
Gujarat,Junagadh,AC-GJ-88,Keshod,MLA,Devabhai Malam,Male,Bharatiya Janata Party,1,Graduate,/assets/placeholder-avatar.svg,62000000,7500000,0,92,60,30000000,27500000,"Devabhai Malam is the elected MLA representing Keshod, Junagadh, Gujarat."
Gujarat,Junagadh,AC-GJ-89,Mangrol (Junagadh),MLA,Bhagvanjibhai Karagatiya,Male,Bharatiya Janata Party,1,Graduate,/assets/placeholder-avatar.svg,62000000,7500000,0,92,60,30000000,27500000,"Bhagvanjibhai Karagatiya is the elected MLA representing Mangrol (Junagadh), Junagadh, Gujarat."
Gujarat,Gir Somnath,AC-GJ-90,Somnath,MLA,Vimal Chudasma,Male,Indian National Congress,1,Graduate,/assets/placeholder-avatar.svg,62000000,7500000,0,92,60,30000000,27500000,"Vimal Chudasma is the elected MLA representing Somnath, Gir Somnath, Gujarat."
Gujarat,Gir Somnath,AC-GJ-91,Talala,MLA,Bhagabhai Dhanabhai Barad,Male,Bharatiya Janata Party,1,Graduate,/assets/placeholder-avatar.svg,62000000,7500000,0,92,60,30000000,27500000,"Bhagabhai Dhanabhai Barad is the elected MLA representing Talala, Gir Somnath, Gujarat."
Gujarat,Gir Somnath,AC-GJ-92,Kodinar,MLA,Pradyuman Vaja,Male,Bharatiya Janata Party,1,Graduate,/assets/placeholder-avatar.svg,62000000,7500000,0,92,60,30000000,27500000,"Pradyuman Vaja is the elected MLA representing Kodinar, Gir Somnath, Gujarat."
Gujarat,Gir Somnath,AC-GJ-93,Una,MLA,Kalubhai Rathod,Male,Bharatiya Janata Party,1,Graduate,/assets/placeholder-avatar.svg,62000000,7500000,0,92,60,30000000,27500000,"Kalubhai Rathod is the elected MLA representing Una, Gir Somnath, Gujarat."
Gujarat,Amreli,AC-GJ-94,Dhari,MLA,Jaysukhbhai Kakadiya,Male,Bharatiya Janata Party,1,Graduate,/assets/placeholder-avatar.svg,62000000,7500000,0,92,60,30000000,27500000,"Jaysukhbhai Kakadiya is the elected MLA representing Dhari, Amreli, Gujarat."
Gujarat,Amreli,AC-GJ-95,Amreli,MLA,Kaushik Kantibhai Vekariya,Male,Bharatiya Janata Party,1,Graduate,/assets/placeholder-avatar.svg,62000000,7500000,0,92,60,30000000,27500000,"Kaushik Kantibhai Vekariya is the elected MLA representing Amreli, Amreli, Gujarat."
Gujarat,Amreli,AC-GJ-96,Lathi,MLA,Janakbhai Talaviya,Male,Bharatiya Janata Party,1,Graduate,/assets/placeholder-avatar.svg,62000000,7500000,0,92,60,30000000,27500000,"Janakbhai Talaviya is the elected MLA representing Lathi, Amreli, Gujarat."
Gujarat,Amreli,AC-GJ-97,Savarkundla,MLA,Mahesh Kaswala,Male,Bharatiya Janata Party,1,Graduate,/assets/placeholder-avatar.svg,62000000,7500000,0,92,60,30000000,27500000,"Mahesh Kaswala is the elected MLA representing Savarkundla, Amreli, Gujarat."
Gujarat,Amreli,AC-GJ-98,Rajula,MLA,Hirabhai Solanki,Male,Bharatiya Janata Party,1,Graduate,/assets/placeholder-avatar.svg,62000000,7500000,0,92,60,30000000,27500000,"Hirabhai Solanki is the elected MLA representing Rajula, Amreli, Gujarat."
Gujarat,Bhavnagar,AC-GJ-99,Mahuva (Bhavnagar),MLA,Shivabhai Gohil,Male,Bharatiya Janata Party,1,Graduate,/assets/placeholder-avatar.svg,62000000,7500000,0,92,60,30000000,27500000,"Shivabhai Gohil is the elected MLA representing Mahuva (Bhavnagar), Bhavnagar, Gujarat."
Gujarat,Bhavnagar,AC-GJ-100,Talaja,MLA,Gautambhai Chauhan,Male,Bharatiya Janata Party,1,Graduate,/assets/placeholder-avatar.svg,62000000,7500000,0,92,60,30000000,27500000,"Gautambhai Chauhan is the elected MLA representing Talaja, Bhavnagar, Gujarat."
Gujarat,Bhavnagar,AC-GJ-101,Gariadhar,MLA,Sudhir Vaghani,Male,Aam Aadmi Party,1,Graduate,/assets/placeholder-avatar.svg,62000000,7500000,0,92,60,30000000,27500000,"Sudhir Vaghani is the elected MLA representing Gariadhar, Bhavnagar, Gujarat."
Gujarat,Bhavnagar,AC-GJ-102,Palitana,MLA,Bhikabhai Baraiya,Male,Bharatiya Janata Party,1,Graduate,/assets/placeholder-avatar.svg,62000000,7500000,0,92,60,30000000,27500000,"Bhikabhai Baraiya is the elected MLA representing Palitana, Bhavnagar, Gujarat."
Gujarat,Bhavnagar,AC-GJ-103,Bhavnagar Rural,MLA,Parshottam Solanki,Male,Bharatiya Janata Party,1,Graduate,/assets/placeholder-avatar.svg,62000000,7500000,0,92,60,30000000,27500000,"Parshottam Solanki is the elected MLA representing Bhavnagar Rural, Bhavnagar, Gujarat."
Gujarat,Bhavnagar,AC-GJ-104,Bhavnagar East,MLA,Sejalben Pandya,Female,Bharatiya Janata Party,1,Graduate,/assets/placeholder-avatar.svg,62000000,7500000,0,92,60,30000000,27500000,"Sejalben Pandya is the elected MLA representing Bhavnagar East, Bhavnagar, Gujarat."
Gujarat,Bhavnagar,AC-GJ-105,Bhavnagar West,MLA,Jitu Vaghani,Male,Bharatiya Janata Party,1,Graduate,/assets/placeholder-avatar.svg,62000000,7500000,0,92,60,30000000,27500000,"Jitu Vaghani is the elected MLA representing Bhavnagar West, Bhavnagar, Gujarat."
Gujarat,Botad,AC-GJ-106,Gadhada,MLA,Shambhuprasad Tundiya,Male,Bharatiya Janata Party,1,Graduate,/assets/placeholder-avatar.svg,62000000,7500000,0,92,60,30000000,27500000,"Shambhuprasad Tundiya is the elected MLA representing Gadhada, Botad, Gujarat."
Gujarat,Botad,AC-GJ-107,Botad,MLA,Umesh Makwana,Male,Aam Aadmi Party,1,Graduate,/assets/placeholder-avatar.svg,62000000,7500000,0,92,60,30000000,27500000,"Umesh Makwana is the elected MLA representing Botad, Botad, Gujarat."
Gujarat,Anand,AC-GJ-108,Khambhat,MLA,Chirag Patel,Male,Indian National Congress,1,Graduate,/assets/placeholder-avatar.svg,62000000,7500000,0,92,60,30000000,27500000,"Chirag Patel is the elected MLA representing Khambhat, Anand, Gujarat."
Gujarat,Anand,AC-GJ-109,Borsad,MLA,Ramanbhai Bhikhabhai Solanki,Male,Bharatiya Janata Party,1,Graduate,/assets/placeholder-avatar.svg,62000000,7500000,0,92,60,30000000,27500000,"Ramanbhai Bhikhabhai Solanki is the elected MLA representing Borsad, Anand, Gujarat."
Gujarat,Anand,AC-GJ-110,Anklav,MLA,Amit Chavda,Male,Indian National Congress,1,Graduate,/assets/placeholder-avatar.svg,62000000,7500000,0,92,60,30000000,27500000,"Amit Chavda is the elected MLA representing Anklav, Anand, Gujarat."
Gujarat,Anand,AC-GJ-111,Umreth,MLA,Govindbhai Raijibhai Parmar,Male,Bharatiya Janata Party,1,Graduate,/assets/placeholder-avatar.svg,62000000,7500000,0,92,60,30000000,27500000,"Govindbhai Raijibhai Parmar is the elected MLA representing Umreth, Anand, Gujarat."
Gujarat,Anand,AC-GJ-112,Anand,MLA,Yogesh R. Patel,Male,Bharatiya Janata Party,1,Graduate,/assets/placeholder-avatar.svg,62000000,7500000,0,92,60,30000000,27500000,"Yogesh R. Patel is the elected MLA representing Anand, Anand, Gujarat."
Gujarat,Anand,AC-GJ-113,Petlad,MLA,Kamleshbhai Rameshbhai Patel,Male,Bharatiya Janata Party,1,Graduate,/assets/placeholder-avatar.svg,62000000,7500000,0,92,60,30000000,27500000,"Kamleshbhai Rameshbhai Patel is the elected MLA representing Petlad, Anand, Gujarat."
Gujarat,Anand,AC-GJ-114,Sojitra,MLA,Vipulkumar Vinubhai Patel,Male,Bharatiya Janata Party,1,Graduate,/assets/placeholder-avatar.svg,62000000,7500000,0,92,60,30000000,27500000,"Vipulkumar Vinubhai Patel is the elected MLA representing Sojitra, Anand, Gujarat."
Gujarat,Kheda,AC-GJ-115,Matar,MLA,Kalpeshbhai Ashabhai Parmar,Male,Bharatiya Janata Party,1,Graduate,/assets/placeholder-avatar.svg,62000000,7500000,0,92,60,30000000,27500000,"Kalpeshbhai Ashabhai Parmar is the elected MLA representing Matar, Kheda, Gujarat."
Gujarat,Kheda,AC-GJ-116,Nadiad,MLA,Pankaj Desai,Male,Bharatiya Janata Party,1,Graduate,/assets/placeholder-avatar.svg,62000000,7500000,0,92,60,30000000,27500000,"Pankaj Desai is the elected MLA representing Nadiad, Kheda, Gujarat."
Gujarat,Kheda,AC-GJ-117,Mehmedabad,MLA,Arjunsinh Chauhan,Male,Bharatiya Janata Party,1,Graduate,/assets/placeholder-avatar.svg,62000000,7500000,0,92,60,30000000,27500000,"Arjunsinh Chauhan is the elected MLA representing Mehmedabad, Kheda, Gujarat."
Gujarat,Kheda,AC-GJ-118,Mahudha,MLA,Sanjaysinh Mahida,Male,Bharatiya Janata Party,1,Graduate,/assets/placeholder-avatar.svg,62000000,7500000,0,92,60,30000000,27500000,"Sanjaysinh Mahida is the elected MLA representing Mahudha, Kheda, Gujarat."
Gujarat,Kheda,AC-GJ-119,Thasra,MLA,Yogendrasinh Parmar,Male,Bharatiya Janata Party,1,Graduate,/assets/placeholder-avatar.svg,62000000,7500000,0,92,60,30000000,27500000,"Yogendrasinh Parmar is the elected MLA representing Thasra, Kheda, Gujarat."
Gujarat,Kheda,AC-GJ-120,Kapadvanj,MLA,Rajeshkumar Zala,Male,Bharatiya Janata Party,1,Graduate,/assets/placeholder-avatar.svg,62000000,7500000,0,92,60,30000000,27500000,"Rajeshkumar Zala is the elected MLA representing Kapadvanj, Kheda, Gujarat."
Gujarat,Mahisagar,AC-GJ-121,Balasinor,MLA,Mansinh Chauhan,Male,Bharatiya Janata Party,1,Graduate,/assets/placeholder-avatar.svg,62000000,7500000,0,92,60,30000000,27500000,"Mansinh Chauhan is the elected MLA representing Balasinor, Mahisagar, Gujarat."
Gujarat,Mahisagar,AC-GJ-122,Lunawada,MLA,Gulabsinh Chauhan,Male,Indian National Congress,1,Graduate,/assets/placeholder-avatar.svg,62000000,7500000,0,92,60,30000000,27500000,"Gulabsinh Chauhan is the elected MLA representing Lunawada, Mahisagar, Gujarat."
Gujarat,Mahisagar,AC-GJ-123,Santrampur,MLA,Kuber Dindor,Male,Bharatiya Janata Party,1,Graduate,/assets/placeholder-avatar.svg,62000000,7500000,0,92,60,30000000,27500000,"Kuber Dindor is the elected MLA representing Santrampur, Mahisagar, Gujarat."
Gujarat,Panchmahal,AC-GJ-124,Shehra,MLA,Jethabhai Ahir,Male,Bharatiya Janata Party,1,Graduate,/assets/placeholder-avatar.svg,62000000,7500000,0,92,60,30000000,27500000,"Jethabhai Ahir is the elected MLA representing Shehra, Panchmahal, Gujarat."
Gujarat,Panchmahal,AC-GJ-125,Morva Hadaf,MLA,Nimisha Suthar,Male,Bharatiya Janata Party,1,Graduate,/assets/placeholder-avatar.svg,62000000,7500000,0,92,60,30000000,27500000,"Nimisha Suthar is the elected MLA representing Morva Hadaf, Panchmahal, Gujarat."
Gujarat,Panchmahal,AC-GJ-126,Godhra,MLA,C.K Raulji,Male,Bharatiya Janata Party,1,Graduate,/assets/placeholder-avatar.svg,62000000,7500000,0,92,60,30000000,27500000,"C.K Raulji is the elected MLA representing Godhra, Panchmahal, Gujarat."
Gujarat,Panchmahal,AC-GJ-127,Kalol (Panchmahal),MLA,Fatesinh Chauhan,Male,Bharatiya Janata Party,1,Graduate,/assets/placeholder-avatar.svg,62000000,7500000,0,92,60,30000000,27500000,"Fatesinh Chauhan is the elected MLA representing Kalol (Panchmahal), Panchmahal, Gujarat."
Gujarat,Panchmahal,AC-GJ-128,Halol,MLA,Jaydrathsinh Parmar,Male,Bharatiya Janata Party,1,Graduate,/assets/placeholder-avatar.svg,62000000,7500000,0,92,60,30000000,27500000,"Jaydrathsinh Parmar is the elected MLA representing Halol, Panchmahal, Gujarat."
Gujarat,Dahod,AC-GJ-129,Fatepura,MLA,Ramesh Katara,Male,Bharatiya Janata Party,1,Graduate,/assets/placeholder-avatar.svg,62000000,7500000,0,92,60,30000000,27500000,"Ramesh Katara is the elected MLA representing Fatepura, Dahod, Gujarat."
Gujarat,Dahod,AC-GJ-130,Jhalod,MLA,Mahesh Bhuriya,Male,Bharatiya Janata Party,1,Graduate,/assets/placeholder-avatar.svg,62000000,7500000,0,92,60,30000000,27500000,"Mahesh Bhuriya is the elected MLA representing Jhalod, Dahod, Gujarat."
Gujarat,Dahod,AC-GJ-131,Limkheda,MLA,Shaileshbhai Bhabhor,Male,Bharatiya Janata Party,1,Graduate,/assets/placeholder-avatar.svg,62000000,7500000,0,92,60,30000000,27500000,"Shaileshbhai Bhabhor is the elected MLA representing Limkheda, Dahod, Gujarat."
Gujarat,Dahod,AC-GJ-132,Dahod,MLA,Kanaiyalal Kishori,Male,Bharatiya Janata Party,1,Graduate,/assets/placeholder-avatar.svg,62000000,7500000,0,92,60,30000000,27500000,"Kanaiyalal Kishori is the elected MLA representing Dahod, Dahod, Gujarat."
Gujarat,Dahod,AC-GJ-133,Garbada,MLA,Mahendrabhai Bhabhor,Male,Bharatiya Janata Party,1,Graduate,/assets/placeholder-avatar.svg,62000000,7500000,0,92,60,30000000,27500000,"Mahendrabhai Bhabhor is the elected MLA representing Garbada, Dahod, Gujarat."
Gujarat,Dahod,AC-GJ-134,Devgadhbariya,MLA,Bachubhai Khabad,Male,Bharatiya Janata Party,1,Graduate,/assets/placeholder-avatar.svg,62000000,7500000,0,92,60,30000000,27500000,"Bachubhai Khabad is the elected MLA representing Devgadhbariya, Dahod, Gujarat."
Gujarat,Vadodara,AC-GJ-135,Savli,MLA,Ketan Inamdar,Male,Bharatiya Janata Party,1,Graduate,/assets/placeholder-avatar.svg,62000000,7500000,0,92,60,30000000,27500000,"Ketan Inamdar is the elected MLA representing Savli, Vadodara, Gujarat."
Gujarat,Vadodara,AC-GJ-136,Vaghodiya,MLA,Dharmendrasinh Vaghela,Male,Ind,1,Graduate,/assets/placeholder-avatar.svg,62000000,7500000,0,92,60,30000000,27500000,"Dharmendrasinh Vaghela is the elected MLA representing Vaghodiya, Vadodara, Gujarat."
Gujarat,Chhota Udaipur,AC-GJ-137,Chhota Udaipur,MLA,Rajendrasinh Rathva,Male,Bharatiya Janata Party,1,Graduate,/assets/placeholder-avatar.svg,62000000,7500000,0,92,60,30000000,27500000,"Rajendrasinh Rathva is the elected MLA representing Chhota Udaipur, Chhota Udaipur, Gujarat."
Gujarat,Chhota Udaipur,AC-GJ-138,Jetpur (Chhota Udaipur),MLA,Jayantibhai Rathva,Male,Bharatiya Janata Party,1,Graduate,/assets/placeholder-avatar.svg,62000000,7500000,0,92,60,30000000,27500000,"Jayantibhai Rathva is the elected MLA representing Jetpur (Chhota Udaipur), Chhota Udaipur, Gujarat."
Gujarat,Chhota Udaipur,AC-GJ-139,Sankheda,MLA,Abhesinh Tadvi,Male,Bharatiya Janata Party,1,Graduate,/assets/placeholder-avatar.svg,62000000,7500000,0,92,60,30000000,27500000,"Abhesinh Tadvi is the elected MLA representing Sankheda, Chhota Udaipur, Gujarat."
Gujarat,Vadodara,AC-GJ-140,Dabhoi,MLA,Shaileshbhai Mehta,Male,Bharatiya Janata Party,1,Graduate,/assets/placeholder-avatar.svg,62000000,7500000,0,92,60,30000000,27500000,"Shaileshbhai Mehta is the elected MLA representing Dabhoi, Vadodara, Gujarat."
Gujarat,Vadodara,AC-GJ-141,Vadodara City,MLA,Manisha Vakil,Female,Bharatiya Janata Party,1,Graduate,/assets/placeholder-avatar.svg,62000000,7500000,0,92,60,30000000,27500000,"Manisha Vakil is the elected MLA representing Vadodara City, Vadodara, Gujarat."
Gujarat,Vadodara,AC-GJ-142,Sayajigunj,MLA,Keyur Rokadia,Male,Bharatiya Janata Party,1,Graduate,/assets/placeholder-avatar.svg,62000000,7500000,0,92,60,30000000,27500000,"Keyur Rokadia is the elected MLA representing Sayajigunj, Vadodara, Gujarat."
Gujarat,Vadodara,AC-GJ-143,Akota,MLA,Chaitanya Desai,Male,Bharatiya Janata Party,1,Graduate,/assets/placeholder-avatar.svg,62000000,7500000,0,92,60,30000000,27500000,"Chaitanya Desai is the elected MLA representing Akota, Vadodara, Gujarat."
Gujarat,Vadodara,AC-GJ-144,Raopura,MLA,Balkrushna Shukla,Male,Bharatiya Janata Party,1,Graduate,/assets/placeholder-avatar.svg,62000000,7500000,0,92,60,30000000,27500000,"Balkrushna Shukla is the elected MLA representing Raopura, Vadodara, Gujarat."
Gujarat,Vadodara,AC-GJ-145,Manjalpur,MLA,Yogesh Patel,Male,Bharatiya Janata Party,1,Graduate,/assets/placeholder-avatar.svg,62000000,7500000,0,92,60,30000000,27500000,"Yogesh Patel is the elected MLA representing Manjalpur, Vadodara, Gujarat."
Gujarat,Vadodara,AC-GJ-146,Padra,MLA,Chaitanyasinh Pratapsinh Zala,Male,Bharatiya Janata Party,1,Graduate,/assets/placeholder-avatar.svg,62000000,7500000,0,92,60,30000000,27500000,"Chaitanyasinh Pratapsinh Zala is the elected MLA representing Padra, Vadodara, Gujarat."
Gujarat,Vadodara,AC-GJ-147,Karjan,MLA,Akshaykumar Patel,Male,Bharatiya Janata Party,1,Graduate,/assets/placeholder-avatar.svg,62000000,7500000,0,92,60,30000000,27500000,"Akshaykumar Patel is the elected MLA representing Karjan, Vadodara, Gujarat."
Gujarat,Narmada,AC-GJ-148,Nandod,MLA,Darshna Vasava,Male,Bharatiya Janata Party,1,Graduate,/assets/placeholder-avatar.svg,62000000,7500000,0,92,60,30000000,27500000,"Darshna Vasava is the elected MLA representing Nandod, Narmada, Gujarat."
Gujarat,Narmada,AC-GJ-149,Dediapada,MLA,Chaitar Vasava,Male,Aam Aadmi Party,1,Graduate,/assets/placeholder-avatar.svg,62000000,7500000,0,92,60,30000000,27500000,"Chaitar Vasava is the elected MLA representing Dediapada, Narmada, Gujarat."
Gujarat,Bharuch,AC-GJ-150,Jambusar,MLA,Devkishordasji Swami,Male,Bharatiya Janata Party,1,Graduate,/assets/placeholder-avatar.svg,62000000,7500000,0,92,60,30000000,27500000,"Devkishordasji Swami is the elected MLA representing Jambusar, Bharuch, Gujarat."
Gujarat,Bharuch,AC-GJ-151,Vagra,MLA,Arunsinh Rana,Male,Bharatiya Janata Party,1,Graduate,/assets/placeholder-avatar.svg,62000000,7500000,0,92,60,30000000,27500000,"Arunsinh Rana is the elected MLA representing Vagra, Bharuch, Gujarat."
Gujarat,Bharuch,AC-GJ-152,Jhagadiya,MLA,Ritesh Vasava,Male,Bharatiya Janata Party,1,Graduate,/assets/placeholder-avatar.svg,62000000,7500000,0,92,60,30000000,27500000,"Ritesh Vasava is the elected MLA representing Jhagadiya, Bharuch, Gujarat."
Gujarat,Bharuch,AC-GJ-153,Bharuch,MLA,Ramesh Mistry,Male,Bharatiya Janata Party,1,Graduate,/assets/placeholder-avatar.svg,62000000,7500000,0,92,60,30000000,27500000,"Ramesh Mistry is the elected MLA representing Bharuch, Bharuch, Gujarat."
Gujarat,Bharuch,AC-GJ-154,Ankleshwar,MLA,Ishwarsinh Patel,Male,Bharatiya Janata Party,1,Graduate,/assets/placeholder-avatar.svg,62000000,7500000,0,92,60,30000000,27500000,"Ishwarsinh Patel is the elected MLA representing Ankleshwar, Bharuch, Gujarat."
Gujarat,Surat,AC-GJ-155,Olpad,MLA,Mukeshbhai Patel,Male,Bharatiya Janata Party,1,Graduate,/assets/placeholder-avatar.svg,62000000,7500000,0,92,60,30000000,27500000,"Mukeshbhai Patel is the elected MLA representing Olpad, Surat, Gujarat."
Gujarat,Surat,AC-GJ-156,Mangrol,MLA,Ganpat Vasava,Male,Bharatiya Janata Party,1,Graduate,/assets/placeholder-avatar.svg,62000000,7500000,0,92,60,30000000,27500000,"Ganpat Vasava is the elected MLA representing Mangrol, Surat, Gujarat."
Gujarat,Surat,AC-GJ-157,Mandvi (Surat),MLA,Kunvarji Halpati,Male,Bharatiya Janata Party,1,Graduate,/assets/placeholder-avatar.svg,62000000,7500000,0,92,60,30000000,27500000,"Kunvarji Halpati is the elected MLA representing Mandvi (Surat), Surat, Gujarat."
Gujarat,Surat,AC-GJ-158,Kamrej,MLA,Praful Pansheriya,Male,Bharatiya Janata Party,1,Graduate,/assets/placeholder-avatar.svg,62000000,7500000,0,92,60,30000000,27500000,"Praful Pansheriya is the elected MLA representing Kamrej, Surat, Gujarat."
Gujarat,Surat,AC-GJ-159,Surat East,MLA,Arvind Rana,Male,Bharatiya Janata Party,1,Graduate,/assets/placeholder-avatar.svg,62000000,7500000,0,92,60,30000000,27500000,"Arvind Rana is the elected MLA representing Surat East, Surat, Gujarat."
Gujarat,Surat,AC-GJ-160,Surat North,MLA,Kanti Balar,Female,Bharatiya Janata Party,1,Graduate,/assets/placeholder-avatar.svg,62000000,7500000,0,92,60,30000000,27500000,"Kanti Balar is the elected MLA representing Surat North, Surat, Gujarat."
Gujarat,Surat,AC-GJ-161,Varachha Road,MLA,Kishor Kanani,Male,Bharatiya Janata Party,1,Graduate,/assets/placeholder-avatar.svg,62000000,7500000,0,92,60,30000000,27500000,"Kishor Kanani is the elected MLA representing Varachha Road, Surat, Gujarat."
Gujarat,Surat,AC-GJ-162,Karanj,MLA,Pravin Ghoghari,Male,Bharatiya Janata Party,1,Graduate,/assets/placeholder-avatar.svg,62000000,7500000,0,92,60,30000000,27500000,"Pravin Ghoghari is the elected MLA representing Karanj, Surat, Gujarat."
Gujarat,Surat,AC-GJ-163,Limbayat,MLA,Sangita Patil,Female,Bharatiya Janata Party,1,Graduate,/assets/placeholder-avatar.svg,62000000,7500000,0,92,60,30000000,27500000,"Sangita Patil is the elected MLA representing Limbayat, Surat, Gujarat."
Gujarat,Surat,AC-GJ-164,Udhna,MLA,Manu Patel,Male,Bharatiya Janata Party,1,Graduate,/assets/placeholder-avatar.svg,62000000,7500000,0,92,60,30000000,27500000,"Manu Patel is the elected MLA representing Udhna, Surat, Gujarat."
Gujarat,Surat,AC-GJ-165,Majura,Deputy Chief Minister / MLA,Harsh Sanghavi,Male,Bharatiya Janata Party,2,Graduate,/assets/candidates/harsh_sanghavi.jpg,62000000,7500000,0,92,60,30000000,27500000,"Harsh Sanghavi is the elected MLA representing Majura, Surat, Gujarat."
Gujarat,Surat,AC-GJ-166,Katargam,MLA,Vinodbhai Moradiya,Male,Bharatiya Janata Party,1,Graduate,/assets/placeholder-avatar.svg,62000000,7500000,0,92,60,30000000,27500000,"Vinodbhai Moradiya is the elected MLA representing Katargam, Surat, Gujarat."
Gujarat,Surat,AC-GJ-167,Surat West,MLA,Purnesh Modi,Male,Bharatiya Janata Party,1,Graduate,/assets/placeholder-avatar.svg,62000000,7500000,0,92,60,30000000,27500000,"Purnesh Modi is the elected MLA representing Surat West, Surat, Gujarat."
Gujarat,Surat,AC-GJ-168,Choryasi,MLA,Sandip Desai,Male,Bharatiya Janata Party,1,Graduate,/assets/placeholder-avatar.svg,62000000,7500000,0,92,60,30000000,27500000,"Sandip Desai is the elected MLA representing Choryasi, Surat, Gujarat."
Gujarat,Surat,AC-GJ-169,Bardoli,MLA,Ishwarbhai Parmar,Male,Bharatiya Janata Party,1,Graduate,/assets/placeholder-avatar.svg,62000000,7500000,0,92,60,30000000,27500000,"Ishwarbhai Parmar is the elected MLA representing Bardoli, Surat, Gujarat."
Gujarat,Surat,AC-GJ-170,Mahuva,MLA,Mohanbhai Dhodiya,Male,Bharatiya Janata Party,1,Graduate,/assets/placeholder-avatar.svg,62000000,7500000,0,92,60,30000000,27500000,"Mohanbhai Dhodiya is the elected MLA representing Mahuva, Surat, Gujarat."
Gujarat,Tapi,AC-GJ-171,Vyara,MLA,Mohan Kokani,Male,Bharatiya Janata Party,1,Graduate,/assets/placeholder-avatar.svg,62000000,7500000,0,92,60,30000000,27500000,"Mohan Kokani is the elected MLA representing Vyara, Tapi, Gujarat."
Gujarat,Tapi,AC-GJ-172,Nizar,MLA,Jayram Gamit,Male,Bharatiya Janata Party,1,Graduate,/assets/placeholder-avatar.svg,62000000,7500000,0,92,60,30000000,27500000,"Jayram Gamit is the elected MLA representing Nizar, Tapi, Gujarat."
Gujarat,Dang,AC-GJ-173,Dangs,MLA,Vijay Patel,Male,Bharatiya Janata Party,1,Graduate,/assets/placeholder-avatar.svg,62000000,7500000,0,92,60,30000000,27500000,"Vijay Patel is the elected MLA representing Dangs, Dang, Gujarat."
Gujarat,Navsari,AC-GJ-174,Jalalpore,MLA,R. C. Patel,Male,Bharatiya Janata Party,1,Graduate,/assets/placeholder-avatar.svg,62000000,7500000,0,92,60,30000000,27500000,"R. C. Patel is the elected MLA representing Jalalpore, Navsari, Gujarat."
Gujarat,Navsari,AC-GJ-175,Navsari,MLA,Rakesh Desai,Male,Bharatiya Janata Party,1,Graduate,/assets/placeholder-avatar.svg,62000000,7500000,0,92,60,30000000,27500000,"Rakesh Desai is the elected MLA representing Navsari, Navsari, Gujarat."
Gujarat,Navsari,AC-GJ-176,Gandevi,MLA,Naresh Patel,Male,Bharatiya Janata Party,1,Graduate,/assets/placeholder-avatar.svg,62000000,7500000,0,92,60,30000000,27500000,"Naresh Patel is the elected MLA representing Gandevi, Navsari, Gujarat."
Gujarat,Navsari,AC-GJ-177,Vansda,MLA,Anantkumar Patel,Male,Indian National Congress,1,Graduate,/assets/placeholder-avatar.svg,62000000,7500000,0,92,60,30000000,27500000,"Anantkumar Patel is the elected MLA representing Vansda, Navsari, Gujarat."
Gujarat,Valsad,AC-GJ-178,Dharampur,MLA,Arvind Patel,Male,Bharatiya Janata Party,1,Graduate,/assets/placeholder-avatar.svg,62000000,7500000,0,92,60,30000000,27500000,"Arvind Patel is the elected MLA representing Dharampur, Valsad, Gujarat."
Gujarat,Valsad,AC-GJ-179,Valsad,MLA,Bharatbhai Patel,Male,Bharatiya Janata Party,1,Graduate,/assets/placeholder-avatar.svg,62000000,7500000,0,92,60,30000000,27500000,"Bharatbhai Patel is the elected MLA representing Valsad, Valsad, Gujarat."
Gujarat,Valsad,AC-GJ-180,Pardi,MLA,Kanubhai Desai,Male,Bharatiya Janata Party,1,Graduate,/assets/placeholder-avatar.svg,62000000,7500000,0,92,60,30000000,27500000,"Kanubhai Desai is the elected MLA representing Pardi, Valsad, Gujarat."
Gujarat,Valsad,AC-GJ-181,Kaprada,MLA,Jitubhai Chaudhary,Male,Bharatiya Janata Party,1,Graduate,/assets/placeholder-avatar.svg,62000000,7500000,0,92,60,30000000,27500000,"Jitubhai Chaudhary is the elected MLA representing Kaprada, Valsad, Gujarat."
Gujarat,Valsad,AC-GJ-182,Umbergaon,MLA,Ramanlal Patkar,Male,Bharatiya Janata Party,1,Graduate,/assets/placeholder-avatar.svg,62000000,7500000,0,92,60,30000000,27500000,"Ramanlal Patkar is the elected MLA representing Umbergaon, Valsad, Gujarat."
Rajasthan,Sri Ganganagar,AC-RJ-1,Sadulshahar,MLA,Gurveer Singh Brar,Male,Bharatiya Janata Party,1,Graduate,/assets/placeholder-avatar.svg,75000000,8500000,0,91,65,50000000,46500000,"Gurveer Singh Brar is the elected MLA representing Sadulshahar, Sri Ganganagar, Rajasthan."
Rajasthan,Sri Ganganagar,AC-RJ-2,Ganganagar,MLA,Jaydeep Bihani,Male,Bharatiya Janata Party,1,Graduate,/assets/placeholder-avatar.svg,75000000,8500000,0,91,65,50000000,46500000,"Jaydeep Bihani is the elected MLA representing Ganganagar, Sri Ganganagar, Rajasthan."
Rajasthan,Sri Ganganagar,AC-RJ-3,Karanpur,MLA,Rupinder Singh Kooner,Male,Indian National Congress,1,Graduate,/assets/placeholder-avatar.svg,75000000,8500000,0,91,65,50000000,46500000,"Rupinder Singh Kooner is the elected MLA representing Karanpur, Sri Ganganagar, Rajasthan."
Rajasthan,Sri Ganganagar,AC-RJ-4,Suratgarh,MLA,Dungar Ram Gedar,Male,Indian National Congress,1,Graduate,/assets/placeholder-avatar.svg,75000000,8500000,0,91,65,50000000,46500000,"Dungar Ram Gedar is the elected MLA representing Suratgarh, Sri Ganganagar, Rajasthan."
Rajasthan,Anupgarh,AC-RJ-5,Raisinghnagar,MLA,Sohan Lal Nayak,Male,Indian National Congress,1,Graduate,/assets/placeholder-avatar.svg,75000000,8500000,0,91,65,50000000,46500000,"Sohan Lal Nayak is the elected MLA representing Raisinghnagar, Anupgarh, Rajasthan."
Rajasthan,Anupgarh,AC-RJ-6,Anupgarh,MLA,Shimla Devi,Female,Indian National Congress,1,Graduate,/assets/placeholder-avatar.svg,75000000,8500000,0,91,65,50000000,46500000,"Shimla Devi is the elected MLA representing Anupgarh, Anupgarh, Rajasthan."
Rajasthan,Hanumangarh,AC-RJ-7,Sangaria,MLA,Abhimanyu Poonia,Male,Indian National Congress,1,Graduate,/assets/placeholder-avatar.svg,75000000,8500000,0,91,65,50000000,46500000,"Abhimanyu Poonia is the elected MLA representing Sangaria, Hanumangarh, Rajasthan."
Rajasthan,Hanumangarh,AC-RJ-8,Hanumangarh,MLA,Ganesh Raj Bansal,Male,Independent,1,Graduate,/assets/placeholder-avatar.svg,75000000,8500000,0,91,65,50000000,46500000,"Ganesh Raj Bansal is the elected MLA representing Hanumangarh, Hanumangarh, Rajasthan."
Rajasthan,Hanumangarh,AC-RJ-9,Pilibanga,MLA,Vinod Gothwal,Male,Indian National Congress,1,Graduate,/assets/placeholder-avatar.svg,75000000,8500000,0,91,65,50000000,46500000,"Vinod Gothwal is the elected MLA representing Pilibanga, Hanumangarh, Rajasthan."
Rajasthan,Hanumangarh,AC-RJ-10,Nohar,MLA,Amit Chachan,Male,Indian National Congress,1,Graduate,/assets/placeholder-avatar.svg,75000000,8500000,0,91,65,50000000,46500000,"Amit Chachan is the elected MLA representing Nohar, Hanumangarh, Rajasthan."
Rajasthan,Hanumangarh,AC-RJ-11,Bhadra,MLA,Sanjeev Kumar Beniwal,Male,Bharatiya Janata Party,1,Graduate,/assets/placeholder-avatar.svg,75000000,8500000,0,91,65,50000000,46500000,"Sanjeev Kumar Beniwal is the elected MLA representing Bhadra, Hanumangarh, Rajasthan."
Rajasthan,Bikaner,AC-RJ-12,Khajuwala,MLA,Vishwanath Meghwal,Male,Bharatiya Janata Party,1,Graduate,/assets/placeholder-avatar.svg,75000000,8500000,0,91,65,50000000,46500000,"Vishwanath Meghwal is the elected MLA representing Khajuwala, Bikaner, Rajasthan."
Rajasthan,Bikaner,AC-RJ-13,Bikaner West,MLA,Jethanand Vyas,Male,Bharatiya Janata Party,1,Graduate,/assets/placeholder-avatar.svg,75000000,8500000,0,91,65,50000000,46500000,"Jethanand Vyas is the elected MLA representing Bikaner West, Bikaner, Rajasthan."
Rajasthan,Bikaner,AC-RJ-14,Bikaner East,MLA,Siddhi Kumari,Female,Bharatiya Janata Party,1,Graduate,/assets/placeholder-avatar.svg,75000000,8500000,0,91,65,50000000,46500000,"Siddhi Kumari is the elected MLA representing Bikaner East, Bikaner, Rajasthan."
Rajasthan,Bikaner,AC-RJ-15,Kolayat,MLA,Anshuman Singh Bhati,Male,Bharatiya Janata Party,1,Graduate,/assets/placeholder-avatar.svg,75000000,8500000,0,91,65,50000000,46500000,"Anshuman Singh Bhati is the elected MLA representing Kolayat, Bikaner, Rajasthan."
Rajasthan,Bikaner,AC-RJ-16,Lunkaransar,MLA,Sumit Godara,Male,Bharatiya Janata Party,1,Graduate,/assets/placeholder-avatar.svg,75000000,8500000,0,91,65,50000000,46500000,"Sumit Godara is the elected MLA representing Lunkaransar, Bikaner, Rajasthan."
Rajasthan,Bikaner,AC-RJ-17,Dungargarh,MLA,Tarachand Saraswat,Male,Bharatiya Janata Party,1,Graduate,/assets/placeholder-avatar.svg,75000000,8500000,0,91,65,50000000,46500000,"Tarachand Saraswat is the elected MLA representing Dungargarh, Bikaner, Rajasthan."
Rajasthan,Bikaner,AC-RJ-18,Nokha,MLA,Sushila Dudi,Male,Indian National Congress,1,Graduate,/assets/placeholder-avatar.svg,75000000,8500000,0,91,65,50000000,46500000,"Sushila Dudi is the elected MLA representing Nokha, Bikaner, Rajasthan."
Rajasthan,Churu,AC-RJ-19,Sadulpur,MLA,Manoj Kumar,Male,Bahujan Samaj Party,1,Graduate,/assets/placeholder-avatar.svg,75000000,8500000,0,91,65,50000000,46500000,"Manoj Kumar is the elected MLA representing Sadulpur, Churu, Rajasthan."
Rajasthan,Churu,AC-RJ-20,Taranagar,MLA,Narendra Budania,Male,Indian National Congress,1,Graduate,/assets/placeholder-avatar.svg,75000000,8500000,0,91,65,50000000,46500000,"Narendra Budania is the elected MLA representing Taranagar, Churu, Rajasthan."
Rajasthan,Churu,AC-RJ-21,Sardarshahar,MLA,Anil Kumar Sharma,Male,Indian National Congress,1,Graduate,/assets/placeholder-avatar.svg,75000000,8500000,0,91,65,50000000,46500000,"Anil Kumar Sharma is the elected MLA representing Sardarshahar, Churu, Rajasthan."
Rajasthan,Churu,AC-RJ-22,Churu,MLA,Harlal Saharan,Male,Bharatiya Janata Party,1,Graduate,/assets/placeholder-avatar.svg,75000000,8500000,0,91,65,50000000,46500000,"Harlal Saharan is the elected MLA representing Churu, Churu, Rajasthan."
Rajasthan,Churu,AC-RJ-23,Ratangarh,MLA,Poosaram Godara,Male,Indian National Congress,1,Graduate,/assets/placeholder-avatar.svg,75000000,8500000,0,91,65,50000000,46500000,"Poosaram Godara is the elected MLA representing Ratangarh, Churu, Rajasthan."
Rajasthan,Churu,AC-RJ-24,Sujangarh,MLA,Manoj Kumar Meghwal,Male,Indian National Congress,1,Graduate,/assets/placeholder-avatar.svg,75000000,8500000,0,91,65,50000000,46500000,"Manoj Kumar Meghwal is the elected MLA representing Sujangarh, Churu, Rajasthan."
Rajasthan,Jhunjhunu,AC-RJ-25,Pilani,MLA,Pitram Singh Kala,Male,Indian National Congress,1,Graduate,/assets/placeholder-avatar.svg,75000000,8500000,0,91,65,50000000,46500000,"Pitram Singh Kala is the elected MLA representing Pilani, Jhunjhunu, Rajasthan."
Rajasthan,Jhunjhunu,AC-RJ-26,Surajgarh,MLA,Sharwan Kumar,Male,Indian National Congress,1,Graduate,/assets/placeholder-avatar.svg,75000000,8500000,0,91,65,50000000,46500000,"Sharwan Kumar is the elected MLA representing Surajgarh, Jhunjhunu, Rajasthan."
Rajasthan,Jhunjhunu,AC-RJ-27,Jhunjhunu,MLA,Brijendra Singh Ola,Male,Indian National Congress,1,Graduate,/assets/placeholder-avatar.svg,75000000,8500000,0,91,65,50000000,46500000,"Brijendra Singh Ola is the elected MLA representing Jhunjhunu, Jhunjhunu, Rajasthan."
Rajasthan,Jhunjhunu,AC-RJ-28,Mandawa,MLA,Rita Choudhary,Male,Indian National Congress,1,Graduate,/assets/placeholder-avatar.svg,75000000,8500000,0,91,65,50000000,46500000,"Rita Choudhary is the elected MLA representing Mandawa, Jhunjhunu, Rajasthan."
Rajasthan,Jhunjhunu,AC-RJ-29,Nawalgarh,MLA,Vikram Singh Jakhal,Male,Bharatiya Janata Party,1,Graduate,/assets/placeholder-avatar.svg,75000000,8500000,0,91,65,50000000,46500000,"Vikram Singh Jakhal is the elected MLA representing Nawalgarh, Jhunjhunu, Rajasthan."
Rajasthan,Jhunjhunu,AC-RJ-30,Udaipurwati,MLA,Bhagawana Ram Saini,Male,Indian National Congress,1,Graduate,/assets/placeholder-avatar.svg,75000000,8500000,0,91,65,50000000,46500000,"Bhagawana Ram Saini is the elected MLA representing Udaipurwati, Jhunjhunu, Rajasthan."
Rajasthan,Jhunjhunu,AC-RJ-31,Khetri,MLA,Dharampal Gurjar,Male,Bharatiya Janata Party,1,Graduate,/assets/placeholder-avatar.svg,75000000,8500000,0,91,65,50000000,46500000,"Dharampal Gurjar is the elected MLA representing Khetri, Jhunjhunu, Rajasthan."
Rajasthan,Sikar,AC-RJ-32,Fatehpur,MLA,Hakam Ali Khan,Male,Indian National Congress,1,Graduate,/assets/placeholder-avatar.svg,75000000,8500000,0,91,65,50000000,46500000,"Hakam Ali Khan is the elected MLA representing Fatehpur, Sikar, Rajasthan."
Rajasthan,Sikar,AC-RJ-33,Lachhmangarh,MLA,Govind Singh Dotasra,Male,Indian National Congress,1,Graduate,/assets/placeholder-avatar.svg,75000000,8500000,0,91,65,50000000,46500000,"Govind Singh Dotasra is the elected MLA representing Lachhmangarh, Sikar, Rajasthan."
Rajasthan,Sikar,AC-RJ-34,Dhod,MLA,Gordhan Verma,Male,Bharatiya Janata Party,1,Graduate,/assets/placeholder-avatar.svg,75000000,8500000,0,91,65,50000000,46500000,"Gordhan Verma is the elected MLA representing Dhod, Sikar, Rajasthan."
Rajasthan,Sikar,AC-RJ-35,Sikar,MLA,Rajendra Pareek,Male,Indian National Congress,1,Graduate,/assets/placeholder-avatar.svg,75000000,8500000,0,91,65,50000000,46500000,"Rajendra Pareek is the elected MLA representing Sikar, Sikar, Rajasthan."
Rajasthan,Sikar,AC-RJ-36,Dantaramgarh,MLA,Virendra Singh,Male,Indian National Congress,1,Graduate,/assets/placeholder-avatar.svg,75000000,8500000,0,91,65,50000000,46500000,"Virendra Singh is the elected MLA representing Dantaramgarh, Sikar, Rajasthan."
Rajasthan,Sikar,AC-RJ-37,Khandela,MLA,Subhash Meel,Male,Bharatiya Janata Party,1,Graduate,/assets/placeholder-avatar.svg,75000000,8500000,0,91,65,50000000,46500000,"Subhash Meel is the elected MLA representing Khandela, Sikar, Rajasthan."
Rajasthan,Sikar,AC-RJ-38,Neem Ka Thana,MLA,Suresh Modi,Male,Indian National Congress,1,Graduate,/assets/placeholder-avatar.svg,75000000,8500000,0,91,65,50000000,46500000,"Suresh Modi is the elected MLA representing Neem Ka Thana, Sikar, Rajasthan."
Rajasthan,Sikar,AC-RJ-39,Srimadhopur,MLA,Jhabar Singh Kharra,Male,Bharatiya Janata Party,1,Graduate,/assets/placeholder-avatar.svg,75000000,8500000,0,91,65,50000000,46500000,"Jhabar Singh Kharra is the elected MLA representing Srimadhopur, Sikar, Rajasthan."
Rajasthan,Jaipur,AC-RJ-40,Kotputli,MLA,Hansraj Patel,Male,Bharatiya Janata Party,1,Graduate,/assets/placeholder-avatar.svg,75000000,8500000,0,91,65,50000000,46500000,"Hansraj Patel is the elected MLA representing Kotputli, Jaipur, Rajasthan."
Rajasthan,Jaipur,AC-RJ-41,Viratnagar,MLA,Kuldeep Dhankad,Male,Bharatiya Janata Party,1,Graduate,/assets/placeholder-avatar.svg,75000000,8500000,0,91,65,50000000,46500000,"Kuldeep Dhankad is the elected MLA representing Viratnagar, Jaipur, Rajasthan."
Rajasthan,Jaipur,AC-RJ-42,Shahpura,MLA,Manish Yadav,Male,Indian National Congress,1,Graduate,/assets/placeholder-avatar.svg,75000000,8500000,0,91,65,50000000,46500000,"Manish Yadav is the elected MLA representing Shahpura, Jaipur, Rajasthan."
Rajasthan,Jaipur,AC-RJ-43,Chomu,MLA,Dr. Shikha Meel Barala,Female,Indian National Congress,1,Graduate,/assets/placeholder-avatar.svg,75000000,8500000,0,91,65,50000000,46500000,"Dr. Shikha Meel Barala is the elected MLA representing Chomu, Jaipur, Rajasthan."
Rajasthan,Jaipur,AC-RJ-44,Phulera,MLA,Vidhyadhar Singh,Male,Indian National Congress,1,Graduate,/assets/placeholder-avatar.svg,75000000,8500000,0,91,65,50000000,46500000,"Vidhyadhar Singh is the elected MLA representing Phulera, Jaipur, Rajasthan."
Rajasthan,Jaipur,AC-RJ-45,Dudu,Deputy Chief Minister / MLA,Prem Chand Bairwa,Female,Bharatiya Janata Party,1,Graduate,/assets/placeholder-avatar.svg,75000000,8500000,0,91,65,50000000,46500000,"Prem Chand Bairwa is the elected MLA representing Dudu, Jaipur, Rajasthan."
Rajasthan,Jaipur,AC-RJ-46,Jhotwara,MLA,Rajyavardhan Singh Rathore,Male,Bharatiya Janata Party,1,Graduate,/assets/placeholder-avatar.svg,75000000,8500000,0,91,65,50000000,46500000,"Rajyavardhan Singh Rathore is the elected MLA representing Jhotwara, Jaipur, Rajasthan."
Rajasthan,Jaipur,AC-RJ-47,Amber,MLA,Prashant Sharma,Male,Indian National Congress,1,Graduate,/assets/placeholder-avatar.svg,75000000,8500000,0,91,65,50000000,46500000,"Prashant Sharma is the elected MLA representing Amber, Jaipur, Rajasthan."
Rajasthan,Jaipur,AC-RJ-48,Jamwa Ramgarh,MLA,Mahendra Pal Meena,Female,Bharatiya Janata Party,1,Graduate,/assets/placeholder-avatar.svg,75000000,8500000,0,91,65,50000000,46500000,"Mahendra Pal Meena is the elected MLA representing Jamwa Ramgarh, Jaipur, Rajasthan."
Rajasthan,Jaipur,AC-RJ-49,Hawa Mahal,MLA,Balmukund Acharya,Male,Bharatiya Janata Party,1,Graduate,/assets/placeholder-avatar.svg,75000000,8500000,0,91,65,50000000,46500000,"Balmukund Acharya is the elected MLA representing Hawa Mahal, Jaipur, Rajasthan."
Rajasthan,Jaipur,AC-RJ-50,Vidhyadhar Nagar,Deputy Chief Minister / MLA,Diya Kumari,Female,Bharatiya Janata Party,2,Graduate,/assets/candidates/diya_kumari.jpg,75000000,8500000,0,91,65,50000000,46500000,"Diya Kumari is the elected MLA representing Vidhyadhar Nagar, Jaipur, Rajasthan."
Rajasthan,Jaipur,AC-RJ-51,Civil Lines,MLA,Gopal Sharma,Male,Bharatiya Janata Party,1,Graduate,/assets/placeholder-avatar.svg,75000000,8500000,0,91,65,50000000,46500000,"Gopal Sharma is the elected MLA representing Civil Lines, Jaipur, Rajasthan."
Rajasthan,Jaipur,AC-RJ-52,Kishanpole,MLA,Aminuddin Kagzi,Male,Indian National Congress,1,Graduate,/assets/placeholder-avatar.svg,75000000,8500000,0,91,65,50000000,46500000,"Aminuddin Kagzi is the elected MLA representing Kishanpole, Jaipur, Rajasthan."
Rajasthan,Jaipur,AC-RJ-53,Adarsh Nagar,MLA,Rafeek Khan,Male,Indian National Congress,1,Graduate,/assets/placeholder-avatar.svg,75000000,8500000,0,91,65,50000000,46500000,"Rafeek Khan is the elected MLA representing Adarsh Nagar, Jaipur, Rajasthan."
Rajasthan,Jaipur,AC-RJ-54,Malviya Nagar,MLA,Kali Charan Saraf,Male,Bharatiya Janata Party,1,Graduate,/assets/placeholder-avatar.svg,75000000,8500000,0,91,65,50000000,46500000,"Kali Charan Saraf is the elected MLA representing Malviya Nagar, Jaipur, Rajasthan."
Rajasthan,Jaipur,AC-RJ-55,Sanganer,Chief Minister of Rajasthan,Bhajan Lal Sharma,Male,Bharatiya Janata Party,1,Graduate,/assets/candidates/bhajan_lal_sharma.jpg,95000000,8500000,0,91,65,50000000,46500000,"Bhajan Lal Sharma is the elected Chief Minister of Rajasthan representing Sanganer, Jaipur, Rajasthan."
Rajasthan,Jaipur,AC-RJ-56,Bagru,MLA,Kailash Chand Verma,Male,Bharatiya Janata Party,1,Graduate,/assets/placeholder-avatar.svg,75000000,8500000,0,91,65,50000000,46500000,"Kailash Chand Verma is the elected MLA representing Bagru, Jaipur, Rajasthan."
Rajasthan,Jaipur,AC-RJ-57,Bassi,MLA,Laxman Meena,Female,Indian National Congress,1,Graduate,/assets/placeholder-avatar.svg,75000000,8500000,0,91,65,50000000,46500000,"Laxman Meena is the elected MLA representing Bassi, Jaipur, Rajasthan."
Rajasthan,Jaipur,AC-RJ-58,Chaksu,MLA,Ramavtar Bairwa,Male,Bharatiya Janata Party,1,Graduate,/assets/placeholder-avatar.svg,75000000,8500000,0,91,65,50000000,46500000,"Ramavtar Bairwa is the elected MLA representing Chaksu, Jaipur, Rajasthan."
Rajasthan,Alwar,AC-RJ-59,Tijara,MLA,Mahant Balaknath,Male,Bharatiya Janata Party,1,Graduate,/assets/placeholder-avatar.svg,75000000,8500000,0,91,65,50000000,46500000,"Mahant Balaknath is the elected MLA representing Tijara, Alwar, Rajasthan."
Rajasthan,Alwar,AC-RJ-60,Kishangarh Bas,MLA,Deepchand Khairiya,Male,Indian National Congress,1,Graduate,/assets/placeholder-avatar.svg,75000000,8500000,0,91,65,50000000,46500000,"Deepchand Khairiya is the elected MLA representing Kishangarh Bas, Alwar, Rajasthan."
Rajasthan,Alwar,AC-RJ-61,Mundawar,MLA,Lalit Yadav,Male,Indian National Congress,1,Graduate,/assets/placeholder-avatar.svg,75000000,8500000,0,91,65,50000000,46500000,"Lalit Yadav is the elected MLA representing Mundawar, Alwar, Rajasthan."
Rajasthan,Alwar,AC-RJ-62,Behror,MLA,Jaswant Singh Yadav,Male,Bharatiya Janata Party,1,Graduate,/assets/placeholder-avatar.svg,75000000,8500000,0,91,65,50000000,46500000,"Jaswant Singh Yadav is the elected MLA representing Behror, Alwar, Rajasthan."
Rajasthan,Alwar,AC-RJ-63,Bansur,MLA,Devi Singh Shekhawat,Female,Bharatiya Janata Party,1,Graduate,/assets/placeholder-avatar.svg,75000000,8500000,0,91,65,50000000,46500000,"Devi Singh Shekhawat is the elected MLA representing Bansur, Alwar, Rajasthan."
Rajasthan,Alwar,AC-RJ-64,Thanagazi,MLA,Kanti Prasad Meena,Female,Indian National Congress,1,Graduate,/assets/placeholder-avatar.svg,75000000,8500000,0,91,65,50000000,46500000,"Kanti Prasad Meena is the elected MLA representing Thanagazi, Alwar, Rajasthan."
Rajasthan,Alwar,AC-RJ-65,Alwar Rural,MLA,Tika Ram Jully,Male,Indian National Congress,1,Graduate,/assets/placeholder-avatar.svg,75000000,8500000,0,91,65,50000000,46500000,"Tika Ram Jully is the elected MLA representing Alwar Rural, Alwar, Rajasthan."
Rajasthan,Alwar,AC-RJ-66,Alwar Urban,MLA,Sanjay Sharma,Male,Bharatiya Janata Party,1,Graduate,/assets/placeholder-avatar.svg,75000000,8500000,0,91,65,50000000,46500000,"Sanjay Sharma is the elected MLA representing Alwar Urban, Alwar, Rajasthan."
Rajasthan,Alwar,AC-RJ-67,Ramgarh,MLA,Zubair Khan,Male,Indian National Congress,1,Graduate,/assets/placeholder-avatar.svg,75000000,8500000,0,91,65,50000000,46500000,"Zubair Khan is the elected MLA representing Ramgarh, Alwar, Rajasthan."
Rajasthan,Alwar,AC-RJ-68,Rajgarh-Laxmangarh,MLA,Mangelal Meena,Female,Indian National Congress,1,Graduate,/assets/placeholder-avatar.svg,75000000,8500000,0,91,65,50000000,46500000,"Mangelal Meena is the elected MLA representing Rajgarh-Laxmangarh, Alwar, Rajasthan."
Rajasthan,Alwar,AC-RJ-69,Kathumar,MLA,Ramesh Khinchi,Male,Bharatiya Janata Party,1,Graduate,/assets/placeholder-avatar.svg,75000000,8500000,0,91,65,50000000,46500000,"Ramesh Khinchi is the elected MLA representing Kathumar, Alwar, Rajasthan."
Rajasthan,Bharatpur,AC-RJ-70,Kaman,MLA,Nauksham Chaudhary,Male,Bharatiya Janata Party,1,Graduate,/assets/placeholder-avatar.svg,75000000,8500000,0,91,65,50000000,46500000,"Nauksham Chaudhary is the elected MLA representing Kaman, Bharatpur, Rajasthan."
Rajasthan,Bharatpur,AC-RJ-71,Nagar,MLA,Jawahar Singh Bedham,Male,Bharatiya Janata Party,1,Graduate,/assets/placeholder-avatar.svg,75000000,8500000,0,91,65,50000000,46500000,"Jawahar Singh Bedham is the elected MLA representing Nagar, Bharatpur, Rajasthan."
Rajasthan,Bharatpur,AC-RJ-72,Deeg-Kumher,MLA,Shailesh Singh,Male,Bharatiya Janata Party,1,Graduate,/assets/placeholder-avatar.svg,75000000,8500000,0,91,65,50000000,46500000,"Shailesh Singh is the elected MLA representing Deeg-Kumher, Bharatpur, Rajasthan."
Rajasthan,Bharatpur,AC-RJ-73,Bharatpur,MLA,Subhash Garg,Male,Rashtriya Lok Dal,1,Graduate,/assets/placeholder-avatar.svg,75000000,8500000,0,91,65,50000000,46500000,"Subhash Garg is the elected MLA representing Bharatpur, Bharatpur, Rajasthan."
Rajasthan,Bharatpur,AC-RJ-74,Nadbai,MLA,Jagat Singh,Male,Bharatiya Janata Party,1,Graduate,/assets/placeholder-avatar.svg,75000000,8500000,0,91,65,50000000,46500000,"Jagat Singh is the elected MLA representing Nadbai, Bharatpur, Rajasthan."
Rajasthan,Bharatpur,AC-RJ-75,Weir,MLA,Bahadur Singh Koli,Male,Bharatiya Janata Party,1,Graduate,/assets/placeholder-avatar.svg,75000000,8500000,0,91,65,50000000,46500000,"Bahadur Singh Koli is the elected MLA representing Weir, Bharatpur, Rajasthan."
Rajasthan,Bharatpur,AC-RJ-76,Bayana,MLA,Ritu Banawat,Female,Independent,1,Graduate,/assets/placeholder-avatar.svg,75000000,8500000,0,91,65,50000000,46500000,"Ritu Banawat is the elected MLA representing Bayana, Bharatpur, Rajasthan."
Rajasthan,Dholpur,AC-RJ-77,Baseri,MLA,Sanjay Kumar Jatav,Male,Indian National Congress,1,Graduate,/assets/placeholder-avatar.svg,75000000,8500000,0,91,65,50000000,46500000,"Sanjay Kumar Jatav is the elected MLA representing Baseri, Dholpur, Rajasthan."
Rajasthan,Dholpur,AC-RJ-78,Bari,MLA,Jaswant Singh Gurjar,Male,Bahujan Samaj Party,1,Graduate,/assets/placeholder-avatar.svg,75000000,8500000,0,91,65,50000000,46500000,"Jaswant Singh Gurjar is the elected MLA representing Bari, Dholpur, Rajasthan."
Rajasthan,Dholpur,AC-RJ-79,Dholpur,MLA,Shobha Rani Kushwaha,Female,Indian National Congress,1,Graduate,/assets/placeholder-avatar.svg,75000000,8500000,0,91,65,50000000,46500000,"Shobha Rani Kushwaha is the elected MLA representing Dholpur, Dholpur, Rajasthan."
Rajasthan,Dholpur,AC-RJ-80,Rajakhera,MLA,Rohit Bohra,Male,Indian National Congress,1,Graduate,/assets/placeholder-avatar.svg,75000000,8500000,0,91,65,50000000,46500000,"Rohit Bohra is the elected MLA representing Rajakhera, Dholpur, Rajasthan."
Rajasthan,Karauli,AC-RJ-81,Todabhim,MLA,Ghanshyam Mahar,Male,Indian National Congress,1,Graduate,/assets/placeholder-avatar.svg,75000000,8500000,0,91,65,50000000,46500000,"Ghanshyam Mahar is the elected MLA representing Todabhim, Karauli, Rajasthan."
Rajasthan,Karauli,AC-RJ-82,Hindaun,MLA,Anita Jatav,Female,Indian National Congress,1,Graduate,/assets/placeholder-avatar.svg,75000000,8500000,0,91,65,50000000,46500000,"Anita Jatav is the elected MLA representing Hindaun, Karauli, Rajasthan."
Rajasthan,Karauli,AC-RJ-83,Karauli,MLA,Darshan Singh Gurjar,Male,Bharatiya Janata Party,1,Graduate,/assets/placeholder-avatar.svg,75000000,8500000,0,91,65,50000000,46500000,"Darshan Singh Gurjar is the elected MLA representing Karauli, Karauli, Rajasthan."
Rajasthan,Karauli,AC-RJ-84,Sapotra,MLA,Hansraj Meena,Female,Bharatiya Janata Party,1,Graduate,/assets/placeholder-avatar.svg,75000000,8500000,0,91,65,50000000,46500000,"Hansraj Meena is the elected MLA representing Sapotra, Karauli, Rajasthan."
Rajasthan,Dausa,AC-RJ-85,Bandikui,MLA,Bhagchand Tankda,Male,Bharatiya Janata Party,1,Graduate,/assets/placeholder-avatar.svg,75000000,8500000,0,91,65,50000000,46500000,"Bhagchand Tankda is the elected MLA representing Bandikui, Dausa, Rajasthan."
Rajasthan,Dausa,AC-RJ-86,Mahuwa,MLA,Rajendra Meena,Female,Bharatiya Janata Party,1,Graduate,/assets/placeholder-avatar.svg,75000000,8500000,0,91,65,50000000,46500000,"Rajendra Meena is the elected MLA representing Mahuwa, Dausa, Rajasthan."
Rajasthan,Dausa,AC-RJ-87,Sikrai,MLA,Vikram Bansiwal,Male,Bharatiya Janata Party,1,Graduate,/assets/placeholder-avatar.svg,75000000,8500000,0,91,65,50000000,46500000,"Vikram Bansiwal is the elected MLA representing Sikrai, Dausa, Rajasthan."
Rajasthan,Dausa,AC-RJ-88,Dausa,MLA,Murari Lal Meena,Female,Indian National Congress,1,Graduate,/assets/placeholder-avatar.svg,75000000,8500000,0,91,65,50000000,46500000,"Murari Lal Meena is the elected MLA representing Dausa, Dausa, Rajasthan."
Rajasthan,Dausa,AC-RJ-89,Lalsot,MLA,Rambilas Meena,Female,Bharatiya Janata Party,1,Graduate,/assets/placeholder-avatar.svg,75000000,8500000,0,91,65,50000000,46500000,"Rambilas Meena is the elected MLA representing Lalsot, Dausa, Rajasthan."
Rajasthan,Sawai Madhopur,AC-RJ-90,Gangapur,MLA,Ramkesh Meena,Female,Indian National Congress,1,Graduate,/assets/placeholder-avatar.svg,75000000,8500000,0,91,65,50000000,46500000,"Ramkesh Meena is the elected MLA representing Gangapur, Sawai Madhopur, Rajasthan."
Rajasthan,Sawai Madhopur,AC-RJ-91,Bamanwas,MLA,Indira Meena,Female,Indian National Congress,1,Graduate,/assets/placeholder-avatar.svg,75000000,8500000,0,91,65,50000000,46500000,"Indira Meena is the elected MLA representing Bamanwas, Sawai Madhopur, Rajasthan."
Rajasthan,Sawai Madhopur,AC-RJ-92,Sawai Madhopur,MLA,Kirodi Lal Meena,Female,Bharatiya Janata Party,1,Graduate,/assets/placeholder-avatar.svg,75000000,8500000,0,91,65,50000000,46500000,"Kirodi Lal Meena is the elected MLA representing Sawai Madhopur, Sawai Madhopur, Rajasthan."
Rajasthan,Sawai Madhopur,AC-RJ-93,Khandar,MLA,Jitendra Kumar Gothwal,Male,Bharatiya Janata Party,1,Graduate,/assets/placeholder-avatar.svg,75000000,8500000,0,91,65,50000000,46500000,"Jitendra Kumar Gothwal is the elected MLA representing Khandar, Sawai Madhopur, Rajasthan."
Rajasthan,Tonk,AC-RJ-94,Malpura,MLA,Kanhaiya Lal Choudhary,Male,Bharatiya Janata Party,1,Graduate,/assets/placeholder-avatar.svg,75000000,8500000,0,91,65,50000000,46500000,"Kanhaiya Lal Choudhary is the elected MLA representing Malpura, Tonk, Rajasthan."
Rajasthan,Tonk,AC-RJ-95,Niwai,MLA,Ram Sahay Verma,Male,Bharatiya Janata Party,1,Graduate,/assets/placeholder-avatar.svg,75000000,8500000,0,91,65,50000000,46500000,"Ram Sahay Verma is the elected MLA representing Niwai, Tonk, Rajasthan."
Rajasthan,Tonk,AC-RJ-96,Tonk,MLA,Sachin Pilot,Male,Indian National Congress,2,Graduate,/assets/candidates/sachin_pilot.jpg,75000000,8500000,0,91,65,50000000,46500000,"Sachin Pilot is the elected MLA representing Tonk, Tonk, Rajasthan."
Rajasthan,Tonk,AC-RJ-97,Deoli-Uniara,MLA,Harish Chandra Meena,Female,Indian National Congress,1,Graduate,/assets/placeholder-avatar.svg,75000000,8500000,0,91,65,50000000,46500000,"Harish Chandra Meena is the elected MLA representing Deoli-Uniara, Tonk, Rajasthan."
Rajasthan,Ajmer,AC-RJ-98,Kishangarh,MLA,Vikash Choudhary,Male,Indian National Congress,1,Graduate,/assets/placeholder-avatar.svg,75000000,8500000,0,91,65,50000000,46500000,"Vikash Choudhary is the elected MLA representing Kishangarh, Ajmer, Rajasthan."
Rajasthan,Ajmer,AC-RJ-99,Pushkar,MLA,Suresh Singh Rawat,Male,Bharatiya Janata Party,1,Graduate,/assets/placeholder-avatar.svg,75000000,8500000,0,91,65,50000000,46500000,"Suresh Singh Rawat is the elected MLA representing Pushkar, Ajmer, Rajasthan."
Rajasthan,Ajmer,AC-RJ-100,Ajmer North,MLA,Vasudev Devnani,Male,Bharatiya Janata Party,1,Graduate,/assets/placeholder-avatar.svg,75000000,8500000,0,91,65,50000000,46500000,"Vasudev Devnani is the elected MLA representing Ajmer North, Ajmer, Rajasthan."
Rajasthan,Ajmer,AC-RJ-101,Ajmer South,MLA,Anita Bhadel,Female,Bharatiya Janata Party,1,Graduate,/assets/placeholder-avatar.svg,75000000,8500000,0,91,65,50000000,46500000,"Anita Bhadel is the elected MLA representing Ajmer South, Ajmer, Rajasthan."
Rajasthan,Ajmer,AC-RJ-102,Nasirabad,MLA,Ramswaroop Lamba,Male,Bharatiya Janata Party,1,Graduate,/assets/placeholder-avatar.svg,75000000,8500000,0,91,65,50000000,46500000,"Ramswaroop Lamba is the elected MLA representing Nasirabad, Ajmer, Rajasthan."
Rajasthan,Ajmer,AC-RJ-103,Beawar,MLA,Shankar Singh Rawat,Male,Bharatiya Janata Party,1,Graduate,/assets/placeholder-avatar.svg,75000000,8500000,0,91,65,50000000,46500000,"Shankar Singh Rawat is the elected MLA representing Beawar, Ajmer, Rajasthan."
Rajasthan,Ajmer,AC-RJ-104,Masuda,MLA,Virendra Singh,Male,Bharatiya Janata Party,1,Graduate,/assets/placeholder-avatar.svg,75000000,8500000,0,91,65,50000000,46500000,"Virendra Singh is the elected MLA representing Masuda, Ajmer, Rajasthan."
Rajasthan,Ajmer,AC-RJ-105,Kekri,MLA,Shatrughan Gautam,Male,Bharatiya Janata Party,1,Graduate,/assets/placeholder-avatar.svg,75000000,8500000,0,91,65,50000000,46500000,"Shatrughan Gautam is the elected MLA representing Kekri, Ajmer, Rajasthan."
Rajasthan,Nagaur,AC-RJ-106,Ladnun,MLA,Mukesh Bhakar,Male,Indian National Congress,1,Graduate,/assets/placeholder-avatar.svg,75000000,8500000,0,91,65,50000000,46500000,"Mukesh Bhakar is the elected MLA representing Ladnun, Nagaur, Rajasthan."
Rajasthan,Nagaur,AC-RJ-107,Deedwana,MLA,Yoonus Khan,Male,Independent,1,Graduate,/assets/placeholder-avatar.svg,75000000,8500000,0,91,65,50000000,46500000,"Yoonus Khan is the elected MLA representing Deedwana, Nagaur, Rajasthan."
Rajasthan,Nagaur,AC-RJ-108,Jayal,MLA,Manju Baghmar,Female,Bharatiya Janata Party,1,Graduate,/assets/placeholder-avatar.svg,75000000,8500000,0,91,65,50000000,46500000,"Manju Baghmar is the elected MLA representing Jayal, Nagaur, Rajasthan."
Rajasthan,Nagaur,AC-RJ-109,Nagaur,MLA,Harendra Mirdha,Male,Indian National Congress,1,Graduate,/assets/placeholder-avatar.svg,75000000,8500000,0,91,65,50000000,46500000,"Harendra Mirdha is the elected MLA representing Nagaur, Nagaur, Rajasthan."
Rajasthan,Nagaur,AC-RJ-110,Khinwsar,MLA,Hanuman Beniwal,Male,Rashtriya Loktantrik Party,1,Graduate,/assets/placeholder-avatar.svg,75000000,8500000,0,91,65,50000000,46500000,"Hanuman Beniwal is the elected MLA representing Khinwsar, Nagaur, Rajasthan."
Rajasthan,Nagaur,AC-RJ-111,Merta,MLA,Laxman Ram Meghwal,Male,Bharatiya Janata Party,1,Graduate,/assets/placeholder-avatar.svg,75000000,8500000,0,91,65,50000000,46500000,"Laxman Ram Meghwal is the elected MLA representing Merta, Nagaur, Rajasthan."
Rajasthan,Nagaur,AC-RJ-112,Degana,MLA,Ajay Singh Kilak,Male,Bharatiya Janata Party,1,Graduate,/assets/placeholder-avatar.svg,75000000,8500000,0,91,65,50000000,46500000,"Ajay Singh Kilak is the elected MLA representing Degana, Nagaur, Rajasthan."
Rajasthan,Nagaur,AC-RJ-113,Makrana,MLA,Zakir Hussain Gesawat,Male,Indian National Congress,1,Graduate,/assets/placeholder-avatar.svg,75000000,8500000,0,91,65,50000000,46500000,"Zakir Hussain Gesawat is the elected MLA representing Makrana, Nagaur, Rajasthan."
Rajasthan,Nagaur,AC-RJ-114,Parbatsar,MLA,Ramniwas Gawriya,Male,Indian National Congress,1,Graduate,/assets/placeholder-avatar.svg,75000000,8500000,0,91,65,50000000,46500000,"Ramniwas Gawriya is the elected MLA representing Parbatsar, Nagaur, Rajasthan."
Rajasthan,Nagaur,AC-RJ-115,Nawan,MLA,Vijay Singh Chaudhary,Male,Bharatiya Janata Party,1,Graduate,/assets/placeholder-avatar.svg,75000000,8500000,0,91,65,50000000,46500000,"Vijay Singh Chaudhary is the elected MLA representing Nawan, Nagaur, Rajasthan."
Rajasthan,Pali,AC-RJ-116,Jaitaran,MLA,Avinash Gehlot,Male,Bharatiya Janata Party,1,Graduate,/assets/placeholder-avatar.svg,75000000,8500000,0,91,65,50000000,46500000,"Avinash Gehlot is the elected MLA representing Jaitaran, Pali, Rajasthan."
Rajasthan,Pali,AC-RJ-117,Sojat,MLA,Shobha Chauhan,Female,Bharatiya Janata Party,1,Graduate,/assets/placeholder-avatar.svg,75000000,8500000,0,91,65,50000000,46500000,"Shobha Chauhan is the elected MLA representing Sojat, Pali, Rajasthan."
Rajasthan,Pali,AC-RJ-118,Pali,MLA,Bheem Raj Bhati,Male,Indian National Congress,1,Graduate,/assets/placeholder-avatar.svg,75000000,8500000,0,91,65,50000000,46500000,"Bheem Raj Bhati is the elected MLA representing Pali, Pali, Rajasthan."
Rajasthan,Pali,AC-RJ-119,Marwar Junction,MLA,Kesaram Choudhary,Male,Bharatiya Janata Party,1,Graduate,/assets/placeholder-avatar.svg,75000000,8500000,0,91,65,50000000,46500000,"Kesaram Choudhary is the elected MLA representing Marwar Junction, Pali, Rajasthan."
Rajasthan,Pali,AC-RJ-120,Bali,MLA,Pushpendra Singh,Male,Bharatiya Janata Party,1,Graduate,/assets/placeholder-avatar.svg,75000000,8500000,0,91,65,50000000,46500000,"Pushpendra Singh is the elected MLA representing Bali, Pali, Rajasthan."
Rajasthan,Pali,AC-RJ-121,Sumerpur,MLA,Joraram Kumawat,Male,Bharatiya Janata Party,1,Graduate,/assets/placeholder-avatar.svg,75000000,8500000,0,91,65,50000000,46500000,"Joraram Kumawat is the elected MLA representing Sumerpur, Pali, Rajasthan."
Rajasthan,Jodhpur,AC-RJ-122,Phalodi,MLA,Pabba Ram Bishnoi,Male,Bharatiya Janata Party,1,Graduate,/assets/placeholder-avatar.svg,75000000,8500000,0,91,65,50000000,46500000,"Pabba Ram Bishnoi is the elected MLA representing Phalodi, Jodhpur, Rajasthan."
Rajasthan,Jodhpur,AC-RJ-123,Lohawat,MLA,Gajendra Singh Khimsar,Male,Bharatiya Janata Party,1,Graduate,/assets/placeholder-avatar.svg,75000000,8500000,0,91,65,50000000,46500000,"Gajendra Singh Khimsar is the elected MLA representing Lohawat, Jodhpur, Rajasthan."
Rajasthan,Jodhpur,AC-RJ-124,Shergarh,MLA,Babu Singh Rathore,Male,Bharatiya Janata Party,1,Graduate,/assets/placeholder-avatar.svg,75000000,8500000,0,91,65,50000000,46500000,"Babu Singh Rathore is the elected MLA representing Shergarh, Jodhpur, Rajasthan."
Rajasthan,Jodhpur,AC-RJ-125,Osian,MLA,Bhairaram Chaudhary,Male,Bharatiya Janata Party,1,Graduate,/assets/placeholder-avatar.svg,75000000,8500000,0,91,65,50000000,46500000,"Bhairaram Chaudhary is the elected MLA representing Osian, Jodhpur, Rajasthan."
Rajasthan,Jodhpur,AC-RJ-126,Bhopalgarh,MLA,Geeta Barwar,Female,Indian National Congress,1,Graduate,/assets/placeholder-avatar.svg,75000000,8500000,0,91,65,50000000,46500000,"Geeta Barwar is the elected MLA representing Bhopalgarh, Jodhpur, Rajasthan."
Rajasthan,Jodhpur,AC-RJ-127,Sardarpura,MLA,Ashok Gehlot,Male,Indian National Congress,3,Graduate,/assets/candidates/ashok_gehlot.jpg,75000000,8500000,0,91,65,50000000,46500000,"Ashok Gehlot is the elected MLA representing Sardarpura, Jodhpur, Rajasthan."
Rajasthan,Jodhpur,AC-RJ-128,Jodhpur,MLA,Atul Bhansali,Male,Bharatiya Janata Party,1,Graduate,/assets/placeholder-avatar.svg,75000000,8500000,0,91,65,50000000,46500000,"Atul Bhansali is the elected MLA representing Jodhpur, Jodhpur, Rajasthan."
Rajasthan,Jodhpur,AC-RJ-129,Soorsagar,MLA,Devendra Joshi,Male,Bharatiya Janata Party,1,Graduate,/assets/placeholder-avatar.svg,75000000,8500000,0,91,65,50000000,46500000,"Devendra Joshi is the elected MLA representing Soorsagar, Jodhpur, Rajasthan."
Rajasthan,Jodhpur,AC-RJ-130,Luni,MLA,Jogaram Patel,Male,Bharatiya Janata Party,1,Graduate,/assets/placeholder-avatar.svg,75000000,8500000,0,91,65,50000000,46500000,"Jogaram Patel is the elected MLA representing Luni, Jodhpur, Rajasthan."
Rajasthan,Jodhpur,AC-RJ-131,Bilara,MLA,Arjun Lal Garg,Male,Bharatiya Janata Party,1,Graduate,/assets/placeholder-avatar.svg,75000000,8500000,0,91,65,50000000,46500000,"Arjun Lal Garg is the elected MLA representing Bilara, Jodhpur, Rajasthan."
Rajasthan,Jaisalmer,AC-RJ-132,Jaisalmer,MLA,Chhotu Singh Bhati,Male,Bharatiya Janata Party,1,Graduate,/assets/placeholder-avatar.svg,75000000,8500000,0,91,65,50000000,46500000,"Chhotu Singh Bhati is the elected MLA representing Jaisalmer, Jaisalmer, Rajasthan."
Rajasthan,Jaisalmer,AC-RJ-133,Pokaran,MLA,Pratap Puri,Male,Bharatiya Janata Party,1,Graduate,/assets/placeholder-avatar.svg,75000000,8500000,0,91,65,50000000,46500000,"Pratap Puri is the elected MLA representing Pokaran, Jaisalmer, Rajasthan."
Rajasthan,Barmer,AC-RJ-134,Sheo,MLA,Ravindra Singh Bhati,Male,Independent,1,Graduate,/assets/placeholder-avatar.svg,75000000,8500000,0,91,65,50000000,46500000,"Ravindra Singh Bhati is the elected MLA representing Sheo, Barmer, Rajasthan."
Rajasthan,Barmer,AC-RJ-135,Barmer,MLA,Priyanka Chowdhary,Female,Independent,1,Graduate,/assets/placeholder-avatar.svg,75000000,8500000,0,91,65,50000000,46500000,"Priyanka Chowdhary is the elected MLA representing Barmer, Barmer, Rajasthan."
Rajasthan,Barmer,AC-RJ-136,Baytoo,MLA,Harish Chaudhary,Male,Indian National Congress,1,Graduate,/assets/placeholder-avatar.svg,75000000,8500000,0,91,65,50000000,46500000,"Harish Chaudhary is the elected MLA representing Baytoo, Barmer, Rajasthan."
Rajasthan,Barmer,AC-RJ-137,Pachpadra,MLA,Arun Choudhary,Male,Bharatiya Janata Party,1,Graduate,/assets/placeholder-avatar.svg,75000000,8500000,0,91,65,50000000,46500000,"Arun Choudhary is the elected MLA representing Pachpadra, Barmer, Rajasthan."
Rajasthan,Barmer,AC-RJ-138,Siwana,MLA,Hameer Singh Bhayal,Male,Bharatiya Janata Party,1,Graduate,/assets/placeholder-avatar.svg,75000000,8500000,0,91,65,50000000,46500000,"Hameer Singh Bhayal is the elected MLA representing Siwana, Barmer, Rajasthan."
Rajasthan,Barmer,AC-RJ-139,Gudamalani,MLA,KK Vishnoi,Male,Bharatiya Janata Party,1,Graduate,/assets/placeholder-avatar.svg,75000000,8500000,0,91,65,50000000,46500000,"KK Vishnoi is the elected MLA representing Gudamalani, Barmer, Rajasthan."
Rajasthan,Barmer,AC-RJ-140,Chohtan,MLA,Aduram Meghwal,Male,Bharatiya Janata Party,1,Graduate,/assets/placeholder-avatar.svg,75000000,8500000,0,91,65,50000000,46500000,"Aduram Meghwal is the elected MLA representing Chohtan, Barmer, Rajasthan."
Rajasthan,Jalore,AC-RJ-141,Ahore,MLA,Chhagan Singh Rajpurohit,Male,Bharatiya Janata Party,1,Graduate,/assets/placeholder-avatar.svg,75000000,8500000,0,91,65,50000000,46500000,"Chhagan Singh Rajpurohit is the elected MLA representing Ahore, Jalore, Rajasthan."
Rajasthan,Jalore,AC-RJ-142,Jalore,MLA,Jogeshwar Garg,Male,Bharatiya Janata Party,1,Graduate,/assets/placeholder-avatar.svg,75000000,8500000,0,91,65,50000000,46500000,"Jogeshwar Garg is the elected MLA representing Jalore, Jalore, Rajasthan."
Rajasthan,Jalore,AC-RJ-143,Bhinmal,MLA,Samarjit Singh,Male,Indian National Congress,1,Graduate,/assets/placeholder-avatar.svg,75000000,8500000,0,91,65,50000000,46500000,"Samarjit Singh is the elected MLA representing Bhinmal, Jalore, Rajasthan."
Rajasthan,Jalore,AC-RJ-144,Sanchore,MLA,Jivaram Choudhary,Male,Independent,1,Graduate,/assets/placeholder-avatar.svg,75000000,8500000,0,91,65,50000000,46500000,"Jivaram Choudhary is the elected MLA representing Sanchore, Jalore, Rajasthan."
Rajasthan,Jalore,AC-RJ-145,Raniwara,MLA,Ratan Devasi,Male,Indian National Congress,1,Graduate,/assets/placeholder-avatar.svg,75000000,8500000,0,91,65,50000000,46500000,"Ratan Devasi is the elected MLA representing Raniwara, Jalore, Rajasthan."
Rajasthan,Sirohi,AC-RJ-146,Sirohi,MLA,Ota Ram Dewasi,Male,Bharatiya Janata Party,1,Graduate,/assets/placeholder-avatar.svg,75000000,8500000,0,91,65,50000000,46500000,"Ota Ram Dewasi is the elected MLA representing Sirohi, Sirohi, Rajasthan."
Rajasthan,Sirohi,AC-RJ-147,Pindwara-Abu,MLA,Samaram Garasiya,Male,Bharatiya Janata Party,1,Graduate,/assets/placeholder-avatar.svg,75000000,8500000,0,91,65,50000000,46500000,"Samaram Garasiya is the elected MLA representing Pindwara-Abu, Sirohi, Rajasthan."
Rajasthan,Sirohi,AC-RJ-148,Reodar,MLA,Motiram Koli,Male,Indian National Congress,1,Graduate,/assets/placeholder-avatar.svg,75000000,8500000,0,91,65,50000000,46500000,"Motiram Koli is the elected MLA representing Reodar, Sirohi, Rajasthan."
Rajasthan,Udaipur,AC-RJ-149,Gogunda,MLA,Pratap Lal Bheel,Male,Bharatiya Janata Party,1,Graduate,/assets/placeholder-avatar.svg,75000000,8500000,0,91,65,50000000,46500000,"Pratap Lal Bheel is the elected MLA representing Gogunda, Udaipur, Rajasthan."
Rajasthan,Udaipur,AC-RJ-150,Jhadol,MLA,Babulal Kharadi,Male,Bharatiya Janata Party,1,Graduate,/assets/placeholder-avatar.svg,75000000,8500000,0,91,65,50000000,46500000,"Babulal Kharadi is the elected MLA representing Jhadol, Udaipur, Rajasthan."
Rajasthan,Udaipur,AC-RJ-151,Kherwara,MLA,Dayaram Parmar,Male,Indian National Congress,1,Graduate,/assets/placeholder-avatar.svg,75000000,8500000,0,91,65,50000000,46500000,"Dayaram Parmar is the elected MLA representing Kherwara, Udaipur, Rajasthan."
Rajasthan,Udaipur,AC-RJ-152,Udaipur Rural,MLA,Phool Singh Meena,Female,Bharatiya Janata Party,1,Graduate,/assets/placeholder-avatar.svg,75000000,8500000,0,91,65,50000000,46500000,"Phool Singh Meena is the elected MLA representing Udaipur Rural, Udaipur, Rajasthan."
Rajasthan,Udaipur,AC-RJ-153,Udaipur,MLA,Tarachand Jain,Male,Bharatiya Janata Party,1,Graduate,/assets/placeholder-avatar.svg,75000000,8500000,0,91,65,50000000,46500000,"Tarachand Jain is the elected MLA representing Udaipur, Udaipur, Rajasthan."
Rajasthan,Udaipur,AC-RJ-154,Mavli,MLA,Pushkar Lal Dangi,Male,Indian National Congress,1,Graduate,/assets/placeholder-avatar.svg,75000000,8500000,0,91,65,50000000,46500000,"Pushkar Lal Dangi is the elected MLA representing Mavli, Udaipur, Rajasthan."
Rajasthan,Udaipur,AC-RJ-155,Vallabhnagar,MLA,Udailal Dangi,Male,Bharatiya Janata Party,1,Graduate,/assets/placeholder-avatar.svg,75000000,8500000,0,91,65,50000000,46500000,"Udailal Dangi is the elected MLA representing Vallabhnagar, Udaipur, Rajasthan."
Rajasthan,Udaipur,AC-RJ-156,Salumber,MLA,Amrit Lal Meena,Female,Bharatiya Janata Party,1,Graduate,/assets/placeholder-avatar.svg,75000000,8500000,0,91,65,50000000,46500000,"Amrit Lal Meena is the elected MLA representing Salumber, Udaipur, Rajasthan."
Rajasthan,Pratapgarh,AC-RJ-157,Dhariawad,MLA,Thavar Chand Meena,Female,Bharat Adivasi Party,1,Graduate,/assets/placeholder-avatar.svg,75000000,8500000,0,91,65,50000000,46500000,"Thavar Chand Meena is the elected MLA representing Dhariawad, Pratapgarh, Rajasthan."
Rajasthan,Dungarpur,AC-RJ-158,Dungarpur,MLA,Ganesh Ghogra,Male,Indian National Congress,1,Graduate,/assets/placeholder-avatar.svg,75000000,8500000,0,91,65,50000000,46500000,"Ganesh Ghogra is the elected MLA representing Dungarpur, Dungarpur, Rajasthan."
Rajasthan,Dungarpur,AC-RJ-159,Aspur,MLA,Umesh Meena,Female,Bharat Adivasi Party,1,Graduate,/assets/placeholder-avatar.svg,75000000,8500000,0,91,65,50000000,46500000,"Umesh Meena is the elected MLA representing Aspur, Dungarpur, Rajasthan."
Rajasthan,Dungarpur,AC-RJ-160,Sagwara,MLA,Shankarlal Decha,Male,Bharatiya Janata Party,1,Graduate,/assets/placeholder-avatar.svg,75000000,8500000,0,91,65,50000000,46500000,"Shankarlal Decha is the elected MLA representing Sagwara, Dungarpur, Rajasthan."
Rajasthan,Dungarpur,AC-RJ-161,Chorasi,MLA,Rajkumar Roat,Male,Bharat Adivasi Party,1,Graduate,/assets/placeholder-avatar.svg,75000000,8500000,0,91,65,50000000,46500000,"Rajkumar Roat is the elected MLA representing Chorasi, Dungarpur, Rajasthan."
Rajasthan,Banswara,AC-RJ-162,Ghatol,MLA,Nanalal Ninama,Male,Indian National Congress,1,Graduate,/assets/placeholder-avatar.svg,75000000,8500000,0,91,65,50000000,46500000,"Nanalal Ninama is the elected MLA representing Ghatol, Banswara, Rajasthan."
Rajasthan,Banswara,AC-RJ-163,Garhi,MLA,Kailash Chandra Meena,Female,Bharatiya Janata Party,1,Graduate,/assets/placeholder-avatar.svg,75000000,8500000,0,91,65,50000000,46500000,"Kailash Chandra Meena is the elected MLA representing Garhi, Banswara, Rajasthan."
Rajasthan,Banswara,AC-RJ-164,Banswara,MLA,Arjun Singh Bamaniya,Male,Indian National Congress,1,Graduate,/assets/placeholder-avatar.svg,75000000,8500000,0,91,65,50000000,46500000,"Arjun Singh Bamaniya is the elected MLA representing Banswara, Banswara, Rajasthan."
Rajasthan,Banswara,AC-RJ-165,Bagidora,MLA,Mahendra Jeet Singh Malviya,Male,Indian National Congress,1,Graduate,/assets/placeholder-avatar.svg,75000000,8500000,0,91,65,50000000,46500000,"Mahendra Jeet Singh Malviya is the elected MLA representing Bagidora, Banswara, Rajasthan."
Rajasthan,Banswara,AC-RJ-166,Kushalgarh,MLA,Ramila Khadiya,Male,Indian National Congress,1,Graduate,/assets/placeholder-avatar.svg,75000000,8500000,0,91,65,50000000,46500000,"Ramila Khadiya is the elected MLA representing Kushalgarh, Banswara, Rajasthan."
Rajasthan,Chittorgarh,AC-RJ-167,Kapasan,MLA,Arjun Lal Jingar,Male,Bharatiya Janata Party,1,Graduate,/assets/placeholder-avatar.svg,75000000,8500000,0,91,65,50000000,46500000,"Arjun Lal Jingar is the elected MLA representing Kapasan, Chittorgarh, Rajasthan."
Rajasthan,Chittorgarh,AC-RJ-168,Begun,MLA,Suresh Dhakar,Male,Bharatiya Janata Party,1,Graduate,/assets/placeholder-avatar.svg,75000000,8500000,0,91,65,50000000,46500000,"Suresh Dhakar is the elected MLA representing Begun, Chittorgarh, Rajasthan."
Rajasthan,Chittorgarh,AC-RJ-169,Chittorgarh,MLA,Chandrabhan Singh Aakya,Male,Independent,1,Graduate,/assets/placeholder-avatar.svg,75000000,8500000,0,91,65,50000000,46500000,"Chandrabhan Singh Aakya is the elected MLA representing Chittorgarh, Chittorgarh, Rajasthan."
Rajasthan,Chittorgarh,AC-RJ-170,Nimbahera,MLA,Shrichand Kriplani,Male,Bharatiya Janata Party,1,Graduate,/assets/placeholder-avatar.svg,75000000,8500000,0,91,65,50000000,46500000,"Shrichand Kriplani is the elected MLA representing Nimbahera, Chittorgarh, Rajasthan."
Rajasthan,Chittorgarh,AC-RJ-171,Bari Sadri,MLA,Gautam Kumar,Male,Bharatiya Janata Party,1,Graduate,/assets/placeholder-avatar.svg,75000000,8500000,0,91,65,50000000,46500000,"Gautam Kumar is the elected MLA representing Bari Sadri, Chittorgarh, Rajasthan."
Rajasthan,Pratapgarh,AC-RJ-172,Pratapgarh,MLA,Hemant Meena,Female,Bharatiya Janata Party,1,Graduate,/assets/placeholder-avatar.svg,75000000,8500000,0,91,65,50000000,46500000,"Hemant Meena is the elected MLA representing Pratapgarh, Pratapgarh, Rajasthan."
Rajasthan,Rajsamand,AC-RJ-173,Bhim,MLA,Harisingh Rawat,Male,Bharatiya Janata Party,1,Graduate,/assets/placeholder-avatar.svg,75000000,8500000,0,91,65,50000000,46500000,"Harisingh Rawat is the elected MLA representing Bhim, Rajsamand, Rajasthan."
Rajasthan,Rajsamand,AC-RJ-174,Kumbhalgarh,MLA,Surendra Singh Rathore,Male,Bharatiya Janata Party,1,Graduate,/assets/placeholder-avatar.svg,75000000,8500000,0,91,65,50000000,46500000,"Surendra Singh Rathore is the elected MLA representing Kumbhalgarh, Rajsamand, Rajasthan."
Rajasthan,Rajsamand,AC-RJ-175,Rajsamand,MLA,Deepti Maheshwari,Male,Bharatiya Janata Party,1,Graduate,/assets/placeholder-avatar.svg,75000000,8500000,0,91,65,50000000,46500000,"Deepti Maheshwari is the elected MLA representing Rajsamand, Rajsamand, Rajasthan."
Rajasthan,Rajsamand,AC-RJ-176,Nathdwara,MLA,Vishvaraj Singh Mewar,Male,Bharatiya Janata Party,1,Graduate,/assets/placeholder-avatar.svg,75000000,8500000,0,91,65,50000000,46500000,"Vishvaraj Singh Mewar is the elected MLA representing Nathdwara, Rajsamand, Rajasthan."
Rajasthan,Bhilwara,AC-RJ-177,Asind,MLA,Jabbar Singh Sankhala,Male,Bharatiya Janata Party,1,Graduate,/assets/placeholder-avatar.svg,75000000,8500000,0,91,65,50000000,46500000,"Jabbar Singh Sankhala is the elected MLA representing Asind, Bhilwara, Rajasthan."
Rajasthan,Bhilwara,AC-RJ-178,Mandal,MLA,Udai Lal Bhadana,Male,Bharatiya Janata Party,1,Graduate,/assets/placeholder-avatar.svg,75000000,8500000,0,91,65,50000000,46500000,"Udai Lal Bhadana is the elected MLA representing Mandal, Bhilwara, Rajasthan."
Rajasthan,Bhilwara,AC-RJ-179,Sahara,MLA,Ladu Lal Pitliya,Male,Bharatiya Janata Party,1,Graduate,/assets/placeholder-avatar.svg,75000000,8500000,0,91,65,50000000,46500000,"Ladu Lal Pitliya is the elected MLA representing Sahara, Bhilwara, Rajasthan."
Rajasthan,Bhilwara,AC-RJ-180,Bhilwara,MLA,Ashok Kumar Kothari,Male,Independent,1,Graduate,/assets/placeholder-avatar.svg,75000000,8500000,0,91,65,50000000,46500000,"Ashok Kumar Kothari is the elected MLA representing Bhilwara, Bhilwara, Rajasthan."
Rajasthan,Bhilwara,AC-RJ-181,Shahpura (Bhilwara),MLA,Lalaram Bairwa,Male,Bharatiya Janata Party,1,Graduate,/assets/placeholder-avatar.svg,75000000,8500000,0,91,65,50000000,46500000,"Lalaram Bairwa is the elected MLA representing Shahpura (Bhilwara), Bhilwara, Rajasthan."
Rajasthan,Bhilwara,AC-RJ-182,Jahazpur,MLA,Gopichand Meena,Female,Bharatiya Janata Party,1,Graduate,/assets/placeholder-avatar.svg,75000000,8500000,0,91,65,50000000,46500000,"Gopichand Meena is the elected MLA representing Jahazpur, Bhilwara, Rajasthan."
Rajasthan,Bhilwara,AC-RJ-183,Mandalgarh,MLA,Gopal Lal Sharma,Male,Bharatiya Janata Party,1,Graduate,/assets/placeholder-avatar.svg,75000000,8500000,0,91,65,50000000,46500000,"Gopal Lal Sharma is the elected MLA representing Mandalgarh, Bhilwara, Rajasthan."
Rajasthan,Bundi,AC-RJ-184,Hindoli,MLA,Ashok Chandna,Male,Indian National Congress,1,Graduate,/assets/placeholder-avatar.svg,75000000,8500000,0,91,65,50000000,46500000,"Ashok Chandna is the elected MLA representing Hindoli, Bundi, Rajasthan."
Rajasthan,Bundi,AC-RJ-185,Keshoraipatan,MLA,Chunnilal Premi Bairwa,Male,Indian National Congress,1,Graduate,/assets/placeholder-avatar.svg,75000000,8500000,0,91,65,50000000,46500000,"Chunnilal Premi Bairwa is the elected MLA representing Keshoraipatan, Bundi, Rajasthan."
Rajasthan,Bundi,AC-RJ-186,Bundi,MLA,Harimohan Sharma,Male,Indian National Congress,1,Graduate,/assets/placeholder-avatar.svg,75000000,8500000,0,91,65,50000000,46500000,"Harimohan Sharma is the elected MLA representing Bundi, Bundi, Rajasthan."
Rajasthan,Kota,AC-RJ-187,Pipalda,MLA,Chetan Patel Kolana,Male,Indian National Congress,1,Graduate,/assets/placeholder-avatar.svg,75000000,8500000,0,91,65,50000000,46500000,"Chetan Patel Kolana is the elected MLA representing Pipalda, Kota, Rajasthan."
Rajasthan,Kota,AC-RJ-188,Sangod,MLA,Heeralal Nagar,Male,Bharatiya Janata Party,1,Graduate,/assets/placeholder-avatar.svg,75000000,8500000,0,91,65,50000000,46500000,"Heeralal Nagar is the elected MLA representing Sangod, Kota, Rajasthan."
Rajasthan,Kota,AC-RJ-189,Kota North,MLA,Shanti Dhariwal,Female,Indian National Congress,1,Graduate,/assets/placeholder-avatar.svg,75000000,8500000,0,91,65,50000000,46500000,"Shanti Dhariwal is the elected MLA representing Kota North, Kota, Rajasthan."
Rajasthan,Kota,AC-RJ-190,Kota South,MLA,Sandeep Sharma,Male,Bharatiya Janata Party,1,Graduate,/assets/placeholder-avatar.svg,75000000,8500000,0,91,65,50000000,46500000,"Sandeep Sharma is the elected MLA representing Kota South, Kota, Rajasthan."
Rajasthan,Kota,AC-RJ-191,Ladpura,MLA,Kalpana Devi,Female,Bharatiya Janata Party,1,Graduate,/assets/placeholder-avatar.svg,75000000,8500000,0,91,65,50000000,46500000,"Kalpana Devi is the elected MLA representing Ladpura, Kota, Rajasthan."
Rajasthan,Kota,AC-RJ-192,Ramganj Mandi,MLA,Madan Dilawar,Male,Bharatiya Janata Party,1,Graduate,/assets/placeholder-avatar.svg,75000000,8500000,0,91,65,50000000,46500000,"Madan Dilawar is the elected MLA representing Ramganj Mandi, Kota, Rajasthan."
Rajasthan,Baran,AC-RJ-193,Anta,MLA,Kanwar Lal Meena,Female,Bharatiya Janata Party,1,Graduate,/assets/placeholder-avatar.svg,75000000,8500000,0,91,65,50000000,46500000,"Kanwar Lal Meena is the elected MLA representing Anta, Baran, Rajasthan."
Rajasthan,Baran,AC-RJ-194,Kishanganj,MLA,Lalit Meena,Female,Bharatiya Janata Party,1,Graduate,/assets/placeholder-avatar.svg,75000000,8500000,0,91,65,50000000,46500000,"Lalit Meena is the elected MLA representing Kishanganj, Baran, Rajasthan."
Rajasthan,Baran,AC-RJ-195,Baran-Atru,MLA,Radheyshayam Bairwa,Male,Bharatiya Janata Party,1,Graduate,/assets/placeholder-avatar.svg,75000000,8500000,0,91,65,50000000,46500000,"Radheyshayam Bairwa is the elected MLA representing Baran-Atru, Baran, Rajasthan."
Rajasthan,Baran,AC-RJ-196,Chhabra,MLA,Pratap Singh Singhvi,Male,Bharatiya Janata Party,1,Graduate,/assets/placeholder-avatar.svg,75000000,8500000,0,91,65,50000000,46500000,"Pratap Singh Singhvi is the elected MLA representing Chhabra, Baran, Rajasthan."
Rajasthan,Jhalawar,AC-RJ-197,Dag,MLA,Kaluram Meghwal,Male,Bharatiya Janata Party,1,Graduate,/assets/placeholder-avatar.svg,75000000,8500000,0,91,65,50000000,46500000,"Kaluram Meghwal is the elected MLA representing Dag, Jhalawar, Rajasthan."
Rajasthan,Jhalawar,AC-RJ-198,Jhalrapatan,MLA,Vasundhara Raje,Female,Bharatiya Janata Party,3,Graduate,/assets/candidates/vasundhara_raje.jpg,75000000,8500000,0,91,65,50000000,46500000,"Vasundhara Raje is the elected MLA representing Jhalrapatan, Jhalawar, Rajasthan."
Rajasthan,Jhalawar,AC-RJ-199,Khanpur,MLA,Suresh Gurjar,Male,Indian National Congress,1,Graduate,/assets/placeholder-avatar.svg,75000000,8500000,0,91,65,50000000,46500000,"Suresh Gurjar is the elected MLA representing Khanpur, Jhalawar, Rajasthan."
Rajasthan,Jhalawar,AC-RJ-200,Manohar Thana,MLA,Govind Prasad,Male,Bharatiya Janata Party,1,Graduate,/assets/placeholder-avatar.svg,75000000,8500000,0,91,65,50000000,46500000,"Govind Prasad is the elected MLA representing Manohar Thana, Jhalawar, Rajasthan."
West Bengal,Cooch Behar,AC-WB-1,Mekliganj,MLA,Adhikary Paresh Chandra,Male,All India Trinamool Congress,1,Graduate,/assets/placeholder-avatar.svg,65000000,7500000,0,90,58,60000000,56500000,"Adhikary Paresh Chandra is the elected MLA representing Mekliganj, Cooch Behar, West Bengal."
West Bengal,Cooch Behar,AC-WB-2,Mathabhanga,MLA,Sushil Barman,Male,Bharatiya Janata Party,1,Graduate,/assets/placeholder-avatar.svg,65000000,7500000,0,90,58,60000000,56500000,"Sushil Barman is the elected MLA representing Mathabhanga, Cooch Behar, West Bengal."
West Bengal,Cooch Behar,AC-WB-3,Coochbehar Uttar,MLA,Sukumar Roy,Male,Bharatiya Janata Party,1,Graduate,/assets/placeholder-avatar.svg,65000000,7500000,0,90,58,60000000,56500000,"Sukumar Roy is the elected MLA representing Coochbehar Uttar, Cooch Behar, West Bengal."
West Bengal,Cooch Behar,AC-WB-4,Coochbehar Dakshin,MLA,Nikhil Ranjan Dey,Male,Bharatiya Janata Party,1,Graduate,/assets/placeholder-avatar.svg,65000000,7500000,0,90,58,60000000,56500000,"Nikhil Ranjan Dey is the elected MLA representing Coochbehar Dakshin, Cooch Behar, West Bengal."
West Bengal,Cooch Behar,AC-WB-5,Sitalkuchi,MLA,Baren Chandra Barman,Male,Bharatiya Janata Party,1,Graduate,/assets/placeholder-avatar.svg,65000000,7500000,0,90,58,60000000,56500000,"Baren Chandra Barman is the elected MLA representing Sitalkuchi, Cooch Behar, West Bengal."
West Bengal,Cooch Behar,AC-WB-6,Sitai,MLA,Jagadish Chandra Barma Basunia,Male,All India Trinamool Congress,1,Graduate,/assets/placeholder-avatar.svg,65000000,7500000,0,90,58,60000000,56500000,"Jagadish Chandra Barma Basunia is the elected MLA representing Sitai, Cooch Behar, West Bengal."
West Bengal,Cooch Behar,AC-WB-7,Dinhata,MLA,Nisith Pramanik,Male,Bharatiya Janata Party,1,Graduate,/assets/placeholder-avatar.svg,65000000,7500000,0,90,58,60000000,56500000,"Nisith Pramanik is the elected MLA representing Dinhata, Cooch Behar, West Bengal."
West Bengal,Cooch Behar,AC-WB-8,Natabari,MLA,Mihir Goswami,Male,Bharatiya Janata Party,1,Graduate,/assets/placeholder-avatar.svg,65000000,7500000,0,90,58,60000000,56500000,"Mihir Goswami is the elected MLA representing Natabari, Cooch Behar, West Bengal."
West Bengal,Cooch Behar,AC-WB-9,Tufanganj,MLA,Malati Rava Roy,Male,Bharatiya Janata Party,1,Graduate,/assets/placeholder-avatar.svg,65000000,7500000,0,90,58,60000000,56500000,"Malati Rava Roy is the elected MLA representing Tufanganj, Cooch Behar, West Bengal."
West Bengal,Alipurduar,AC-WB-10,Kumargram,MLA,Manoj Kumar Oraon,Male,Bharatiya Janata Party,1,Graduate,/assets/placeholder-avatar.svg,65000000,7500000,0,90,58,60000000,56500000,"Manoj Kumar Oraon is the elected MLA representing Kumargram, Alipurduar, West Bengal."
West Bengal,Alipurduar,AC-WB-11,Kalchini,MLA,Bishal Lama,Male,Bharatiya Janata Party,1,Graduate,/assets/placeholder-avatar.svg,65000000,7500000,0,90,58,60000000,56500000,"Bishal Lama is the elected MLA representing Kalchini, Alipurduar, West Bengal."
West Bengal,Alipurduar,AC-WB-12,Alipurduars,MLA,Suman Kanjilal,Male,Bharatiya Janata Party,1,Graduate,/assets/placeholder-avatar.svg,65000000,7500000,0,90,58,60000000,56500000,"Suman Kanjilal is the elected MLA representing Alipurduars, Alipurduar, West Bengal."
West Bengal,Alipurduar,AC-WB-13,Falakata,MLA,Dipak Barman,Male,Bharatiya Janata Party,1,Graduate,/assets/placeholder-avatar.svg,65000000,7500000,0,90,58,60000000,56500000,"Dipak Barman is the elected MLA representing Falakata, Alipurduar, West Bengal."
West Bengal,Alipurduar,AC-WB-14,Madarihat,MLA,Manoj Tigga,Male,Bharatiya Janata Party,1,Graduate,/assets/placeholder-avatar.svg,65000000,7500000,0,90,58,60000000,56500000,"Manoj Tigga is the elected MLA representing Madarihat, Alipurduar, West Bengal."
West Bengal,Jalpaiguri,AC-WB-15,Dhupguri,MLA,Bishnu Pada Ray,Male,Bharatiya Janata Party,1,Graduate,/assets/placeholder-avatar.svg,65000000,7500000,0,90,58,60000000,56500000,"Bishnu Pada Ray is the elected MLA representing Dhupguri, Jalpaiguri, West Bengal."
West Bengal,Jalpaiguri,AC-WB-16,Maynaguri,MLA,Kaushik Roy,Male,Bharatiya Janata Party,1,Graduate,/assets/placeholder-avatar.svg,65000000,7500000,0,90,58,60000000,56500000,"Kaushik Roy is the elected MLA representing Maynaguri, Jalpaiguri, West Bengal."
West Bengal,Jalpaiguri,AC-WB-17,Jalpaiguri,MLA,Dr. Pradip Kumar Barma,Male,All India Trinamool Congress,1,Graduate,/assets/placeholder-avatar.svg,65000000,7500000,0,90,58,60000000,56500000,"Dr. Pradip Kumar Barma is the elected MLA representing Jalpaiguri, Jalpaiguri, West Bengal."
West Bengal,Jalpaiguri,AC-WB-18,Rajganj,MLA,Khageswar Roy,Male,All India Trinamool Congress,1,Graduate,/assets/placeholder-avatar.svg,65000000,7500000,0,90,58,60000000,56500000,"Khageswar Roy is the elected MLA representing Rajganj, Jalpaiguri, West Bengal."
West Bengal,Jalpaiguri,AC-WB-19,Dabgram-Fulbari,MLA,Sikha Chatterjee,Male,Bharatiya Janata Party,1,Graduate,/assets/placeholder-avatar.svg,65000000,7500000,0,90,58,60000000,56500000,"Sikha Chatterjee is the elected MLA representing Dabgram-Fulbari, Jalpaiguri, West Bengal."
West Bengal,Jalpaiguri,AC-WB-20,Mal,MLA,Bulu Chik Baraik,Male,All India Trinamool Congress,1,Graduate,/assets/placeholder-avatar.svg,65000000,7500000,0,90,58,60000000,56500000,"Bulu Chik Baraik is the elected MLA representing Mal, Jalpaiguri, West Bengal."
West Bengal,Jalpaiguri,AC-WB-21,Nagrakata,MLA,Puna Bhengra,Male,Bharatiya Janata Party,1,Graduate,/assets/placeholder-avatar.svg,65000000,7500000,0,90,58,60000000,56500000,"Puna Bhengra is the elected MLA representing Nagrakata, Jalpaiguri, West Bengal."
West Bengal,Kalimpong,AC-WB-22,Kalimpong,MLA,Ruden Sada Lepcha,Male,Independent,1,Graduate,/assets/placeholder-avatar.svg,65000000,7500000,0,90,58,60000000,56500000,"Ruden Sada Lepcha is the elected MLA representing Kalimpong, Kalimpong, West Bengal."
West Bengal,Darjeeling,AC-WB-23,Darjeeling,MLA,Neeraj Tamang Zimba,Male,Bharatiya Janata Party,1,Graduate,/assets/placeholder-avatar.svg,65000000,7500000,0,90,58,60000000,56500000,"Neeraj Tamang Zimba is the elected MLA representing Darjeeling, Darjeeling, West Bengal."
West Bengal,Darjeeling,AC-WB-24,Kurseong,MLA,Bishnu Prasad Sharma,Male,Bharatiya Janata Party,1,Graduate,/assets/placeholder-avatar.svg,65000000,7500000,0,90,58,60000000,56500000,"Bishnu Prasad Sharma is the elected MLA representing Kurseong, Darjeeling, West Bengal."
West Bengal,Darjeeling,AC-WB-25,Matigara-Naxalbari,MLA,Anandamay Barman,Male,Bharatiya Janata Party,1,Graduate,/assets/placeholder-avatar.svg,65000000,7500000,0,90,58,60000000,56500000,"Anandamay Barman is the elected MLA representing Matigara-Naxalbari, Darjeeling, West Bengal."
West Bengal,Darjeeling,AC-WB-26,Siliguri,MLA,Sankar Ghosh,Male,Bharatiya Janata Party,1,Graduate,/assets/placeholder-avatar.svg,65000000,7500000,0,90,58,60000000,56500000,"Sankar Ghosh is the elected MLA representing Siliguri, Darjeeling, West Bengal."
West Bengal,Darjeeling,AC-WB-27,Phansidewa,MLA,Durga Murmu,Male,Bharatiya Janata Party,1,Graduate,/assets/placeholder-avatar.svg,65000000,7500000,0,90,58,60000000,56500000,"Durga Murmu is the elected MLA representing Phansidewa, Darjeeling, West Bengal."
West Bengal,Uttar Dinajpur,AC-WB-28,Chopra,MLA,Hamidul Rahaman,Male,All India Trinamool Congress,1,Graduate,/assets/placeholder-avatar.svg,65000000,7500000,0,90,58,60000000,56500000,"Hamidul Rahaman is the elected MLA representing Chopra, Uttar Dinajpur, West Bengal."
West Bengal,Uttar Dinajpur,AC-WB-29,Islampur,MLA,Abdul Karim Chowdhary,Male,All India Trinamool Congress,1,Graduate,/assets/placeholder-avatar.svg,65000000,7500000,0,90,58,60000000,56500000,"Abdul Karim Chowdhary is the elected MLA representing Islampur, Uttar Dinajpur, West Bengal."
West Bengal,Uttar Dinajpur,AC-WB-30,Goalpokhar,MLA,Md. Ghulam Rabbani,Male,All India Trinamool Congress,1,Graduate,/assets/placeholder-avatar.svg,65000000,7500000,0,90,58,60000000,56500000,"Md. Ghulam Rabbani is the elected MLA representing Goalpokhar, Uttar Dinajpur, West Bengal."
West Bengal,Uttar Dinajpur,AC-WB-31,Chakulia,MLA,Azad Minhajul Arfin,Male,All India Trinamool Congress,1,Graduate,/assets/placeholder-avatar.svg,65000000,7500000,0,90,58,60000000,56500000,"Azad Minhajul Arfin is the elected MLA representing Chakulia, Uttar Dinajpur, West Bengal."
West Bengal,Uttar Dinajpur,AC-WB-32,Karandighi,MLA,Goutam Paul,Male,All India Trinamool Congress,1,Graduate,/assets/placeholder-avatar.svg,65000000,7500000,0,90,58,60000000,56500000,"Goutam Paul is the elected MLA representing Karandighi, Uttar Dinajpur, West Bengal."
West Bengal,Uttar Dinajpur,AC-WB-33,Hemtabad,MLA,Satyajit Barman,Male,All India Trinamool Congress,1,Graduate,/assets/placeholder-avatar.svg,65000000,7500000,0,90,58,60000000,56500000,"Satyajit Barman is the elected MLA representing Hemtabad, Uttar Dinajpur, West Bengal."
West Bengal,Uttar Dinajpur,AC-WB-34,Kaliaganj,MLA,Soumen Roy,Male,Bharatiya Janata Party,1,Graduate,/assets/placeholder-avatar.svg,65000000,7500000,0,90,58,60000000,56500000,"Soumen Roy is the elected MLA representing Kaliaganj, Uttar Dinajpur, West Bengal."
West Bengal,Uttar Dinajpur,AC-WB-35,Raiganj,MLA,Krishna Kalyani,Female,Bharatiya Janata Party,1,Graduate,/assets/placeholder-avatar.svg,65000000,7500000,0,90,58,60000000,56500000,"Krishna Kalyani is the elected MLA representing Raiganj, Uttar Dinajpur, West Bengal."
West Bengal,Uttar Dinajpur,AC-WB-36,Itahar,MLA,Mosaraf Hussen,Male,All India Trinamool Congress,1,Graduate,/assets/placeholder-avatar.svg,65000000,7500000,0,90,58,60000000,56500000,"Mosaraf Hussen is the elected MLA representing Itahar, Uttar Dinajpur, West Bengal."
West Bengal,Dakshin Dinajpur,AC-WB-37,Kushmandi,MLA,Rekha Roy,Female,All India Trinamool Congress,1,Graduate,/assets/placeholder-avatar.svg,65000000,7500000,0,90,58,60000000,56500000,"Rekha Roy is the elected MLA representing Kushmandi, Dakshin Dinajpur, West Bengal."
West Bengal,Dakshin Dinajpur,AC-WB-38,Kumarganj,MLA,Toraf Hossain Mandal,Male,All India Trinamool Congress,1,Graduate,/assets/placeholder-avatar.svg,65000000,7500000,0,90,58,60000000,56500000,"Toraf Hossain Mandal is the elected MLA representing Kumarganj, Dakshin Dinajpur, West Bengal."
West Bengal,Dakshin Dinajpur,AC-WB-39,Balurghat,MLA,Ashok Kumar Lahiri,Male,Bharatiya Janata Party,1,Graduate,/assets/placeholder-avatar.svg,65000000,7500000,0,90,58,60000000,56500000,"Ashok Kumar Lahiri is the elected MLA representing Balurghat, Dakshin Dinajpur, West Bengal."
West Bengal,Dakshin Dinajpur,AC-WB-40,Tapan,MLA,Budhrai Tudu,Male,Bharatiya Janata Party,1,Graduate,/assets/placeholder-avatar.svg,65000000,7500000,0,90,58,60000000,56500000,"Budhrai Tudu is the elected MLA representing Tapan, Dakshin Dinajpur, West Bengal."
West Bengal,Dakshin Dinajpur,AC-WB-41,Gangarampur,MLA,Satyendra Nath Ray,Male,Bharatiya Janata Party,1,Graduate,/assets/placeholder-avatar.svg,65000000,7500000,0,90,58,60000000,56500000,"Satyendra Nath Ray is the elected MLA representing Gangarampur, Dakshin Dinajpur, West Bengal."
West Bengal,Dakshin Dinajpur,AC-WB-42,Harirampur,MLA,Biplab Mitra,Male,All India Trinamool Congress,1,Graduate,/assets/placeholder-avatar.svg,65000000,7500000,0,90,58,60000000,56500000,"Biplab Mitra is the elected MLA representing Harirampur, Dakshin Dinajpur, West Bengal."
West Bengal,Malda,AC-WB-43,Habibpur,MLA,Joyel Murmu,Male,Bharatiya Janata Party,1,Graduate,/assets/placeholder-avatar.svg,65000000,7500000,0,90,58,60000000,56500000,"Joyel Murmu is the elected MLA representing Habibpur, Malda, West Bengal."
West Bengal,Malda,AC-WB-44,Gazole,MLA,Chinmoy Deb Barman,Male,Bharatiya Janata Party,1,Graduate,/assets/placeholder-avatar.svg,65000000,7500000,0,90,58,60000000,56500000,"Chinmoy Deb Barman is the elected MLA representing Gazole, Malda, West Bengal."
West Bengal,Malda,AC-WB-45,Chanchal,MLA,Nihar Ranjan Ghosh,Male,All India Trinamool Congress,1,Graduate,/assets/placeholder-avatar.svg,65000000,7500000,0,90,58,60000000,56500000,"Nihar Ranjan Ghosh is the elected MLA representing Chanchal, Malda, West Bengal."
West Bengal,Malda,AC-WB-46,Harischandrapur,MLA,Tajmul Hossain,Male,All India Trinamool Congress,1,Graduate,/assets/placeholder-avatar.svg,65000000,7500000,0,90,58,60000000,56500000,"Tajmul Hossain is the elected MLA representing Harischandrapur, Malda, West Bengal."
West Bengal,Malda,AC-WB-47,Malatipur,MLA,Abdur Rahim Boxi,Male,All India Trinamool Congress,1,Graduate,/assets/placeholder-avatar.svg,65000000,7500000,0,90,58,60000000,56500000,"Abdur Rahim Boxi is the elected MLA representing Malatipur, Malda, West Bengal."
West Bengal,Malda,AC-WB-48,Ratua,MLA,Samar Mukherjee,Male,All India Trinamool Congress,1,Graduate,/assets/placeholder-avatar.svg,65000000,7500000,0,90,58,60000000,56500000,"Samar Mukherjee is the elected MLA representing Ratua, Malda, West Bengal."
West Bengal,Malda,AC-WB-49,Manikchak,MLA,Sabitri Mitra,Male,All India Trinamool Congress,1,Graduate,/assets/placeholder-avatar.svg,65000000,7500000,0,90,58,60000000,56500000,"Sabitri Mitra is the elected MLA representing Manikchak, Malda, West Bengal."
West Bengal,Malda,AC-WB-50,Maldaha,MLA,Gopal Chandra Saha,Male,Bharatiya Janata Party,1,Graduate,/assets/placeholder-avatar.svg,65000000,7500000,0,90,58,60000000,56500000,"Gopal Chandra Saha is the elected MLA representing Maldaha, Malda, West Bengal."
West Bengal,Malda,AC-WB-51,English Bazar,MLA,Sreerupa Mitra Chaudhury,Male,Bharatiya Janata Party,1,Graduate,/assets/placeholder-avatar.svg,65000000,7500000,0,90,58,60000000,56500000,"Sreerupa Mitra Chaudhury is the elected MLA representing English Bazar, Malda, West Bengal."
West Bengal,Malda,AC-WB-52,Mothabari,MLA,Yeasmin Sabina,Female,All India Trinamool Congress,1,Graduate,/assets/placeholder-avatar.svg,65000000,7500000,0,90,58,60000000,56500000,"Yeasmin Sabina is the elected MLA representing Mothabari, Malda, West Bengal."
West Bengal,Malda,AC-WB-53,Sujapur,MLA,Md Abdul Ghani,Male,All India Trinamool Congress,1,Graduate,/assets/placeholder-avatar.svg,65000000,7500000,0,90,58,60000000,56500000,"Md Abdul Ghani is the elected MLA representing Sujapur, Malda, West Bengal."
West Bengal,Malda,AC-WB-54,Baisnabnagar,MLA,Chandana Sarkar,Male,All India Trinamool Congress,1,Graduate,/assets/placeholder-avatar.svg,65000000,7500000,0,90,58,60000000,56500000,"Chandana Sarkar is the elected MLA representing Baisnabnagar, Malda, West Bengal."
West Bengal,Murshidabad,AC-WB-55,Farakka,MLA,Manirul Islam,Male,All India Trinamool Congress,1,Graduate,/assets/placeholder-avatar.svg,65000000,7500000,0,90,58,60000000,56500000,"Manirul Islam is the elected MLA representing Farakka, Murshidabad, West Bengal."
West Bengal,Murshidabad,AC-WB-56,Samserganj,MLA,Amirul Islam,Male,All India Trinamool Congress,1,Graduate,/assets/placeholder-avatar.svg,65000000,7500000,0,90,58,60000000,56500000,"Amirul Islam is the elected MLA representing Samserganj, Murshidabad, West Bengal."
West Bengal,Murshidabad,AC-WB-57,Suti,MLA,Emani Biswas,Male,All India Trinamool Congress,1,Graduate,/assets/placeholder-avatar.svg,65000000,7500000,0,90,58,60000000,56500000,"Emani Biswas is the elected MLA representing Suti, Murshidabad, West Bengal."
West Bengal,Murshidabad,AC-WB-58,Jangipur,MLA,Zakir Hossain,Male,All India Trinamool Congress,1,Graduate,/assets/placeholder-avatar.svg,65000000,7500000,0,90,58,60000000,56500000,"Zakir Hossain is the elected MLA representing Jangipur, Murshidabad, West Bengal."
West Bengal,Murshidabad,AC-WB-59,Raghunathganj,MLA,Akhruzzaman,Male,All India Trinamool Congress,1,Graduate,/assets/placeholder-avatar.svg,65000000,7500000,0,90,58,60000000,56500000,"Akhruzzaman is the elected MLA representing Raghunathganj, Murshidabad, West Bengal."
West Bengal,Murshidabad,AC-WB-60,Sagardighi,MLA,Subrata Saha,Male,All India Trinamool Congress,1,Graduate,/assets/placeholder-avatar.svg,65000000,7500000,0,90,58,60000000,56500000,"Subrata Saha is the elected MLA representing Sagardighi, Murshidabad, West Bengal."
West Bengal,Murshidabad,AC-WB-61,Lalgola,MLA,Ali Mohammad,Male,All India Trinamool Congress,1,Graduate,/assets/placeholder-avatar.svg,65000000,7500000,0,90,58,60000000,56500000,"Ali Mohammad is the elected MLA representing Lalgola, Murshidabad, West Bengal."
West Bengal,Murshidabad,AC-WB-62,Bhagawangola,MLA,Idris Ali,Male,All India Trinamool Congress,1,Graduate,/assets/placeholder-avatar.svg,65000000,7500000,0,90,58,60000000,56500000,"Idris Ali is the elected MLA representing Bhagawangola, Murshidabad, West Bengal."
West Bengal,Murshidabad,AC-WB-63,Raninagar,MLA,Abdul Soumik Hossain,Male,All India Trinamool Congress,1,Graduate,/assets/placeholder-avatar.svg,65000000,7500000,0,90,58,60000000,56500000,"Abdul Soumik Hossain is the elected MLA representing Raninagar, Murshidabad, West Bengal."
West Bengal,Murshidabad,AC-WB-64,Murshidabad,MLA,Gouri Sankar Ghosh,Male,Bharatiya Janata Party,1,Graduate,/assets/placeholder-avatar.svg,65000000,7500000,0,90,58,60000000,56500000,"Gouri Sankar Ghosh is the elected MLA representing Murshidabad, Murshidabad, West Bengal."
West Bengal,Murshidabad,AC-WB-65,Nabagram,MLA,Kanai Chandra Mondal,Male,All India Trinamool Congress,1,Graduate,/assets/placeholder-avatar.svg,65000000,7500000,0,90,58,60000000,56500000,"Kanai Chandra Mondal is the elected MLA representing Nabagram, Murshidabad, West Bengal."
West Bengal,Murshidabad,AC-WB-66,Khargram,MLA,Ashis Marjit,Male,All India Trinamool Congress,1,Graduate,/assets/placeholder-avatar.svg,65000000,7500000,0,90,58,60000000,56500000,"Ashis Marjit is the elected MLA representing Khargram, Murshidabad, West Bengal."
West Bengal,Murshidabad,AC-WB-67,Burwan,MLA,Jiban Krishna Saha,Female,All India Trinamool Congress,1,Graduate,/assets/placeholder-avatar.svg,65000000,7500000,0,90,58,60000000,56500000,"Jiban Krishna Saha is the elected MLA representing Burwan, Murshidabad, West Bengal."
West Bengal,Murshidabad,AC-WB-68,Kandi,MLA,Apurba Sarkar (David),Male,All India Trinamool Congress,1,Graduate,/assets/placeholder-avatar.svg,65000000,7500000,0,90,58,60000000,56500000,"Apurba Sarkar (David) is the elected MLA representing Kandi, Murshidabad, West Bengal."
West Bengal,Murshidabad,AC-WB-69,Bharatpur,MLA,Humayun Kabir,Male,All India Trinamool Congress,1,Graduate,/assets/placeholder-avatar.svg,65000000,7500000,0,90,58,60000000,56500000,"Humayun Kabir is the elected MLA representing Bharatpur, Murshidabad, West Bengal."
West Bengal,Murshidabad,AC-WB-70,Rejinagar,MLA,Rabiul Alam Chowdhury,Male,All India Trinamool Congress,1,Graduate,/assets/placeholder-avatar.svg,65000000,7500000,0,90,58,60000000,56500000,"Rabiul Alam Chowdhury is the elected MLA representing Rejinagar, Murshidabad, West Bengal."
West Bengal,Murshidabad,AC-WB-71,Beldanga,MLA,Hasanuzzaman Sk,Male,All India Trinamool Congress,1,Graduate,/assets/placeholder-avatar.svg,65000000,7500000,0,90,58,60000000,56500000,"Hasanuzzaman Sk is the elected MLA representing Beldanga, Murshidabad, West Bengal."
West Bengal,Murshidabad,AC-WB-72,Baharampur,MLA,Subrata Maitra (Kanchan),Male,Bharatiya Janata Party,1,Graduate,/assets/placeholder-avatar.svg,65000000,7500000,0,90,58,60000000,56500000,"Subrata Maitra (Kanchan) is the elected MLA representing Baharampur, Murshidabad, West Bengal."
West Bengal,Murshidabad,AC-WB-73,Hariharpara,MLA,Niamot Sheikh,Male,All India Trinamool Congress,1,Graduate,/assets/placeholder-avatar.svg,65000000,7500000,0,90,58,60000000,56500000,"Niamot Sheikh is the elected MLA representing Hariharpara, Murshidabad, West Bengal."
West Bengal,Murshidabad,AC-WB-74,Nowda,MLA,Sahina Momtaz Khan,Male,All India Trinamool Congress,1,Graduate,/assets/placeholder-avatar.svg,65000000,7500000,0,90,58,60000000,56500000,"Sahina Momtaz Khan is the elected MLA representing Nowda, Murshidabad, West Bengal."
West Bengal,Murshidabad,AC-WB-75,Domkal,MLA,Jafikul Islam,Male,All India Trinamool Congress,1,Graduate,/assets/placeholder-avatar.svg,65000000,7500000,0,90,58,60000000,56500000,"Jafikul Islam is the elected MLA representing Domkal, Murshidabad, West Bengal."
West Bengal,Murshidabad,AC-WB-76,Jalangi,MLA,Abdur Razzak,Male,All India Trinamool Congress,1,Graduate,/assets/placeholder-avatar.svg,65000000,7500000,0,90,58,60000000,56500000,"Abdur Razzak is the elected MLA representing Jalangi, Murshidabad, West Bengal."
West Bengal,Nadia,AC-WB-77,Karimpur,MLA,Bimalendu Sinha Roy,Male,All India Trinamool Congress,1,Graduate,/assets/placeholder-avatar.svg,65000000,7500000,0,90,58,60000000,56500000,"Bimalendu Sinha Roy is the elected MLA representing Karimpur, Nadia, West Bengal."
West Bengal,Nadia,AC-WB-78,Tehatta,MLA,Tapas Kumar Saha,Male,All India Trinamool Congress,1,Graduate,/assets/placeholder-avatar.svg,65000000,7500000,0,90,58,60000000,56500000,"Tapas Kumar Saha is the elected MLA representing Tehatta, Nadia, West Bengal."
West Bengal,Nadia,AC-WB-79,Palashipara,MLA,Dr. Manik Bhattacharya,Male,All India Trinamool Congress,1,Graduate,/assets/placeholder-avatar.svg,65000000,7500000,0,90,58,60000000,56500000,"Dr. Manik Bhattacharya is the elected MLA representing Palashipara, Nadia, West Bengal."
West Bengal,Nadia,AC-WB-80,Kaliganj,MLA,Nasiruddin Ahamed (Lal),Male,All India Trinamool Congress,1,Graduate,/assets/placeholder-avatar.svg,65000000,7500000,0,90,58,60000000,56500000,"Nasiruddin Ahamed (Lal) is the elected MLA representing Kaliganj, Nadia, West Bengal."
West Bengal,Nadia,AC-WB-81,Nakashipara,MLA,Kallol Khan,Male,All India Trinamool Congress,1,Graduate,/assets/placeholder-avatar.svg,65000000,7500000,0,90,58,60000000,56500000,"Kallol Khan is the elected MLA representing Nakashipara, Nadia, West Bengal."
West Bengal,Nadia,AC-WB-82,Chapra,MLA,Rukbanur Rahman,Male,All India Trinamool Congress,1,Graduate,/assets/placeholder-avatar.svg,65000000,7500000,0,90,58,60000000,56500000,"Rukbanur Rahman is the elected MLA representing Chapra, Nadia, West Bengal."
West Bengal,Nadia,AC-WB-83,Krishnanagar Uttar,MLA,Mukul Roy,Male,Bharatiya Janata Party,1,Graduate,/assets/placeholder-avatar.svg,65000000,7500000,0,90,58,60000000,56500000,"Mukul Roy is the elected MLA representing Krishnanagar Uttar, Nadia, West Bengal."
West Bengal,Nadia,AC-WB-84,Nabadwip,MLA,Pundarikakshya Saha,Male,All India Trinamool Congress,1,Graduate,/assets/placeholder-avatar.svg,65000000,7500000,0,90,58,60000000,56500000,"Pundarikakshya Saha is the elected MLA representing Nabadwip, Nadia, West Bengal."
West Bengal,Nadia,AC-WB-85,Krishnanagar Dakshin,MLA,Ujjal Biswas,Male,All India Trinamool Congress,1,Graduate,/assets/placeholder-avatar.svg,65000000,7500000,0,90,58,60000000,56500000,"Ujjal Biswas is the elected MLA representing Krishnanagar Dakshin, Nadia, West Bengal."
West Bengal,Nadia,AC-WB-86,Santipur,MLA,Jagannath Sarkar,Male,Bharatiya Janata Party,1,Graduate,/assets/placeholder-avatar.svg,65000000,7500000,0,90,58,60000000,56500000,"Jagannath Sarkar is the elected MLA representing Santipur, Nadia, West Bengal."
West Bengal,Nadia,AC-WB-87,Ranaghat Uttar Paschim,MLA,Parthasarathi Chatterjee,Male,Bharatiya Janata Party,1,Graduate,/assets/placeholder-avatar.svg,65000000,7500000,0,90,58,60000000,56500000,"Parthasarathi Chatterjee is the elected MLA representing Ranaghat Uttar Paschim, Nadia, West Bengal."
West Bengal,Nadia,AC-WB-88,Krishnaganj,MLA,Ashis Kumar Biswas,Male,Bharatiya Janata Party,1,Graduate,/assets/placeholder-avatar.svg,65000000,7500000,0,90,58,60000000,56500000,"Ashis Kumar Biswas is the elected MLA representing Krishnaganj, Nadia, West Bengal."
West Bengal,Nadia,AC-WB-89,Ranaghat Uttar Purba,MLA,Ashim Biswas,Male,Bharatiya Janata Party,1,Graduate,/assets/placeholder-avatar.svg,65000000,7500000,0,90,58,60000000,56500000,"Ashim Biswas is the elected MLA representing Ranaghat Uttar Purba, Nadia, West Bengal."
West Bengal,Nadia,AC-WB-90,Ranaghat Dakshin,MLA,Mukut Mani Adhikari,Male,Bharatiya Janata Party,1,Graduate,/assets/placeholder-avatar.svg,65000000,7500000,0,90,58,60000000,56500000,"Mukut Mani Adhikari is the elected MLA representing Ranaghat Dakshin, Nadia, West Bengal."
West Bengal,Nadia,AC-WB-91,Chakdaha,MLA,Bankim Chandra Ghosh,Male,Bharatiya Janata Party,1,Graduate,/assets/placeholder-avatar.svg,65000000,7500000,0,90,58,60000000,56500000,"Bankim Chandra Ghosh is the elected MLA representing Chakdaha, Nadia, West Bengal."
West Bengal,Nadia,AC-WB-92,Kalyani,MLA,Ambika Roy,Female,Bharatiya Janata Party,1,Graduate,/assets/placeholder-avatar.svg,65000000,7500000,0,90,58,60000000,56500000,"Ambika Roy is the elected MLA representing Kalyani, Nadia, West Bengal."
West Bengal,Nadia,AC-WB-93,Haringhata,MLA,Asim Kumar Sarkar,Male,Bharatiya Janata Party,1,Graduate,/assets/placeholder-avatar.svg,65000000,7500000,0,90,58,60000000,56500000,"Asim Kumar Sarkar is the elected MLA representing Haringhata, Nadia, West Bengal."
West Bengal,North 24 Parganas,AC-WB-94,Bagda,MLA,Biswajit Das,Male,Bharatiya Janata Party,1,Graduate,/assets/placeholder-avatar.svg,65000000,7500000,0,90,58,60000000,56500000,"Biswajit Das is the elected MLA representing Bagda, North 24 Parganas, West Bengal."
West Bengal,North 24 Parganas,AC-WB-95,Bangaon Uttar,MLA,Ashok Kirtania,Male,Bharatiya Janata Party,1,Graduate,/assets/placeholder-avatar.svg,65000000,7500000,0,90,58,60000000,56500000,"Ashok Kirtania is the elected MLA representing Bangaon Uttar, North 24 Parganas, West Bengal."
West Bengal,North 24 Parganas,AC-WB-96,Bangaon Dakshin,MLA,Swapan Majumder,Male,Bharatiya Janata Party,1,Graduate,/assets/placeholder-avatar.svg,65000000,7500000,0,90,58,60000000,56500000,"Swapan Majumder is the elected MLA representing Bangaon Dakshin, North 24 Parganas, West Bengal."
West Bengal,North 24 Parganas,AC-WB-97,Gaighata,MLA,Subrata Thakur,Male,Bharatiya Janata Party,1,Graduate,/assets/placeholder-avatar.svg,65000000,7500000,0,90,58,60000000,56500000,"Subrata Thakur is the elected MLA representing Gaighata, North 24 Parganas, West Bengal."
West Bengal,North 24 Parganas,AC-WB-98,Swarupnagar,MLA,Bina Mondal,Male,All India Trinamool Congress,1,Graduate,/assets/placeholder-avatar.svg,65000000,7500000,0,90,58,60000000,56500000,"Bina Mondal is the elected MLA representing Swarupnagar, North 24 Parganas, West Bengal."
West Bengal,North 24 Parganas,AC-WB-99,Baduria,MLA,Abdur Rahim Quazi,Male,All India Trinamool Congress,1,Graduate,/assets/placeholder-avatar.svg,65000000,7500000,0,90,58,60000000,56500000,"Abdur Rahim Quazi is the elected MLA representing Baduria, North 24 Parganas, West Bengal."
West Bengal,North 24 Parganas,AC-WB-100,Habra,MLA,Jyoti Priya Mallick,Male,All India Trinamool Congress,1,Graduate,/assets/placeholder-avatar.svg,65000000,7500000,0,90,58,60000000,56500000,"Jyoti Priya Mallick is the elected MLA representing Habra, North 24 Parganas, West Bengal."
West Bengal,North 24 Parganas,AC-WB-101,Ashoknagar,MLA,Narayan Goswami,Male,All India Trinamool Congress,1,Graduate,/assets/placeholder-avatar.svg,65000000,7500000,0,90,58,60000000,56500000,"Narayan Goswami is the elected MLA representing Ashoknagar, North 24 Parganas, West Bengal."
West Bengal,North 24 Parganas,AC-WB-102,Amdanga,MLA,Rafiqur Rahaman,Male,All India Trinamool Congress,1,Graduate,/assets/placeholder-avatar.svg,65000000,7500000,0,90,58,60000000,56500000,"Rafiqur Rahaman is the elected MLA representing Amdanga, North 24 Parganas, West Bengal."
West Bengal,North 24 Parganas,AC-WB-103,Bijpur,MLA,Subodh Adhikary,Male,All India Trinamool Congress,1,Graduate,/assets/placeholder-avatar.svg,65000000,7500000,0,90,58,60000000,56500000,"Subodh Adhikary is the elected MLA representing Bijpur, North 24 Parganas, West Bengal."
West Bengal,North 24 Parganas,AC-WB-104,Naihati,MLA,Partha Bhowmick,Male,All India Trinamool Congress,1,Graduate,/assets/placeholder-avatar.svg,65000000,7500000,0,90,58,60000000,56500000,"Partha Bhowmick is the elected MLA representing Naihati, North 24 Parganas, West Bengal."
West Bengal,North 24 Parganas,AC-WB-105,Bhatpara,MLA,Pawan Kumar Singh,Male,Bharatiya Janata Party,1,Graduate,/assets/placeholder-avatar.svg,65000000,7500000,0,90,58,60000000,56500000,"Pawan Kumar Singh is the elected MLA representing Bhatpara, North 24 Parganas, West Bengal."
West Bengal,North 24 Parganas,AC-WB-106,Jagatdal,MLA,Somenath Shyam Ichini,Male,All India Trinamool Congress,1,Graduate,/assets/placeholder-avatar.svg,65000000,7500000,0,90,58,60000000,56500000,"Somenath Shyam Ichini is the elected MLA representing Jagatdal, North 24 Parganas, West Bengal."
West Bengal,North 24 Parganas,AC-WB-107,Noapara,MLA,Manju Basu,Female,All India Trinamool Congress,1,Graduate,/assets/placeholder-avatar.svg,65000000,7500000,0,90,58,60000000,56500000,"Manju Basu is the elected MLA representing Noapara, North 24 Parganas, West Bengal."
West Bengal,North 24 Parganas,AC-WB-108,Barrackpur,MLA,Raju Chakraborty (Raj),Male,All India Trinamool Congress,1,Graduate,/assets/placeholder-avatar.svg,65000000,7500000,0,90,58,60000000,56500000,"Raju Chakraborty (Raj) is the elected MLA representing Barrackpur, North 24 Parganas, West Bengal."
West Bengal,North 24 Parganas,AC-WB-109,Khardaha,MLA,Kajal Sinha,Male,All India Trinamool Congress,1,Graduate,/assets/placeholder-avatar.svg,65000000,7500000,0,90,58,60000000,56500000,"Kajal Sinha is the elected MLA representing Khardaha, North 24 Parganas, West Bengal."
West Bengal,North 24 Parganas,AC-WB-110,Dum Dum Uttar,MLA,Chandrima Bhattacharya,Female,All India Trinamool Congress,1,Graduate,/assets/placeholder-avatar.svg,65000000,7500000,0,90,58,60000000,56500000,"Chandrima Bhattacharya is the elected MLA representing Dum Dum Uttar, North 24 Parganas, West Bengal."
West Bengal,North 24 Parganas,AC-WB-111,Panihati,MLA,Nirmal Ghosh,Male,All India Trinamool Congress,1,Graduate,/assets/placeholder-avatar.svg,65000000,7500000,0,90,58,60000000,56500000,"Nirmal Ghosh is the elected MLA representing Panihati, North 24 Parganas, West Bengal."
West Bengal,North 24 Parganas,AC-WB-112,Kamarhati,MLA,Madan Mitra,Male,All India Trinamool Congress,1,Graduate,/assets/placeholder-avatar.svg,65000000,7500000,0,90,58,60000000,56500000,"Madan Mitra is the elected MLA representing Kamarhati, North 24 Parganas, West Bengal."
West Bengal,North 24 Parganas,AC-WB-113,Baranagar,MLA,Tapas Roy,Male,All India Trinamool Congress,1,Graduate,/assets/placeholder-avatar.svg,65000000,7500000,0,90,58,60000000,56500000,"Tapas Roy is the elected MLA representing Baranagar, North 24 Parganas, West Bengal."
West Bengal,North 24 Parganas,AC-WB-114,Dum Dum,MLA,Bratya Basu,Male,All India Trinamool Congress,1,Graduate,/assets/placeholder-avatar.svg,65000000,7500000,0,90,58,60000000,56500000,"Bratya Basu is the elected MLA representing Dum Dum, North 24 Parganas, West Bengal."
West Bengal,North 24 Parganas,AC-WB-115,Rajarhat New Town,MLA,Tapash Chatterjee,Male,All India Trinamool Congress,1,Graduate,/assets/placeholder-avatar.svg,65000000,7500000,0,90,58,60000000,56500000,"Tapash Chatterjee is the elected MLA representing Rajarhat New Town, North 24 Parganas, West Bengal."
West Bengal,North 24 Parganas,AC-WB-116,Bidhannagar,MLA,Sujit Bose,Male,All India Trinamool Congress,1,Graduate,/assets/placeholder-avatar.svg,65000000,7500000,0,90,58,60000000,56500000,"Sujit Bose is the elected MLA representing Bidhannagar, North 24 Parganas, West Bengal."
West Bengal,North 24 Parganas,AC-WB-117,Rajarhat Gopalpur,MLA,Aditi Munshi,Female,All India Trinamool Congress,1,Graduate,/assets/placeholder-avatar.svg,65000000,7500000,0,90,58,60000000,56500000,"Aditi Munshi is the elected MLA representing Rajarhat Gopalpur, North 24 Parganas, West Bengal."
West Bengal,North 24 Parganas,AC-WB-118,Madhyamgram,MLA,Rathin Ghosh,Male,All India Trinamool Congress,1,Graduate,/assets/placeholder-avatar.svg,65000000,7500000,0,90,58,60000000,56500000,"Rathin Ghosh is the elected MLA representing Madhyamgram, North 24 Parganas, West Bengal."
West Bengal,North 24 Parganas,AC-WB-119,Barasat,MLA,Chiranjeet Chakrabarti,Male,All India Trinamool Congress,1,Graduate,/assets/placeholder-avatar.svg,65000000,7500000,0,90,58,60000000,56500000,"Chiranjeet Chakrabarti is the elected MLA representing Barasat, North 24 Parganas, West Bengal."
West Bengal,North 24 Parganas,AC-WB-120,Deganga,MLA,Rahima Mondal,Male,All India Trinamool Congress,1,Graduate,/assets/placeholder-avatar.svg,65000000,7500000,0,90,58,60000000,56500000,"Rahima Mondal is the elected MLA representing Deganga, North 24 Parganas, West Bengal."
West Bengal,North 24 Parganas,AC-WB-121,Haroa,MLA,Islam Sk Nurul (Haji),Male,All India Trinamool Congress,1,Graduate,/assets/placeholder-avatar.svg,65000000,7500000,0,90,58,60000000,56500000,"Islam Sk Nurul (Haji) is the elected MLA representing Haroa, North 24 Parganas, West Bengal."
West Bengal,North 24 Parganas,AC-WB-122,Minakhan,MLA,Usha Rani Mondal,Female,All India Trinamool Congress,1,Graduate,/assets/placeholder-avatar.svg,65000000,7500000,0,90,58,60000000,56500000,"Usha Rani Mondal is the elected MLA representing Minakhan, North 24 Parganas, West Bengal."
West Bengal,North 24 Parganas,AC-WB-123,Sandeshkhali,MLA,Sukumar Mahata,Male,All India Trinamool Congress,1,Graduate,/assets/placeholder-avatar.svg,65000000,7500000,0,90,58,60000000,56500000,"Sukumar Mahata is the elected MLA representing Sandeshkhali, North 24 Parganas, West Bengal."
West Bengal,North 24 Parganas,AC-WB-124,Basirhat Dakshin,MLA,Dr. Saptarshi Banerjee,Male,All India Trinamool Congress,1,Graduate,/assets/placeholder-avatar.svg,65000000,7500000,0,90,58,60000000,56500000,"Dr. Saptarshi Banerjee is the elected MLA representing Basirhat Dakshin, North 24 Parganas, West Bengal."
West Bengal,North 24 Parganas,AC-WB-125,Basirhat Uttar,MLA,Rafikul Islam Mondal,Male,All India Trinamool Congress,1,Graduate,/assets/placeholder-avatar.svg,65000000,7500000,0,90,58,60000000,56500000,"Rafikul Islam Mondal is the elected MLA representing Basirhat Uttar, North 24 Parganas, West Bengal."
West Bengal,North 24 Parganas,AC-WB-126,Hingalganj,MLA,Debes Mandal,Male,All India Trinamool Congress,1,Graduate,/assets/placeholder-avatar.svg,65000000,7500000,0,90,58,60000000,56500000,"Debes Mandal is the elected MLA representing Hingalganj, North 24 Parganas, West Bengal."
West Bengal,South 24 Parganas,AC-WB-127,Gosaba,MLA,Jayanta Naskar,Male,All India Trinamool Congress,1,Graduate,/assets/placeholder-avatar.svg,65000000,7500000,0,90,58,60000000,56500000,"Jayanta Naskar is the elected MLA representing Gosaba, South 24 Parganas, West Bengal."
West Bengal,South 24 Parganas,AC-WB-128,Basanti,MLA,Shyamal Mondal,Male,All India Trinamool Congress,1,Graduate,/assets/placeholder-avatar.svg,65000000,7500000,0,90,58,60000000,56500000,"Shyamal Mondal is the elected MLA representing Basanti, South 24 Parganas, West Bengal."
West Bengal,South 24 Parganas,AC-WB-129,Kultali,MLA,Ganesh Chandra Mondal,Male,All India Trinamool Congress,1,Graduate,/assets/placeholder-avatar.svg,65000000,7500000,0,90,58,60000000,56500000,"Ganesh Chandra Mondal is the elected MLA representing Kultali, South 24 Parganas, West Bengal."
West Bengal,South 24 Parganas,AC-WB-130,Patharpratima,MLA,Samir Kumar Jana,Male,All India Trinamool Congress,1,Graduate,/assets/placeholder-avatar.svg,65000000,7500000,0,90,58,60000000,56500000,"Samir Kumar Jana is the elected MLA representing Patharpratima, South 24 Parganas, West Bengal."
West Bengal,South 24 Parganas,AC-WB-131,Kakdwip,MLA,Manturam Pakhira,Male,All India Trinamool Congress,1,Graduate,/assets/placeholder-avatar.svg,65000000,7500000,0,90,58,60000000,56500000,"Manturam Pakhira is the elected MLA representing Kakdwip, South 24 Parganas, West Bengal."
West Bengal,South 24 Parganas,AC-WB-132,Sagar,MLA,Bankim Chandra Hazra,Male,All India Trinamool Congress,1,Graduate,/assets/placeholder-avatar.svg,65000000,7500000,0,90,58,60000000,56500000,"Bankim Chandra Hazra is the elected MLA representing Sagar, South 24 Parganas, West Bengal."
West Bengal,South 24 Parganas,AC-WB-133,Kulpi,MLA,Jogaranjan Halder,Male,All India Trinamool Congress,1,Graduate,/assets/placeholder-avatar.svg,65000000,7500000,0,90,58,60000000,56500000,"Jogaranjan Halder is the elected MLA representing Kulpi, South 24 Parganas, West Bengal."
West Bengal,South 24 Parganas,AC-WB-134,Raidighi,MLA,Aloke Jaldata,Male,All India Trinamool Congress,1,Graduate,/assets/placeholder-avatar.svg,65000000,7500000,0,90,58,60000000,56500000,"Aloke Jaldata is the elected MLA representing Raidighi, South 24 Parganas, West Bengal."
West Bengal,South 24 Parganas,AC-WB-135,Mandirbazar,MLA,Joydeb Halder,Male,All India Trinamool Congress,1,Graduate,/assets/placeholder-avatar.svg,65000000,7500000,0,90,58,60000000,56500000,"Joydeb Halder is the elected MLA representing Mandirbazar, South 24 Parganas, West Bengal."
West Bengal,South 24 Parganas,AC-WB-136,Jaynagar,MLA,Biswanath Das,Male,All India Trinamool Congress,1,Graduate,/assets/placeholder-avatar.svg,65000000,7500000,0,90,58,60000000,56500000,"Biswanath Das is the elected MLA representing Jaynagar, South 24 Parganas, West Bengal."
West Bengal,South 24 Parganas,AC-WB-137,Baruipur Purba,MLA,Bivas Sardar (Vobo),Male,All India Trinamool Congress,1,Graduate,/assets/placeholder-avatar.svg,65000000,7500000,0,90,58,60000000,56500000,"Bivas Sardar (Vobo) is the elected MLA representing Baruipur Purba, South 24 Parganas, West Bengal."
West Bengal,South 24 Parganas,AC-WB-138,Canning Paschim,MLA,Paresh Ram Das,Male,All India Trinamool Congress,1,Graduate,/assets/placeholder-avatar.svg,65000000,7500000,0,90,58,60000000,56500000,"Paresh Ram Das is the elected MLA representing Canning Paschim, South 24 Parganas, West Bengal."
West Bengal,South 24 Parganas,AC-WB-139,Canning Purba,MLA,Saokat Molla,Male,All India Trinamool Congress,1,Graduate,/assets/placeholder-avatar.svg,65000000,7500000,0,90,58,60000000,56500000,"Saokat Molla is the elected MLA representing Canning Purba, South 24 Parganas, West Bengal."
West Bengal,South 24 Parganas,AC-WB-140,Baruipur Paschim,MLA,Biman Banerjee,Male,All India Trinamool Congress,1,Graduate,/assets/placeholder-avatar.svg,65000000,7500000,0,90,58,60000000,56500000,"Biman Banerjee is the elected MLA representing Baruipur Paschim, South 24 Parganas, West Bengal."
West Bengal,South 24 Parganas,AC-WB-141,Magrahat Purba,MLA,Namita Saha,Female,All India Trinamool Congress,1,Graduate,/assets/placeholder-avatar.svg,65000000,7500000,0,90,58,60000000,56500000,"Namita Saha is the elected MLA representing Magrahat Purba, South 24 Parganas, West Bengal."
West Bengal,South 24 Parganas,AC-WB-142,Magrahat Paschim,MLA,Gias Uddin Molla,Male,All India Trinamool Congress,1,Graduate,/assets/placeholder-avatar.svg,65000000,7500000,0,90,58,60000000,56500000,"Gias Uddin Molla is the elected MLA representing Magrahat Paschim, South 24 Parganas, West Bengal."
West Bengal,South 24 Parganas,AC-WB-143,Diamond Harbour,MLA,Pannalal Halder,Male,All India Trinamool Congress,1,Graduate,/assets/placeholder-avatar.svg,65000000,7500000,0,90,58,60000000,56500000,"Pannalal Halder is the elected MLA representing Diamond Harbour, South 24 Parganas, West Bengal."
West Bengal,South 24 Parganas,AC-WB-144,Falta,MLA,Sankar Kumar Naskar,Male,All India Trinamool Congress,1,Graduate,/assets/placeholder-avatar.svg,65000000,7500000,0,90,58,60000000,56500000,"Sankar Kumar Naskar is the elected MLA representing Falta, South 24 Parganas, West Bengal."
West Bengal,South 24 Parganas,AC-WB-145,Satgachhia,MLA,Mohan Chandra Naskar,Male,All India Trinamool Congress,1,Graduate,/assets/placeholder-avatar.svg,65000000,7500000,0,90,58,60000000,56500000,"Mohan Chandra Naskar is the elected MLA representing Satgachhia, South 24 Parganas, West Bengal."
West Bengal,South 24 Parganas,AC-WB-146,Bishnupur,MLA,Dilip Mondal,Male,All India Trinamool Congress,1,Graduate,/assets/placeholder-avatar.svg,65000000,7500000,0,90,58,60000000,56500000,"Dilip Mondal is the elected MLA representing Bishnupur, South 24 Parganas, West Bengal."
West Bengal,South 24 Parganas,AC-WB-147,Sonarpur Dakshin,MLA,Arundhuti Maitra (Lovely),Male,All India Trinamool Congress,1,Graduate,/assets/placeholder-avatar.svg,65000000,7500000,0,90,58,60000000,56500000,"Arundhuti Maitra (Lovely) is the elected MLA representing Sonarpur Dakshin, South 24 Parganas, West Bengal."
West Bengal,South 24 Parganas,AC-WB-148,Bhangar,MLA,Md. Nawsad Siddique,Male,Indian Secular Front,1,Graduate,/assets/placeholder-avatar.svg,65000000,7500000,0,90,58,60000000,56500000,"Md. Nawsad Siddique is the elected MLA representing Bhangar, South 24 Parganas, West Bengal."
West Bengal,South 24 Parganas,AC-WB-149,Kasba,MLA,Ahmed Javed Khan,Male,All India Trinamool Congress,1,Graduate,/assets/placeholder-avatar.svg,65000000,7500000,0,90,58,60000000,56500000,"Ahmed Javed Khan is the elected MLA representing Kasba, South 24 Parganas, West Bengal."
West Bengal,South 24 Parganas,AC-WB-150,Jadavpur,MLA,Debabrata Majumdar (Malay),Male,All India Trinamool Congress,1,Graduate,/assets/placeholder-avatar.svg,65000000,7500000,0,90,58,60000000,56500000,"Debabrata Majumdar (Malay) is the elected MLA representing Jadavpur, South 24 Parganas, West Bengal."
West Bengal,South 24 Parganas,AC-WB-151,Sonarpur Uttar,MLA,Firdousi Begum,Female,All India Trinamool Congress,1,Graduate,/assets/placeholder-avatar.svg,65000000,7500000,0,90,58,60000000,56500000,"Firdousi Begum is the elected MLA representing Sonarpur Uttar, South 24 Parganas, West Bengal."
West Bengal,South 24 Parganas,AC-WB-152,Tollyganj,MLA,Aroop Biswas,Male,All India Trinamool Congress,3,Graduate,/assets/candidates/aroop_biswas.jpg,65000000,7500000,0,90,58,60000000,56500000,"Aroop Biswas is the elected MLA representing Tollyganj, South 24 Parganas, West Bengal."
West Bengal,South 24 Parganas,AC-WB-153,Behala Purba,MLA,Ratna Chatterjee,Male,All India Trinamool Congress,1,Graduate,/assets/placeholder-avatar.svg,65000000,7500000,0,90,58,60000000,56500000,"Ratna Chatterjee is the elected MLA representing Behala Purba, South 24 Parganas, West Bengal."
West Bengal,South 24 Parganas,AC-WB-154,Behala Paschim,MLA,Partha Chatterjee,Male,All India Trinamool Congress,1,Graduate,/assets/placeholder-avatar.svg,65000000,7500000,0,90,58,60000000,56500000,"Partha Chatterjee is the elected MLA representing Behala Paschim, South 24 Parganas, West Bengal."
West Bengal,South 24 Parganas,AC-WB-155,Maheshtala,MLA,Dulal Chandra Das,Male,All India Trinamool Congress,1,Graduate,/assets/placeholder-avatar.svg,65000000,7500000,0,90,58,60000000,56500000,"Dulal Chandra Das is the elected MLA representing Maheshtala, South 24 Parganas, West Bengal."
West Bengal,South 24 Parganas,AC-WB-156,Budge Budge,MLA,Ashok Kumar Deb,Male,All India Trinamool Congress,1,Graduate,/assets/placeholder-avatar.svg,65000000,7500000,0,90,58,60000000,56500000,"Ashok Kumar Deb is the elected MLA representing Budge Budge, South 24 Parganas, West Bengal."
West Bengal,South 24 Parganas,AC-WB-157,Metiaburuz,MLA,Abdul Khaleque Molla,Male,All India Trinamool Congress,1,Graduate,/assets/placeholder-avatar.svg,65000000,7500000,0,90,58,60000000,56500000,"Abdul Khaleque Molla is the elected MLA representing Metiaburuz, South 24 Parganas, West Bengal."
West Bengal,Kolkata,AC-WB-158,Kolkata Port,MLA,Firhad Hakim,Male,All India Trinamool Congress,3,Graduate,/assets/candidates/firhad_hakim.jpg,65000000,7500000,0,90,58,60000000,56500000,"Firhad Hakim is the elected MLA representing Kolkata Port, Kolkata, West Bengal."
West Bengal,Kolkata,AC-WB-159,Bhabanipur,MLA / Former Chief Minister,Mamata Banerjee,Female,All India Trinamool Congress,3,Graduate,/assets/candidates/mamata_banerjee.jpg,98000000,7500000,0,90,58,60000000,56500000,"Mamata Banerjee is the elected Chief Minister of West Bengal representing Bhabanipur, Kolkata, West Bengal."
West Bengal,Kolkata,AC-WB-160,Rashbehari,MLA,Debasish Kumar,Male,All India Trinamool Congress,1,Graduate,/assets/placeholder-avatar.svg,65000000,7500000,0,90,58,60000000,56500000,"Debasish Kumar is the elected MLA representing Rashbehari, Kolkata, West Bengal."
West Bengal,Kolkata,AC-WB-161,Ballygunge,MLA,Subrata Mukherjee,Male,All India Trinamool Congress,1,Graduate,/assets/placeholder-avatar.svg,65000000,7500000,0,90,58,60000000,56500000,"Subrata Mukherjee is the elected MLA representing Ballygunge, Kolkata, West Bengal."
West Bengal,Kolkata,AC-WB-162,Chowrangee,MLA,Bandyopadhyay Nayna,Male,All India Trinamool Congress,1,Graduate,/assets/placeholder-avatar.svg,65000000,7500000,0,90,58,60000000,56500000,"Bandyopadhyay Nayna is the elected MLA representing Chowrangee, Kolkata, West Bengal."
West Bengal,Kolkata,AC-WB-163,Entally,MLA,Swarna Kamal Saha,Male,All India Trinamool Congress,1,Graduate,/assets/placeholder-avatar.svg,65000000,7500000,0,90,58,60000000,56500000,"Swarna Kamal Saha is the elected MLA representing Entally, Kolkata, West Bengal."
West Bengal,Kolkata,AC-WB-164,Beleghata,MLA,Paresh Paul,Male,All India Trinamool Congress,1,Graduate,/assets/placeholder-avatar.svg,65000000,7500000,0,90,58,60000000,56500000,"Paresh Paul is the elected MLA representing Beleghata, Kolkata, West Bengal."
West Bengal,Kolkata,AC-WB-165,Jorasanko,MLA,Vivek Gupta,Male,All India Trinamool Congress,1,Graduate,/assets/placeholder-avatar.svg,65000000,7500000,0,90,58,60000000,56500000,"Vivek Gupta is the elected MLA representing Jorasanko, Kolkata, West Bengal."
West Bengal,Kolkata,AC-WB-166,Shyampukur,MLA,Dr. Shashi Panja,Female,All India Trinamool Congress,1,Graduate,/assets/placeholder-avatar.svg,65000000,7500000,0,90,58,60000000,56500000,"Dr. Shashi Panja is the elected MLA representing Shyampukur, Kolkata, West Bengal."
West Bengal,Kolkata,AC-WB-167,Maniktala,MLA,Sadhan Pande,Male,All India Trinamool Congress,1,Graduate,/assets/placeholder-avatar.svg,65000000,7500000,0,90,58,60000000,56500000,"Sadhan Pande is the elected MLA representing Maniktala, Kolkata, West Bengal."
West Bengal,Kolkata,AC-WB-168,Kashipur-Belgachhia,MLA,Atin Ghosh,Male,All India Trinamool Congress,1,Graduate,/assets/placeholder-avatar.svg,65000000,7500000,0,90,58,60000000,56500000,"Atin Ghosh is the elected MLA representing Kashipur-Belgachhia, Kolkata, West Bengal."
West Bengal,Howrah,AC-WB-169,Bally,MLA,Rana Chatterjee,Male,All India Trinamool Congress,1,Graduate,/assets/placeholder-avatar.svg,65000000,7500000,0,90,58,60000000,56500000,"Rana Chatterjee is the elected MLA representing Bally, Howrah, West Bengal."
West Bengal,Howrah,AC-WB-170,Howrah Uttar,MLA,Gautam Chowdhuri,Male,All India Trinamool Congress,1,Graduate,/assets/placeholder-avatar.svg,65000000,7500000,0,90,58,60000000,56500000,"Gautam Chowdhuri is the elected MLA representing Howrah Uttar, Howrah, West Bengal."
West Bengal,Howrah,AC-WB-171,Howrah Madhya,MLA,"Arup Roy, S/O Late Prabhat Roy",Male,All India Trinamool Congress,1,Graduate,/assets/placeholder-avatar.svg,65000000,7500000,0,90,58,60000000,56500000,"Arup Roy, S/O Late Prabhat Roy is the elected MLA representing Howrah Madhya, Howrah, West Bengal."
West Bengal,Howrah,AC-WB-172,Shibpur,MLA,Manoj Tiwary,Male,All India Trinamool Congress,1,Graduate,/assets/placeholder-avatar.svg,65000000,7500000,0,90,58,60000000,56500000,"Manoj Tiwary is the elected MLA representing Shibpur, Howrah, West Bengal."
West Bengal,Howrah,AC-WB-173,Howrah Dakshin,MLA,Nandita Chowdhury,Male,All India Trinamool Congress,1,Graduate,/assets/placeholder-avatar.svg,65000000,7500000,0,90,58,60000000,56500000,"Nandita Chowdhury is the elected MLA representing Howrah Dakshin, Howrah, West Bengal."
West Bengal,Howrah,AC-WB-174,Sankrail,MLA,Priya Paul,Male,All India Trinamool Congress,1,Graduate,/assets/placeholder-avatar.svg,65000000,7500000,0,90,58,60000000,56500000,"Priya Paul is the elected MLA representing Sankrail, Howrah, West Bengal."
West Bengal,Howrah,AC-WB-175,Panchla,MLA,Gulsan Mullick,Male,All India Trinamool Congress,1,Graduate,/assets/placeholder-avatar.svg,65000000,7500000,0,90,58,60000000,56500000,"Gulsan Mullick is the elected MLA representing Panchla, Howrah, West Bengal."
West Bengal,Howrah,AC-WB-176,Uluberia Purba,MLA,Bidesh Ranjan Bose,Male,All India Trinamool Congress,1,Graduate,/assets/placeholder-avatar.svg,65000000,7500000,0,90,58,60000000,56500000,"Bidesh Ranjan Bose is the elected MLA representing Uluberia Purba, Howrah, West Bengal."
West Bengal,Howrah,AC-WB-177,Uluberia Uttar,MLA,Dr. Nirmal Maji,Male,All India Trinamool Congress,1,Graduate,/assets/placeholder-avatar.svg,65000000,7500000,0,90,58,60000000,56500000,"Dr. Nirmal Maji is the elected MLA representing Uluberia Uttar, Howrah, West Bengal."
West Bengal,Howrah,AC-WB-178,Uluberia Dakshin,MLA,Pulak Roy,Male,All India Trinamool Congress,1,Graduate,/assets/placeholder-avatar.svg,65000000,7500000,0,90,58,60000000,56500000,"Pulak Roy is the elected MLA representing Uluberia Dakshin, Howrah, West Bengal."
West Bengal,Howrah,AC-WB-179,Shyampur,MLA,Kalipada Mandal,Male,All India Trinamool Congress,1,Graduate,/assets/placeholder-avatar.svg,65000000,7500000,0,90,58,60000000,56500000,"Kalipada Mandal is the elected MLA representing Shyampur, Howrah, West Bengal."
West Bengal,Howrah,AC-WB-180,Bagnan,MLA,Arunava Sen (Raja),Male,All India Trinamool Congress,1,Graduate,/assets/placeholder-avatar.svg,65000000,7500000,0,90,58,60000000,56500000,"Arunava Sen (Raja) is the elected MLA representing Bagnan, Howrah, West Bengal."
West Bengal,Howrah,AC-WB-181,Amta,MLA,Sukanta Kumar Paul,Male,All India Trinamool Congress,1,Graduate,/assets/placeholder-avatar.svg,65000000,7500000,0,90,58,60000000,56500000,"Sukanta Kumar Paul is the elected MLA representing Amta, Howrah, West Bengal."
West Bengal,Howrah,AC-WB-182,Udaynarayanpur,MLA,Samir Kumar Panja,Male,All India Trinamool Congress,1,Graduate,/assets/placeholder-avatar.svg,65000000,7500000,0,90,58,60000000,56500000,"Samir Kumar Panja is the elected MLA representing Udaynarayanpur, Howrah, West Bengal."
West Bengal,Howrah,AC-WB-183,Jagatballavpur,MLA,Sitanath Ghosh,Male,All India Trinamool Congress,1,Graduate,/assets/placeholder-avatar.svg,65000000,7500000,0,90,58,60000000,56500000,"Sitanath Ghosh is the elected MLA representing Jagatballavpur, Howrah, West Bengal."
West Bengal,Howrah,AC-WB-184,Domjur,MLA,Kalyan Ghosh,Male,All India Trinamool Congress,1,Graduate,/assets/placeholder-avatar.svg,65000000,7500000,0,90,58,60000000,56500000,"Kalyan Ghosh is the elected MLA representing Domjur, Howrah, West Bengal."
West Bengal,Hooghly,AC-WB-185,Uttarpara,MLA,Kanchan Mullick,Male,All India Trinamool Congress,1,Graduate,/assets/placeholder-avatar.svg,65000000,7500000,0,90,58,60000000,56500000,"Kanchan Mullick is the elected MLA representing Uttarpara, Hooghly, West Bengal."
West Bengal,Hooghly,AC-WB-186,Sreerampur,MLA,Dr. Sudipto Roy,Male,All India Trinamool Congress,1,Graduate,/assets/placeholder-avatar.svg,65000000,7500000,0,90,58,60000000,56500000,"Dr. Sudipto Roy is the elected MLA representing Sreerampur, Hooghly, West Bengal."
West Bengal,Hooghly,AC-WB-187,Champdani,MLA,Arindam Guin (Bubai),Female,All India Trinamool Congress,1,Graduate,/assets/placeholder-avatar.svg,65000000,7500000,0,90,58,60000000,56500000,"Arindam Guin (Bubai) is the elected MLA representing Champdani, Hooghly, West Bengal."
West Bengal,Hooghly,AC-WB-188,Singur,MLA,Becharam Manna,Male,All India Trinamool Congress,1,Graduate,/assets/placeholder-avatar.svg,65000000,7500000,0,90,58,60000000,56500000,"Becharam Manna is the elected MLA representing Singur, Hooghly, West Bengal."
West Bengal,Hooghly,AC-WB-189,Chandannagar,MLA,Indranil Sen,Male,All India Trinamool Congress,1,Graduate,/assets/placeholder-avatar.svg,65000000,7500000,0,90,58,60000000,56500000,"Indranil Sen is the elected MLA representing Chandannagar, Hooghly, West Bengal."
West Bengal,Hooghly,AC-WB-190,Chunchura,MLA,Asit Mazumder (Tapan),Male,All India Trinamool Congress,1,Graduate,/assets/placeholder-avatar.svg,65000000,7500000,0,90,58,60000000,56500000,"Asit Mazumder (Tapan) is the elected MLA representing Chunchura, Hooghly, West Bengal."
West Bengal,Hooghly,AC-WB-191,Balagarh,MLA,Manoranjan Bapari,Male,All India Trinamool Congress,1,Graduate,/assets/placeholder-avatar.svg,65000000,7500000,0,90,58,60000000,56500000,"Manoranjan Bapari is the elected MLA representing Balagarh, Hooghly, West Bengal."
West Bengal,Hooghly,AC-WB-192,Pandua,MLA,Dr. Ratna De Nag,Female,All India Trinamool Congress,1,Graduate,/assets/placeholder-avatar.svg,65000000,7500000,0,90,58,60000000,56500000,"Dr. Ratna De Nag is the elected MLA representing Pandua, Hooghly, West Bengal."
West Bengal,Hooghly,AC-WB-193,Saptagram,MLA,Tapan Dasgupta,Male,All India Trinamool Congress,1,Graduate,/assets/placeholder-avatar.svg,65000000,7500000,0,90,58,60000000,56500000,"Tapan Dasgupta is the elected MLA representing Saptagram, Hooghly, West Bengal."
West Bengal,Hooghly,AC-WB-194,Chanditala,MLA,Swati Khandoker,Female,All India Trinamool Congress,1,Graduate,/assets/placeholder-avatar.svg,65000000,7500000,0,90,58,60000000,56500000,"Swati Khandoker is the elected MLA representing Chanditala, Hooghly, West Bengal."
West Bengal,Hooghly,AC-WB-195,Jangipara,MLA,Snehasis Chakraborty,Male,All India Trinamool Congress,1,Graduate,/assets/placeholder-avatar.svg,65000000,7500000,0,90,58,60000000,56500000,"Snehasis Chakraborty is the elected MLA representing Jangipara, Hooghly, West Bengal."
West Bengal,Hooghly,AC-WB-196,Haripal,MLA,Dr. Karabi Manna,Male,All India Trinamool Congress,1,Graduate,/assets/placeholder-avatar.svg,65000000,7500000,0,90,58,60000000,56500000,"Dr. Karabi Manna is the elected MLA representing Haripal, Hooghly, West Bengal."
West Bengal,Hooghly,AC-WB-197,Dhanekhali,MLA,Asima Patra,Female,All India Trinamool Congress,1,Graduate,/assets/placeholder-avatar.svg,65000000,7500000,0,90,58,60000000,56500000,"Asima Patra is the elected MLA representing Dhanekhali, Hooghly, West Bengal."
West Bengal,Hooghly,AC-WB-198,Tarakeswar,MLA,Ramendu Sinharay,Male,All India Trinamool Congress,1,Graduate,/assets/placeholder-avatar.svg,65000000,7500000,0,90,58,60000000,56500000,"Ramendu Sinharay is the elected MLA representing Tarakeswar, Hooghly, West Bengal."
West Bengal,Hooghly,AC-WB-199,Pursurah,MLA,Biman Ghosh,Male,Bharatiya Janata Party,1,Graduate,/assets/placeholder-avatar.svg,65000000,7500000,0,90,58,60000000,56500000,"Biman Ghosh is the elected MLA representing Pursurah, Hooghly, West Bengal."
West Bengal,Hooghly,AC-WB-200,Arambag,MLA,Madhusudan Bag,Male,Bharatiya Janata Party,1,Graduate,/assets/placeholder-avatar.svg,65000000,7500000,0,90,58,60000000,56500000,"Madhusudan Bag is the elected MLA representing Arambag, Hooghly, West Bengal."
West Bengal,Hooghly,AC-WB-201,Goghat,MLA,Biswanath Karak,Male,Bharatiya Janata Party,1,Graduate,/assets/placeholder-avatar.svg,65000000,7500000,0,90,58,60000000,56500000,"Biswanath Karak is the elected MLA representing Goghat, Hooghly, West Bengal."
West Bengal,Hooghly,AC-WB-202,Khanakul,MLA,Susanta Ghosh,Male,Bharatiya Janata Party,1,Graduate,/assets/placeholder-avatar.svg,65000000,7500000,0,90,58,60000000,56500000,"Susanta Ghosh is the elected MLA representing Khanakul, Hooghly, West Bengal."
West Bengal,Purba Medinipur,AC-WB-203,Tamluk,MLA,Saumen Kumar Mahapatra,Male,All India Trinamool Congress,1,Graduate,/assets/placeholder-avatar.svg,65000000,7500000,0,90,58,60000000,56500000,"Saumen Kumar Mahapatra is the elected MLA representing Tamluk, Purba Medinipur, West Bengal."
West Bengal,Purba Medinipur,AC-WB-204,Panskura Purba,MLA,Biplab Roy Chowdhury,Male,All India Trinamool Congress,1,Graduate,/assets/placeholder-avatar.svg,65000000,7500000,0,90,58,60000000,56500000,"Biplab Roy Chowdhury is the elected MLA representing Panskura Purba, Purba Medinipur, West Bengal."
West Bengal,Purba Medinipur,AC-WB-205,Panskura Paschim,MLA,Phiroja Bibi,Female,All India Trinamool Congress,1,Graduate,/assets/placeholder-avatar.svg,65000000,7500000,0,90,58,60000000,56500000,"Phiroja Bibi is the elected MLA representing Panskura Paschim, Purba Medinipur, West Bengal."
West Bengal,Purba Medinipur,AC-WB-206,Moyna,MLA,Ashoke Dinda,Male,Bharatiya Janata Party,1,Graduate,/assets/placeholder-avatar.svg,65000000,7500000,0,90,58,60000000,56500000,"Ashoke Dinda is the elected MLA representing Moyna, Purba Medinipur, West Bengal."
West Bengal,Purba Medinipur,AC-WB-207,Nandakumar,MLA,Sukumar De,Male,All India Trinamool Congress,1,Graduate,/assets/placeholder-avatar.svg,65000000,7500000,0,90,58,60000000,56500000,"Sukumar De is the elected MLA representing Nandakumar, Purba Medinipur, West Bengal."
West Bengal,Purba Medinipur,AC-WB-208,Mahisadal,MLA,Tilak Kumar Chakraborty,Male,All India Trinamool Congress,1,Graduate,/assets/placeholder-avatar.svg,65000000,7500000,0,90,58,60000000,56500000,"Tilak Kumar Chakraborty is the elected MLA representing Mahisadal, Purba Medinipur, West Bengal."
West Bengal,Purba Medinipur,AC-WB-209,Haldia,MLA,Tapasi Mondal,Male,Bharatiya Janata Party,1,Graduate,/assets/placeholder-avatar.svg,65000000,7500000,0,90,58,60000000,56500000,"Tapasi Mondal is the elected MLA representing Haldia, Purba Medinipur, West Bengal."
West Bengal,Purba Medinipur,AC-WB-210,Nandigram,Chief Minister of West Bengal,Suvendu Adhikari,Male,Bharatiya Janata Party,1,Graduate,/assets/candidates/suvendu_adhikari.jpg,65000000,7500000,0,90,58,60000000,56500000,"Suvendu Adhikari is the elected Leader of Opposition representing Nandigram, Purba Medinipur, West Bengal."
West Bengal,Purba Medinipur,AC-WB-211,Chandipur,MLA,Soham Chakraborty,Male,All India Trinamool Congress,1,Graduate,/assets/placeholder-avatar.svg,65000000,7500000,0,90,58,60000000,56500000,"Soham Chakraborty is the elected MLA representing Chandipur, Purba Medinipur, West Bengal."
West Bengal,Purba Medinipur,AC-WB-212,Patashpur,MLA,Uttam Barik,Male,All India Trinamool Congress,1,Graduate,/assets/placeholder-avatar.svg,65000000,7500000,0,90,58,60000000,56500000,"Uttam Barik is the elected MLA representing Patashpur, Purba Medinipur, West Bengal."
West Bengal,Purba Medinipur,AC-WB-213,Kanthi Uttar,MLA,Sumita Sinha,Male,Bharatiya Janata Party,1,Graduate,/assets/placeholder-avatar.svg,65000000,7500000,0,90,58,60000000,56500000,"Sumita Sinha is the elected MLA representing Kanthi Uttar, Purba Medinipur, West Bengal."
West Bengal,Purba Medinipur,AC-WB-214,Bhagabanpur,MLA,Rabindranath Maity,Male,Bharatiya Janata Party,1,Graduate,/assets/placeholder-avatar.svg,65000000,7500000,0,90,58,60000000,56500000,"Rabindranath Maity is the elected MLA representing Bhagabanpur, Purba Medinipur, West Bengal."
West Bengal,Purba Medinipur,AC-WB-215,Khejuri,MLA,Santanu Pramanik,Male,Bharatiya Janata Party,1,Graduate,/assets/placeholder-avatar.svg,65000000,7500000,0,90,58,60000000,56500000,"Santanu Pramanik is the elected MLA representing Khejuri, Purba Medinipur, West Bengal."
West Bengal,Purba Medinipur,AC-WB-216,Kanthi Dakshin,MLA,Arup Kumar Das,Male,Bharatiya Janata Party,1,Graduate,/assets/placeholder-avatar.svg,65000000,7500000,0,90,58,60000000,56500000,"Arup Kumar Das is the elected MLA representing Kanthi Dakshin, Purba Medinipur, West Bengal."
West Bengal,Purba Medinipur,AC-WB-217,Ramnagar,MLA,Akhil Giri,Male,All India Trinamool Congress,1,Graduate,/assets/placeholder-avatar.svg,65000000,7500000,0,90,58,60000000,56500000,"Akhil Giri is the elected MLA representing Ramnagar, Purba Medinipur, West Bengal."
West Bengal,Purba Medinipur,AC-WB-218,Egra,MLA,Tarun Kumar Maity,Male,All India Trinamool Congress,1,Graduate,/assets/placeholder-avatar.svg,65000000,7500000,0,90,58,60000000,56500000,"Tarun Kumar Maity is the elected MLA representing Egra, Purba Medinipur, West Bengal."
West Bengal,Paschim Medinipur,AC-WB-219,Dantan,MLA,Bikram Chandra Pradhan,Male,All India Trinamool Congress,1,Graduate,/assets/placeholder-avatar.svg,65000000,7500000,0,90,58,60000000,56500000,"Bikram Chandra Pradhan is the elected MLA representing Dantan, Paschim Medinipur, West Bengal."
West Bengal,Jhargram,AC-WB-220,Nayagram,MLA,Dulal Murmu,Male,All India Trinamool Congress,1,Graduate,/assets/placeholder-avatar.svg,65000000,7500000,0,90,58,60000000,56500000,"Dulal Murmu is the elected MLA representing Nayagram, Jhargram, West Bengal."
West Bengal,Jhargram,AC-WB-221,Gopiballavpur,MLA,Dr. Khagendra Nath Mahata,Male,All India Trinamool Congress,1,Graduate,/assets/placeholder-avatar.svg,65000000,7500000,0,90,58,60000000,56500000,"Dr. Khagendra Nath Mahata is the elected MLA representing Gopiballavpur, Jhargram, West Bengal."
West Bengal,Jhargram,AC-WB-222,Jhargram,MLA,Birbaha Hansda,Female,All India Trinamool Congress,1,Graduate,/assets/placeholder-avatar.svg,65000000,7500000,0,90,58,60000000,56500000,"Birbaha Hansda is the elected MLA representing Jhargram, Jhargram, West Bengal."
West Bengal,Paschim Medinipur,AC-WB-223,Keshiary,MLA,Paresh Murmu,Male,All India Trinamool Congress,1,Graduate,/assets/placeholder-avatar.svg,65000000,7500000,0,90,58,60000000,56500000,"Paresh Murmu is the elected MLA representing Keshiary, Paschim Medinipur, West Bengal."
West Bengal,Paschim Medinipur,AC-WB-224,Kharagpur Sadar,MLA,Hiranmoy Chattopadhyaya,Male,Bharatiya Janata Party,1,Graduate,/assets/placeholder-avatar.svg,65000000,7500000,0,90,58,60000000,56500000,"Hiranmoy Chattopadhyaya is the elected MLA representing Kharagpur Sadar, Paschim Medinipur, West Bengal."
West Bengal,Paschim Medinipur,AC-WB-225,Narayangarh,MLA,Atta Surja Kanta,Female,All India Trinamool Congress,1,Graduate,/assets/placeholder-avatar.svg,65000000,7500000,0,90,58,60000000,56500000,"Atta Surja Kanta is the elected MLA representing Narayangarh, Paschim Medinipur, West Bengal."
West Bengal,Paschim Medinipur,AC-WB-226,Sabang,MLA,Manas Ranjan Bhunia,Male,All India Trinamool Congress,1,Graduate,/assets/placeholder-avatar.svg,65000000,7500000,0,90,58,60000000,56500000,"Manas Ranjan Bhunia is the elected MLA representing Sabang, Paschim Medinipur, West Bengal."
West Bengal,Paschim Medinipur,AC-WB-227,Pingla,MLA,Ajit Maity,Male,All India Trinamool Congress,1,Graduate,/assets/placeholder-avatar.svg,65000000,7500000,0,90,58,60000000,56500000,"Ajit Maity is the elected MLA representing Pingla, Paschim Medinipur, West Bengal."
West Bengal,Paschim Medinipur,AC-WB-228,Kharagpur,MLA,Dinen Roy,Male,All India Trinamool Congress,1,Graduate,/assets/placeholder-avatar.svg,65000000,7500000,0,90,58,60000000,56500000,"Dinen Roy is the elected MLA representing Kharagpur, Paschim Medinipur, West Bengal."
West Bengal,Paschim Medinipur,AC-WB-229,Debra,MLA,Humayun Kabir,Male,All India Trinamool Congress,1,Graduate,/assets/placeholder-avatar.svg,65000000,7500000,0,90,58,60000000,56500000,"Humayun Kabir is the elected MLA representing Debra, Paschim Medinipur, West Bengal."
West Bengal,Paschim Medinipur,AC-WB-230,Daspur,MLA,Mamata Bhunia,Female,All India Trinamool Congress,1,Graduate,/assets/placeholder-avatar.svg,65000000,7500000,0,90,58,60000000,56500000,"Mamata Bhunia is the elected MLA representing Daspur, Paschim Medinipur, West Bengal."
West Bengal,Paschim Medinipur,AC-WB-231,Ghatal,MLA,Sital Kapat,Male,Bharatiya Janata Party,1,Graduate,/assets/placeholder-avatar.svg,65000000,7500000,0,90,58,60000000,56500000,"Sital Kapat is the elected MLA representing Ghatal, Paschim Medinipur, West Bengal."
West Bengal,Paschim Medinipur,AC-WB-232,Chandrakona,MLA,Arup Dhara,Male,All India Trinamool Congress,1,Graduate,/assets/placeholder-avatar.svg,65000000,7500000,0,90,58,60000000,56500000,"Arup Dhara is the elected MLA representing Chandrakona, Paschim Medinipur, West Bengal."
West Bengal,Paschim Medinipur,AC-WB-233,Garbeta,MLA,Uttara Singha (Hazra),Male,All India Trinamool Congress,1,Graduate,/assets/placeholder-avatar.svg,65000000,7500000,0,90,58,60000000,56500000,"Uttara Singha (Hazra) is the elected MLA representing Garbeta, Paschim Medinipur, West Bengal."
West Bengal,Paschim Medinipur,AC-WB-234,Salboni,MLA,Srikanta Mahata,Male,All India Trinamool Congress,1,Graduate,/assets/placeholder-avatar.svg,65000000,7500000,0,90,58,60000000,56500000,"Srikanta Mahata is the elected MLA representing Salboni, Paschim Medinipur, West Bengal."
West Bengal,Paschim Medinipur,AC-WB-235,Keshpur,MLA,Seuli Saha,Male,All India Trinamool Congress,1,Graduate,/assets/placeholder-avatar.svg,65000000,7500000,0,90,58,60000000,56500000,"Seuli Saha is the elected MLA representing Keshpur, Paschim Medinipur, West Bengal."
West Bengal,Paschim Medinipur,AC-WB-236,Medinipur,MLA,June Maliah,Male,All India Trinamool Congress,1,Graduate,/assets/placeholder-avatar.svg,65000000,7500000,0,90,58,60000000,56500000,"June Maliah is the elected MLA representing Medinipur, Paschim Medinipur, West Bengal."
West Bengal,Jhargram,AC-WB-237,Binpur,MLA,Debnath Hansda,Male,All India Trinamool Congress,1,Graduate,/assets/placeholder-avatar.svg,65000000,7500000,0,90,58,60000000,56500000,"Debnath Hansda is the elected MLA representing Binpur, Jhargram, West Bengal."
West Bengal,Purulia,AC-WB-238,Bandwan,MLA,Rajib Lochan Saren,Male,All India Trinamool Congress,1,Graduate,/assets/placeholder-avatar.svg,65000000,7500000,0,90,58,60000000,56500000,"Rajib Lochan Saren is the elected MLA representing Bandwan, Purulia, West Bengal."
West Bengal,Purulia,AC-WB-239,Balarampur,MLA,Baneswar Mahato,Male,Bharatiya Janata Party,1,Graduate,/assets/placeholder-avatar.svg,65000000,7500000,0,90,58,60000000,56500000,"Baneswar Mahato is the elected MLA representing Balarampur, Purulia, West Bengal."
West Bengal,Purulia,AC-WB-240,Baghmundi,MLA,Sushanta Mahato,Male,All India Trinamool Congress,1,Graduate,/assets/placeholder-avatar.svg,65000000,7500000,0,90,58,60000000,56500000,"Sushanta Mahato is the elected MLA representing Baghmundi, Purulia, West Bengal."
West Bengal,Purulia,AC-WB-241,Joypur,MLA,Nara Hari Mahato,Male,Bharatiya Janata Party,1,Graduate,/assets/placeholder-avatar.svg,65000000,7500000,0,90,58,60000000,56500000,"Nara Hari Mahato is the elected MLA representing Joypur, Purulia, West Bengal."
West Bengal,Purulia,AC-WB-242,Purulia,MLA,Sudip Kumar Mukherjee,Male,Bharatiya Janata Party,1,Graduate,/assets/placeholder-avatar.svg,65000000,7500000,0,90,58,60000000,56500000,"Sudip Kumar Mukherjee is the elected MLA representing Purulia, Purulia, West Bengal."
West Bengal,Purulia,AC-WB-243,Manbazar,MLA,Sandhyarani Tudu,Male,All India Trinamool Congress,1,Graduate,/assets/placeholder-avatar.svg,65000000,7500000,0,90,58,60000000,56500000,"Sandhyarani Tudu is the elected MLA representing Manbazar, Purulia, West Bengal."
West Bengal,Purulia,AC-WB-244,Kashipur,MLA,Kamalakanta Hansda,Male,Bharatiya Janata Party,1,Graduate,/assets/placeholder-avatar.svg,65000000,7500000,0,90,58,60000000,56500000,"Kamalakanta Hansda is the elected MLA representing Kashipur, Purulia, West Bengal."
West Bengal,Purulia,AC-WB-245,Para,MLA,Nadiar Chand Bouri,Male,Bharatiya Janata Party,1,Graduate,/assets/placeholder-avatar.svg,65000000,7500000,0,90,58,60000000,56500000,"Nadiar Chand Bouri is the elected MLA representing Para, Purulia, West Bengal."
West Bengal,Purulia,AC-WB-246,Raghunathpur,MLA,Vivekananda Bauri,Male,Bharatiya Janata Party,1,Graduate,/assets/placeholder-avatar.svg,65000000,7500000,0,90,58,60000000,56500000,"Vivekananda Bauri is the elected MLA representing Raghunathpur, Purulia, West Bengal."
West Bengal,Bankura,AC-WB-247,Saltora,MLA,Bauri Chandana,Male,Bharatiya Janata Party,1,Graduate,/assets/placeholder-avatar.svg,65000000,7500000,0,90,58,60000000,56500000,"Bauri Chandana is the elected MLA representing Saltora, Bankura, West Bengal."
West Bengal,Bankura,AC-WB-248,Chhatna,MLA,Satyanarayan Mukhopadhyay,Male,Bharatiya Janata Party,1,Graduate,/assets/placeholder-avatar.svg,65000000,7500000,0,90,58,60000000,56500000,"Satyanarayan Mukhopadhyay is the elected MLA representing Chhatna, Bankura, West Bengal."
West Bengal,Bankura,AC-WB-249,Ranibandh,MLA,Jyotsna Mandi,Male,All India Trinamool Congress,1,Graduate,/assets/placeholder-avatar.svg,65000000,7500000,0,90,58,60000000,56500000,"Jyotsna Mandi is the elected MLA representing Ranibandh, Bankura, West Bengal."
West Bengal,Bankura,AC-WB-250,Raipur,MLA,Mrityunjoy Murmu,Male,All India Trinamool Congress,1,Graduate,/assets/placeholder-avatar.svg,65000000,7500000,0,90,58,60000000,56500000,"Mrityunjoy Murmu is the elected MLA representing Raipur, Bankura, West Bengal."
West Bengal,Bankura,AC-WB-251,Taldangra,MLA,Arup Chakraborty,Male,All India Trinamool Congress,1,Graduate,/assets/placeholder-avatar.svg,65000000,7500000,0,90,58,60000000,56500000,"Arup Chakraborty is the elected MLA representing Taldangra, Bankura, West Bengal."
West Bengal,Bankura,AC-WB-252,Bankura,MLA,Niladri Sekhar Dana,Male,Bharatiya Janata Party,1,Graduate,/assets/placeholder-avatar.svg,65000000,7500000,0,90,58,60000000,56500000,"Niladri Sekhar Dana is the elected MLA representing Bankura, Bankura, West Bengal."
West Bengal,Bankura,AC-WB-253,Barjora,MLA,Alok Mukherjee,Male,All India Trinamool Congress,1,Graduate,/assets/placeholder-avatar.svg,65000000,7500000,0,90,58,60000000,56500000,"Alok Mukherjee is the elected MLA representing Barjora, Bankura, West Bengal."
West Bengal,Bankura,AC-WB-254,Onda,MLA,Amarnath Shakha,Male,Bharatiya Janata Party,1,Graduate,/assets/placeholder-avatar.svg,65000000,7500000,0,90,58,60000000,56500000,"Amarnath Shakha is the elected MLA representing Onda, Bankura, West Bengal."
West Bengal,Bankura,AC-WB-255,Bishnupur (Bankura),MLA,Tanmay Ghosh (Bumba),Male,Bharatiya Janata Party,1,Graduate,/assets/placeholder-avatar.svg,65000000,7500000,0,90,58,60000000,56500000,"Tanmay Ghosh (Bumba) is the elected MLA representing Bishnupur (Bankura), Bankura, West Bengal."
West Bengal,Bankura,AC-WB-256,Katulpur,MLA,Harakali Protiher,Male,Bharatiya Janata Party,1,Graduate,/assets/placeholder-avatar.svg,65000000,7500000,0,90,58,60000000,56500000,"Harakali Protiher is the elected MLA representing Katulpur, Bankura, West Bengal."
West Bengal,Bankura,AC-WB-257,Indus,MLA,Nirmal Kumar Dhara,Male,Bharatiya Janata Party,1,Graduate,/assets/placeholder-avatar.svg,65000000,7500000,0,90,58,60000000,56500000,"Nirmal Kumar Dhara is the elected MLA representing Indus, Bankura, West Bengal."
West Bengal,Bankura,AC-WB-258,Sonamukhi,MLA,Dibakar Gharami,Male,Bharatiya Janata Party,1,Graduate,/assets/placeholder-avatar.svg,65000000,7500000,0,90,58,60000000,56500000,"Dibakar Gharami is the elected MLA representing Sonamukhi, Bankura, West Bengal."
West Bengal,Purba Bardhaman,AC-WB-259,Khandaghosh,MLA,Nabin Chandra Bag,Male,All India Trinamool Congress,1,Graduate,/assets/placeholder-avatar.svg,65000000,7500000,0,90,58,60000000,56500000,"Nabin Chandra Bag is the elected MLA representing Khandaghosh, Purba Bardhaman, West Bengal."
West Bengal,Purba Bardhaman,AC-WB-260,Bardhaman Dakshin,MLA,Khokan Das,Male,All India Trinamool Congress,1,Graduate,/assets/placeholder-avatar.svg,65000000,7500000,0,90,58,60000000,56500000,"Khokan Das is the elected MLA representing Bardhaman Dakshin, Purba Bardhaman, West Bengal."
West Bengal,Purba Bardhaman,AC-WB-261,Raina,MLA,Shampa Dhara,Female,All India Trinamool Congress,1,Graduate,/assets/placeholder-avatar.svg,65000000,7500000,0,90,58,60000000,56500000,"Shampa Dhara is the elected MLA representing Raina, Purba Bardhaman, West Bengal."
West Bengal,Purba Bardhaman,AC-WB-262,Jamalpur,MLA,Alok Kumar Majhi,Male,All India Trinamool Congress,1,Graduate,/assets/placeholder-avatar.svg,65000000,7500000,0,90,58,60000000,56500000,"Alok Kumar Majhi is the elected MLA representing Jamalpur, Purba Bardhaman, West Bengal."
West Bengal,Purba Bardhaman,AC-WB-263,Monteswar,MLA,Chowdhury Siddiqullah,Male,All India Trinamool Congress,1,Graduate,/assets/placeholder-avatar.svg,65000000,7500000,0,90,58,60000000,56500000,"Chowdhury Siddiqullah is the elected MLA representing Monteswar, Purba Bardhaman, West Bengal."
West Bengal,Purba Bardhaman,AC-WB-264,Kalna,MLA,Deboprasad Bag (Poltu),Male,All India Trinamool Congress,1,Graduate,/assets/placeholder-avatar.svg,65000000,7500000,0,90,58,60000000,56500000,"Deboprasad Bag (Poltu) is the elected MLA representing Kalna, Purba Bardhaman, West Bengal."
West Bengal,Purba Bardhaman,AC-WB-265,Memari,MLA,Madhusudan Bhattacharya,Male,All India Trinamool Congress,1,Graduate,/assets/placeholder-avatar.svg,65000000,7500000,0,90,58,60000000,56500000,"Madhusudan Bhattacharya is the elected MLA representing Memari, Purba Bardhaman, West Bengal."
West Bengal,Purba Bardhaman,AC-WB-266,Bardhaman Uttar,MLA,Nisith Kumar Malik,Male,All India Trinamool Congress,1,Graduate,/assets/placeholder-avatar.svg,65000000,7500000,0,90,58,60000000,56500000,"Nisith Kumar Malik is the elected MLA representing Bardhaman Uttar, Purba Bardhaman, West Bengal."
West Bengal,Purba Bardhaman,AC-WB-267,Bhatar,MLA,Adhikari Mangobinda,Male,All India Trinamool Congress,1,Graduate,/assets/placeholder-avatar.svg,65000000,7500000,0,90,58,60000000,56500000,"Adhikari Mangobinda is the elected MLA representing Bhatar, Purba Bardhaman, West Bengal."
West Bengal,Purba Bardhaman,AC-WB-268,Purbasthali Dakshin,MLA,Swapan Debnath,Male,All India Trinamool Congress,1,Graduate,/assets/placeholder-avatar.svg,65000000,7500000,0,90,58,60000000,56500000,"Swapan Debnath is the elected MLA representing Purbasthali Dakshin, Purba Bardhaman, West Bengal."
West Bengal,Purba Bardhaman,AC-WB-269,Purbasthali Uttar,MLA,Tapan Chatterjee,Male,All India Trinamool Congress,1,Graduate,/assets/placeholder-avatar.svg,65000000,7500000,0,90,58,60000000,56500000,"Tapan Chatterjee is the elected MLA representing Purbasthali Uttar, Purba Bardhaman, West Bengal."
West Bengal,Purba Bardhaman,AC-WB-270,Katwa,MLA,Rabindranath Chatterjee,Male,All India Trinamool Congress,1,Graduate,/assets/placeholder-avatar.svg,65000000,7500000,0,90,58,60000000,56500000,"Rabindranath Chatterjee is the elected MLA representing Katwa, Purba Bardhaman, West Bengal."
West Bengal,Purba Bardhaman,AC-WB-271,Ketugram,MLA,Sekh Sahonawez,Male,All India Trinamool Congress,1,Graduate,/assets/placeholder-avatar.svg,65000000,7500000,0,90,58,60000000,56500000,"Sekh Sahonawez is the elected MLA representing Ketugram, Purba Bardhaman, West Bengal."
West Bengal,Purba Bardhaman,AC-WB-272,Mangalkot,MLA,Apurba Chowdhury (Achal),Male,All India Trinamool Congress,1,Graduate,/assets/placeholder-avatar.svg,65000000,7500000,0,90,58,60000000,56500000,"Apurba Chowdhury (Achal) is the elected MLA representing Mangalkot, Purba Bardhaman, West Bengal."
West Bengal,Purba Bardhaman,AC-WB-273,Ausgram,MLA,Abhedananda Thander,Male,All India Trinamool Congress,1,Graduate,/assets/placeholder-avatar.svg,65000000,7500000,0,90,58,60000000,56500000,"Abhedananda Thander is the elected MLA representing Ausgram, Purba Bardhaman, West Bengal."
West Bengal,Purba Bardhaman,AC-WB-274,Galsi,MLA,Nepal Ghorui,Male,All India Trinamool Congress,1,Graduate,/assets/placeholder-avatar.svg,65000000,7500000,0,90,58,60000000,56500000,"Nepal Ghorui is the elected MLA representing Galsi, Purba Bardhaman, West Bengal."
West Bengal,Paschim Bardhaman,AC-WB-275,Pandabeswar,MLA,Narendranath Chakraborty,Male,All India Trinamool Congress,1,Graduate,/assets/placeholder-avatar.svg,65000000,7500000,0,90,58,60000000,56500000,"Narendranath Chakraborty is the elected MLA representing Pandabeswar, Paschim Bardhaman, West Bengal."
West Bengal,Paschim Bardhaman,AC-WB-276,Durgapur Purba,MLA,Pradip Mazumdar,Male,All India Trinamool Congress,1,Graduate,/assets/placeholder-avatar.svg,65000000,7500000,0,90,58,60000000,56500000,"Pradip Mazumdar is the elected MLA representing Durgapur Purba, Paschim Bardhaman, West Bengal."
West Bengal,Paschim Bardhaman,AC-WB-277,Durgapur Paschim,MLA,Lakshman Chandra Ghorui,Male,Bharatiya Janata Party,1,Graduate,/assets/placeholder-avatar.svg,65000000,7500000,0,90,58,60000000,56500000,"Lakshman Chandra Ghorui is the elected MLA representing Durgapur Paschim, Paschim Bardhaman, West Bengal."
West Bengal,Paschim Bardhaman,AC-WB-278,Raniganj,MLA,Tapas Banerjee,Male,All India Trinamool Congress,1,Graduate,/assets/placeholder-avatar.svg,65000000,7500000,0,90,58,60000000,56500000,"Tapas Banerjee is the elected MLA representing Raniganj, Paschim Bardhaman, West Bengal."
West Bengal,Paschim Bardhaman,AC-WB-279,Jamuria,MLA,Hareram Singh,Male,All India Trinamool Congress,1,Graduate,/assets/placeholder-avatar.svg,65000000,7500000,0,90,58,60000000,56500000,"Hareram Singh is the elected MLA representing Jamuria, Paschim Bardhaman, West Bengal."
West Bengal,Paschim Bardhaman,AC-WB-280,Asansol Dakshin,MLA,Agnimitra Paul,Female,Bharatiya Janata Party,1,Graduate,/assets/placeholder-avatar.svg,65000000,7500000,0,90,58,60000000,56500000,"Agnimitra Paul is the elected MLA representing Asansol Dakshin, Paschim Bardhaman, West Bengal."
West Bengal,Paschim Bardhaman,AC-WB-281,Asansol Uttar,MLA,Ghatak Moloy,Male,All India Trinamool Congress,1,Graduate,/assets/placeholder-avatar.svg,65000000,7500000,0,90,58,60000000,56500000,"Ghatak Moloy is the elected MLA representing Asansol Uttar, Paschim Bardhaman, West Bengal."
West Bengal,Paschim Bardhaman,AC-WB-282,Kulti,MLA,Ajay Kumar Poddar,Male,Bharatiya Janata Party,1,Graduate,/assets/placeholder-avatar.svg,65000000,7500000,0,90,58,60000000,56500000,"Ajay Kumar Poddar is the elected MLA representing Kulti, Paschim Bardhaman, West Bengal."
West Bengal,Paschim Bardhaman,AC-WB-283,Barabani,MLA,Bidhan Upadhyay,Male,All India Trinamool Congress,1,Graduate,/assets/placeholder-avatar.svg,65000000,7500000,0,90,58,60000000,56500000,"Bidhan Upadhyay is the elected MLA representing Barabani, Paschim Bardhaman, West Bengal."
West Bengal,Birbhum,AC-WB-284,Dubrajpur,MLA,Anup Kumar Saha,Male,Bharatiya Janata Party,1,Graduate,/assets/placeholder-avatar.svg,65000000,7500000,0,90,58,60000000,56500000,"Anup Kumar Saha is the elected MLA representing Dubrajpur, Birbhum, West Bengal."
West Bengal,Birbhum,AC-WB-285,Suri,MLA,Bikash Roychoudhury,Male,All India Trinamool Congress,1,Graduate,/assets/placeholder-avatar.svg,65000000,7500000,0,90,58,60000000,56500000,"Bikash Roychoudhury is the elected MLA representing Suri, Birbhum, West Bengal."
West Bengal,Birbhum,AC-WB-286,Bolpur,MLA,Sinha Chandranath,Male,All India Trinamool Congress,1,Graduate,/assets/placeholder-avatar.svg,65000000,7500000,0,90,58,60000000,56500000,"Sinha Chandranath is the elected MLA representing Bolpur, Birbhum, West Bengal."
West Bengal,Birbhum,AC-WB-287,Nanoor,MLA,Bidhan Chandra Majhi,Male,All India Trinamool Congress,1,Graduate,/assets/placeholder-avatar.svg,65000000,7500000,0,90,58,60000000,56500000,"Bidhan Chandra Majhi is the elected MLA representing Nanoor, Birbhum, West Bengal."
West Bengal,Birbhum,AC-WB-288,Labpur,MLA,Abhijit Sinha (Rana),Male,All India Trinamool Congress,1,Graduate,/assets/placeholder-avatar.svg,65000000,7500000,0,90,58,60000000,56500000,"Abhijit Sinha (Rana) is the elected MLA representing Labpur, Birbhum, West Bengal."
West Bengal,Birbhum,AC-WB-289,Sainthia,MLA,Nilabati Saha,Male,All India Trinamool Congress,1,Graduate,/assets/placeholder-avatar.svg,65000000,7500000,0,90,58,60000000,56500000,"Nilabati Saha is the elected MLA representing Sainthia, Birbhum, West Bengal."
West Bengal,Birbhum,AC-WB-290,Mayureswar,MLA,Abhijit Roy,Male,All India Trinamool Congress,1,Graduate,/assets/placeholder-avatar.svg,65000000,7500000,0,90,58,60000000,56500000,"Abhijit Roy is the elected MLA representing Mayureswar, Birbhum, West Bengal."
West Bengal,Birbhum,AC-WB-291,Rampurhat,MLA,Asish Banerjee,Male,All India Trinamool Congress,1,Graduate,/assets/placeholder-avatar.svg,65000000,7500000,0,90,58,60000000,56500000,"Asish Banerjee is the elected MLA representing Rampurhat, Birbhum, West Bengal."
West Bengal,Birbhum,AC-WB-292,Hansan,MLA,Dr. Asok Kumar Chattopadhyay,Male,All India Trinamool Congress,1,Graduate,/assets/placeholder-avatar.svg,65000000,7500000,0,90,58,60000000,56500000,"Dr. Asok Kumar Chattopadhyay is the elected MLA representing Hansan, Birbhum, West Bengal."
West Bengal,Birbhum,AC-WB-293,Nalhati,MLA,Rajendra Prasad Singh (Raju Singh),Male,All India Trinamool Congress,1,Graduate,/assets/placeholder-avatar.svg,65000000,7500000,0,90,58,60000000,56500000,"Rajendra Prasad Singh (Raju Singh) is the elected MLA representing Nalhati, Birbhum, West Bengal."
West Bengal,Birbhum,AC-WB-294,Murarai,MLA,Dr. Mosarraf Hossain,Male,All India Trinamool Congress,1,Graduate,/assets/placeholder-avatar.svg,65000000,7500000,0,90,58,60000000,56500000,"Dr. Mosarraf Hossain is the elected MLA representing Murarai, Birbhum, West Bengal."
Bihar,West Champaran,AC-BR-1,Valmiki Nagar,MLA,Dhirendra Singh,Male,Janata Dal (United),1,Graduate,/assets/placeholder-avatar.svg,55000000,6500000,0,89,54,40000000,37500000,"Dhirendra Singh is the elected MLA representing Valmiki Nagar, West Champaran, Bihar."
Bihar,West Champaran,AC-BR-2,Ramnagar,MLA,Bhagirathi Devi,Female,Bharatiya Janata Party,1,Graduate,/assets/placeholder-avatar.svg,55000000,6500000,0,89,54,40000000,37500000,"Bhagirathi Devi is the elected MLA representing Ramnagar, West Champaran, Bihar."
Bihar,West Champaran,AC-BR-3,Narkatiaganj,MLA,Rashmi Varma,Female,Bharatiya Janata Party,1,Graduate,/assets/placeholder-avatar.svg,55000000,6500000,0,89,54,40000000,37500000,"Rashmi Varma is the elected MLA representing Narkatiaganj, West Champaran, Bihar."
Bihar,West Champaran,AC-BR-4,Bagaha,MLA,Ram Singh,Male,Bharatiya Janata Party,1,Graduate,/assets/placeholder-avatar.svg,55000000,6500000,0,89,54,40000000,37500000,"Ram Singh is the elected MLA representing Bagaha, West Champaran, Bihar."
Bihar,West Champaran,AC-BR-5,Lauriya,MLA,Vinay Bihari,Male,Bharatiya Janata Party,1,Graduate,/assets/placeholder-avatar.svg,55000000,6500000,0,89,54,40000000,37500000,"Vinay Bihari is the elected MLA representing Lauriya, West Champaran, Bihar."
Bihar,West Champaran,AC-BR-6,Nautan,MLA,Narayan Prasad,Male,Bharatiya Janata Party,1,Graduate,/assets/placeholder-avatar.svg,55000000,6500000,0,89,54,40000000,37500000,"Narayan Prasad is the elected MLA representing Nautan, West Champaran, Bihar."
Bihar,West Champaran,AC-BR-7,Chanpatia,MLA,Umakant Singh,Male,Bharatiya Janata Party,1,Graduate,/assets/placeholder-avatar.svg,55000000,6500000,0,89,54,40000000,37500000,"Umakant Singh is the elected MLA representing Chanpatia, West Champaran, Bihar."
Bihar,West Champaran,AC-BR-8,Bettiah,MLA,Renu Devi,Female,Bharatiya Janata Party,1,Graduate,/assets/placeholder-avatar.svg,55000000,6500000,0,89,54,40000000,37500000,"Renu Devi is the elected MLA representing Bettiah, West Champaran, Bihar."
Bihar,West Champaran,AC-BR-9,Sikta,MLA,Birendra Gupta,Male,CPI(ML),1,Graduate,/assets/placeholder-avatar.svg,55000000,6500000,0,89,54,40000000,37500000,"Birendra Gupta is the elected MLA representing Sikta, West Champaran, Bihar."
Bihar,East Champaran,AC-BR-10,Raxaul,MLA,Pramod Sinha,Male,Bharatiya Janata Party,1,Graduate,/assets/placeholder-avatar.svg,55000000,6500000,0,89,54,40000000,37500000,"Pramod Sinha is the elected MLA representing Raxaul, East Champaran, Bihar."
Bihar,East Champaran,AC-BR-11,Sugauli,MLA,Shashi Singh,Female,Rashtriya Janata Dal,1,Graduate,/assets/placeholder-avatar.svg,55000000,6500000,0,89,54,40000000,37500000,"Shashi Singh is the elected MLA representing Sugauli, East Champaran, Bihar."
Bihar,East Champaran,AC-BR-12,Narkatia,MLA,Shamim Ahmad,Male,Rashtriya Janata Dal,1,Graduate,/assets/placeholder-avatar.svg,55000000,6500000,0,89,54,40000000,37500000,"Shamim Ahmad is the elected MLA representing Narkatia, East Champaran, Bihar."
Bihar,East Champaran,AC-BR-13,Harsidhi,MLA,Krishnanandan Paswan,Male,Bharatiya Janata Party,1,Graduate,/assets/placeholder-avatar.svg,55000000,6500000,0,89,54,40000000,37500000,"Krishnanandan Paswan is the elected MLA representing Harsidhi, East Champaran, Bihar."
Bihar,East Champaran,AC-BR-14,Govindganj,MLA,Sunil Tiwari,Male,Bharatiya Janata Party,1,Graduate,/assets/placeholder-avatar.svg,55000000,6500000,0,89,54,40000000,37500000,"Sunil Tiwari is the elected MLA representing Govindganj, East Champaran, Bihar."
Bihar,East Champaran,AC-BR-15,Kesaria,MLA,Shalini Mishra,Male,Janata Dal (United),1,Graduate,/assets/placeholder-avatar.svg,55000000,6500000,0,89,54,40000000,37500000,"Shalini Mishra is the elected MLA representing Kesaria, East Champaran, Bihar."
Bihar,East Champaran,AC-BR-16,Kalyanpur,MLA,Manoj Yadav,Male,Rashtriya Janata Dal,1,Graduate,/assets/placeholder-avatar.svg,55000000,6500000,0,89,54,40000000,37500000,"Manoj Yadav is the elected MLA representing Kalyanpur, East Champaran, Bihar."
Bihar,East Champaran,AC-BR-17,Pipra,MLA,Shyambabu Yadav,Male,Bharatiya Janata Party,1,Graduate,/assets/placeholder-avatar.svg,55000000,6500000,0,89,54,40000000,37500000,"Shyambabu Yadav is the elected MLA representing Pipra, East Champaran, Bihar."
Bihar,East Champaran,AC-BR-18,Madhuban,MLA,Rana Randhir,Male,Bharatiya Janata Party,1,Graduate,/assets/placeholder-avatar.svg,55000000,6500000,0,89,54,40000000,37500000,"Rana Randhir is the elected MLA representing Madhuban, East Champaran, Bihar."
Bihar,East Champaran,AC-BR-19,Motihari,MLA,Pramod Kumar,Male,Bharatiya Janata Party,1,Graduate,/assets/placeholder-avatar.svg,55000000,6500000,0,89,54,40000000,37500000,"Pramod Kumar is the elected MLA representing Motihari, East Champaran, Bihar."
Bihar,East Champaran,AC-BR-20,Chiraiya,MLA,Lal Babu Prasad,Male,Bharatiya Janata Party,1,Graduate,/assets/placeholder-avatar.svg,55000000,6500000,0,89,54,40000000,37500000,"Lal Babu Prasad is the elected MLA representing Chiraiya, East Champaran, Bihar."
Bihar,East Champaran,AC-BR-21,Dhaka,MLA,Pawan Jaiswal,Male,Bharatiya Janata Party,1,Graduate,/assets/placeholder-avatar.svg,55000000,6500000,0,89,54,40000000,37500000,"Pawan Jaiswal is the elected MLA representing Dhaka, East Champaran, Bihar."
Bihar,Sheohar,AC-BR-22,Sheohar,MLA,Chetan Anand,Male,Rashtriya Janata Dal,1,Graduate,/assets/placeholder-avatar.svg,55000000,6500000,0,89,54,40000000,37500000,"Chetan Anand is the elected MLA representing Sheohar, Sheohar, Bihar."
Bihar,Sitamarhi,AC-BR-23,Riga,MLA,Moti Lal Prasad,Male,Bharatiya Janata Party,1,Graduate,/assets/placeholder-avatar.svg,55000000,6500000,0,89,54,40000000,37500000,"Moti Lal Prasad is the elected MLA representing Riga, Sitamarhi, Bihar."
Bihar,Sitamarhi,AC-BR-24,Bathnaha,MLA,Anil Kumar,Male,Bharatiya Janata Party,1,Graduate,/assets/placeholder-avatar.svg,55000000,6500000,0,89,54,40000000,37500000,"Anil Kumar is the elected MLA representing Bathnaha, Sitamarhi, Bihar."
Bihar,Sitamarhi,AC-BR-25,Parihar,MLA,Gayatri Devi,Female,Bharatiya Janata Party,1,Graduate,/assets/placeholder-avatar.svg,55000000,6500000,0,89,54,40000000,37500000,"Gayatri Devi is the elected MLA representing Parihar, Sitamarhi, Bihar."
Bihar,Sitamarhi,AC-BR-26,Sursand,MLA,Dilip Ray,Male,Janata Dal (United),1,Graduate,/assets/placeholder-avatar.svg,55000000,6500000,0,89,54,40000000,37500000,"Dilip Ray is the elected MLA representing Sursand, Sitamarhi, Bihar."
Bihar,Sitamarhi,AC-BR-27,Bajpatti,MLA,Mukesh Yadav,Male,Rashtriya Janata Dal,1,Graduate,/assets/placeholder-avatar.svg,55000000,6500000,0,89,54,40000000,37500000,"Mukesh Yadav is the elected MLA representing Bajpatti, Sitamarhi, Bihar."
Bihar,Sitamarhi,AC-BR-28,Sitamarhi,MLA,Mithilesh Kumar,Male,Bharatiya Janata Party,1,Graduate,/assets/placeholder-avatar.svg,55000000,6500000,0,89,54,40000000,37500000,"Mithilesh Kumar is the elected MLA representing Sitamarhi, Sitamarhi, Bihar."
Bihar,Sitamarhi,AC-BR-29,Runnisaidpur,MLA,Pankaj Mishra,Male,Janata Dal (United),1,Graduate,/assets/placeholder-avatar.svg,55000000,6500000,0,89,54,40000000,37500000,"Pankaj Mishra is the elected MLA representing Runnisaidpur, Sitamarhi, Bihar."
Bihar,Sitamarhi,AC-BR-30,Belsand,MLA,Sanjay Gupta,Male,Rashtriya Janata Dal,1,Graduate,/assets/placeholder-avatar.svg,55000000,6500000,0,89,54,40000000,37500000,"Sanjay Gupta is the elected MLA representing Belsand, Sitamarhi, Bihar."
Bihar,Madhubani,AC-BR-31,Harlakhi,MLA,Sudhanshu Shekhar,Male,Janata Dal (United),1,Graduate,/assets/placeholder-avatar.svg,55000000,6500000,0,89,54,40000000,37500000,"Sudhanshu Shekhar is the elected MLA representing Harlakhi, Madhubani, Bihar."
Bihar,Madhubani,AC-BR-32,Benipatti,MLA,Vinod Jha,Male,Bharatiya Janata Party,1,Graduate,/assets/placeholder-avatar.svg,55000000,6500000,0,89,54,40000000,37500000,"Vinod Jha is the elected MLA representing Benipatti, Madhubani, Bihar."
Bihar,Madhubani,AC-BR-33,Khajauli,MLA,Arun Prasad,Male,Bharatiya Janata Party,1,Graduate,/assets/placeholder-avatar.svg,55000000,6500000,0,89,54,40000000,37500000,"Arun Prasad is the elected MLA representing Khajauli, Madhubani, Bihar."
Bihar,Madhubani,AC-BR-34,Babubarhi,MLA,Mina Kumari,Male,Janata Dal (United),1,Graduate,/assets/placeholder-avatar.svg,55000000,6500000,0,89,54,40000000,37500000,"Mina Kumari is the elected MLA representing Babubarhi, Madhubani, Bihar."
Bihar,Madhubani,AC-BR-35,Bisfi,MLA,Haribhushan Thakur,Male,Bharatiya Janata Party,1,Graduate,/assets/placeholder-avatar.svg,55000000,6500000,0,89,54,40000000,37500000,"Haribhushan Thakur is the elected MLA representing Bisfi, Madhubani, Bihar."
Bihar,Madhubani,AC-BR-36,Madhubani,MLA,Samir Kumar Mahaseth,Male,Rashtriya Janata Dal,1,Graduate,/assets/placeholder-avatar.svg,55000000,6500000,0,89,54,40000000,37500000,"Samir Kumar Mahaseth is the elected MLA representing Madhubani, Madhubani, Bihar."
Bihar,Madhubani,AC-BR-37,Rajnagar,MLA,Ram Prit,Male,Bharatiya Janata Party,1,Graduate,/assets/placeholder-avatar.svg,55000000,6500000,0,89,54,40000000,37500000,"Ram Prit is the elected MLA representing Rajnagar, Madhubani, Bihar."
Bihar,Madhubani,AC-BR-38,Jhanjharpur,MLA,Nitish Mishra,Male,Bharatiya Janata Party,1,Graduate,/assets/placeholder-avatar.svg,55000000,6500000,0,89,54,40000000,37500000,"Nitish Mishra is the elected MLA representing Jhanjharpur, Madhubani, Bihar."
Bihar,Madhubani,AC-BR-39,Phulparas,MLA,Sheela Kumari,Female,Janata Dal (United),1,Graduate,/assets/placeholder-avatar.svg,55000000,6500000,0,89,54,40000000,37500000,"Sheela Kumari is the elected MLA representing Phulparas, Madhubani, Bihar."
Bihar,Madhubani,AC-BR-40,Laukaha,MLA,Bharat Mandal,Male,Rashtriya Janata Dal,1,Graduate,/assets/placeholder-avatar.svg,55000000,6500000,0,89,54,40000000,37500000,"Bharat Mandal is the elected MLA representing Laukaha, Madhubani, Bihar."
Bihar,Supaul,AC-BR-41,Nirmali,MLA,Aniruddha Yadav,Male,Janata Dal (United),1,Graduate,/assets/placeholder-avatar.svg,55000000,6500000,0,89,54,40000000,37500000,"Aniruddha Yadav is the elected MLA representing Nirmali, Supaul, Bihar."
Bihar,Supaul,AC-BR-42,Pipra (Supaul),MLA,Rambilash Kamat,Male,Janata Dal (United),1,Graduate,/assets/placeholder-avatar.svg,55000000,6500000,0,89,54,40000000,37500000,"Rambilash Kamat is the elected MLA representing Pipra (Supaul), Supaul, Bihar."
Bihar,Supaul,AC-BR-43,Supaul,Deputy Chief Minister / MLA,Bijendra Prasad Yadav,Male,Janata Dal (United),1,Graduate,/assets/placeholder-avatar.svg,55000000,6500000,0,89,54,40000000,37500000,"Bijendra Yadav is the elected MLA representing Supaul, Supaul, Bihar."
Bihar,Supaul,AC-BR-44,Triveniganj,MLA,Veena Bharti,Female,Janata Dal (United),1,Graduate,/assets/placeholder-avatar.svg,55000000,6500000,0,89,54,40000000,37500000,"Veena Bharti is the elected MLA representing Triveniganj, Supaul, Bihar."
Bihar,Supaul,AC-BR-45,Chhatapur,MLA,Neeraj Kumar Singh,Male,Bharatiya Janata Party,1,Graduate,/assets/placeholder-avatar.svg,55000000,6500000,0,89,54,40000000,37500000,"Neeraj Kumar Singh is the elected MLA representing Chhatapur, Supaul, Bihar."
Bihar,Araria,AC-BR-46,Narpatganj,MLA,Jai Prakash Yadav,Male,Bharatiya Janata Party,1,Graduate,/assets/placeholder-avatar.svg,55000000,6500000,0,89,54,40000000,37500000,"Jai Prakash Yadav is the elected MLA representing Narpatganj, Araria, Bihar."
Bihar,Araria,AC-BR-47,Raniganj,MLA,Achmit Rishidev,Male,Janata Dal (United),1,Graduate,/assets/placeholder-avatar.svg,55000000,6500000,0,89,54,40000000,37500000,"Achmit Rishidev is the elected MLA representing Raniganj, Araria, Bihar."
Bihar,Araria,AC-BR-48,Forbesganj,MLA,Vidya Sagar Keshri,Female,Bharatiya Janata Party,1,Graduate,/assets/placeholder-avatar.svg,55000000,6500000,0,89,54,40000000,37500000,"Vidya Sagar Keshri is the elected MLA representing Forbesganj, Araria, Bihar."
Bihar,Araria,AC-BR-49,Araria,MLA,Abidur Rahman,Male,Indian National Congress,1,Graduate,/assets/placeholder-avatar.svg,55000000,6500000,0,89,54,40000000,37500000,"Abidur Rahman is the elected MLA representing Araria, Araria, Bihar."
Bihar,Araria,AC-BR-50,Jokihat,MLA,Shahnawaz,Male,All India Majlis-e-Ittehadul Muslimeen,1,Graduate,/assets/placeholder-avatar.svg,55000000,6500000,0,89,54,40000000,37500000,"Shahnawaz is the elected MLA representing Jokihat, Araria, Bihar."
Bihar,Araria,AC-BR-51,Sikti,MLA,Vijay Kumar Mandal,Male,Bharatiya Janata Party,1,Graduate,/assets/placeholder-avatar.svg,55000000,6500000,0,89,54,40000000,37500000,"Vijay Kumar Mandal is the elected MLA representing Sikti, Araria, Bihar."
Bihar,Kishanganj,AC-BR-52,Bahadurganj,MLA,Md. Anzar Nayeemi,Male,All India Majlis-e-Ittehadul Muslimeen,1,Graduate,/assets/placeholder-avatar.svg,55000000,6500000,0,89,54,40000000,37500000,"Md. Anzar Nayeemi is the elected MLA representing Bahadurganj, Kishanganj, Bihar."
Bihar,Kishanganj,AC-BR-53,Thakurganj,MLA,Saud Alam,Male,Rashtriya Janata Dal,1,Graduate,/assets/placeholder-avatar.svg,55000000,6500000,0,89,54,40000000,37500000,"Saud Alam is the elected MLA representing Thakurganj, Kishanganj, Bihar."
Bihar,Kishanganj,AC-BR-54,Kishanganj,MLA,Ijaharul Husain,Male,Indian National Congress,1,Graduate,/assets/placeholder-avatar.svg,55000000,6500000,0,89,54,40000000,37500000,"Ijaharul Husain is the elected MLA representing Kishanganj, Kishanganj, Bihar."
Bihar,Kishanganj,AC-BR-55,Kochadhaman,MLA,Md. Izhar Asfi,Male,All India Majlis-e-Ittehadul Muslimeen,1,Graduate,/assets/placeholder-avatar.svg,55000000,6500000,0,89,54,40000000,37500000,"Md. Izhar Asfi is the elected MLA representing Kochadhaman, Kishanganj, Bihar."
Bihar,Purnia,AC-BR-56,Amour,MLA,Akhtarul Iman,Male,All India Majlis-e-Ittehadul Muslimeen,1,Graduate,/assets/placeholder-avatar.svg,55000000,6500000,0,89,54,40000000,37500000,"Akhtarul Iman is the elected MLA representing Amour, Purnia, Bihar."
Bihar,Purnia,AC-BR-57,Baisi,MLA,Ruknuddin Ahmad,Male,All India Majlis-e-Ittehadul Muslimeen,1,Graduate,/assets/placeholder-avatar.svg,55000000,6500000,0,89,54,40000000,37500000,"Ruknuddin Ahmad is the elected MLA representing Baisi, Purnia, Bihar."
Bihar,Purnia,AC-BR-58,Kasba,MLA,Md. Afaque Alam,Male,Indian National Congress,1,Graduate,/assets/placeholder-avatar.svg,55000000,6500000,0,89,54,40000000,37500000,"Md. Afaque Alam is the elected MLA representing Kasba, Purnia, Bihar."
Bihar,Purnia,AC-BR-59,Banmankhi,MLA,Krishna Kumar Rishi,Male,Bharatiya Janata Party,1,Graduate,/assets/placeholder-avatar.svg,55000000,6500000,0,89,54,40000000,37500000,"Krishna Kumar Rishi is the elected MLA representing Banmankhi, Purnia, Bihar."
Bihar,Purnia,AC-BR-60,Rupauli,MLA,Bima Bharti,Female,Janata Dal (United),1,Graduate,/assets/placeholder-avatar.svg,55000000,6500000,0,89,54,40000000,37500000,"Bima Bharti is the elected MLA representing Rupauli, Purnia, Bihar."
Bihar,Purnia,AC-BR-61,Dhamdaha,MLA,Leshi Singh,Male,Janata Dal (United),1,Graduate,/assets/placeholder-avatar.svg,55000000,6500000,0,89,54,40000000,37500000,"Leshi Singh is the elected MLA representing Dhamdaha, Purnia, Bihar."
Bihar,Purnia,AC-BR-62,Purnia,MLA,Vijay Kumar Khemka,Male,Bharatiya Janata Party,1,Graduate,/assets/placeholder-avatar.svg,55000000,6500000,0,89,54,40000000,37500000,"Vijay Kumar Khemka is the elected MLA representing Purnia, Purnia, Bihar."
Bihar,Katihar,AC-BR-63,Katihar,MLA,Tarkishore Prasad,Male,Bharatiya Janata Party,1,Graduate,/assets/placeholder-avatar.svg,55000000,6500000,0,89,54,40000000,37500000,"Tarkishore Prasad is the elected MLA representing Katihar, Katihar, Bihar."
Bihar,Katihar,AC-BR-64,Kadwa,MLA,Shakeel Ahmad Khan,Male,Indian National Congress,1,Graduate,/assets/placeholder-avatar.svg,55000000,6500000,0,89,54,40000000,37500000,"Shakeel Ahmad Khan is the elected MLA representing Kadwa, Katihar, Bihar."
Bihar,Katihar,AC-BR-65,Balrampur,MLA,Mahboob Alam,Male,CPI(ML),1,Graduate,/assets/placeholder-avatar.svg,55000000,6500000,0,89,54,40000000,37500000,"Mahboob Alam is the elected MLA representing Balrampur, Katihar, Bihar."
Bihar,Katihar,AC-BR-66,Pranpur,MLA,Nisha Singh,Male,Bharatiya Janata Party,1,Graduate,/assets/placeholder-avatar.svg,55000000,6500000,0,89,54,40000000,37500000,"Nisha Singh is the elected MLA representing Pranpur, Katihar, Bihar."
Bihar,Katihar,AC-BR-67,Manihari,MLA,Manohar Prasad Singh,Male,Indian National Congress,1,Graduate,/assets/placeholder-avatar.svg,55000000,6500000,0,89,54,40000000,37500000,"Manohar Prasad Singh is the elected MLA representing Manihari, Katihar, Bihar."
Bihar,Katihar,AC-BR-68,Barari,MLA,Bijay Singh,Male,Janata Dal (United),1,Graduate,/assets/placeholder-avatar.svg,55000000,6500000,0,89,54,40000000,37500000,"Bijay Singh is the elected MLA representing Barari, Katihar, Bihar."
Bihar,Katihar,AC-BR-69,Korha,MLA,Kavita Devi,Female,Bharatiya Janata Party,1,Graduate,/assets/placeholder-avatar.svg,55000000,6500000,0,89,54,40000000,37500000,"Kavita Devi is the elected MLA representing Korha, Katihar, Bihar."
Bihar,Madhepura,AC-BR-70,Alamnagar,MLA,Narendra Yadav,Male,Janata Dal (United),1,Graduate,/assets/placeholder-avatar.svg,55000000,6500000,0,89,54,40000000,37500000,"Narendra Yadav is the elected MLA representing Alamnagar, Madhepura, Bihar."
Bihar,Madhepura,AC-BR-71,Bihariganj,MLA,Niranjan Mehta,Male,Janata Dal (United),1,Graduate,/assets/placeholder-avatar.svg,55000000,6500000,0,89,54,40000000,37500000,"Niranjan Mehta is the elected MLA representing Bihariganj, Madhepura, Bihar."
Bihar,Madhepura,AC-BR-72,Singheshwar,MLA,Chandrahas Chaupal,Male,Rashtriya Janata Dal,1,Graduate,/assets/placeholder-avatar.svg,55000000,6500000,0,89,54,40000000,37500000,"Chandrahas Chaupal is the elected MLA representing Singheshwar, Madhepura, Bihar."
Bihar,Madhepura,AC-BR-73,Madhepura,MLA,Chandra Shekhar,Male,Rashtriya Janata Dal,1,Graduate,/assets/placeholder-avatar.svg,55000000,6500000,0,89,54,40000000,37500000,"Chandra Shekhar is the elected MLA representing Madhepura, Madhepura, Bihar."
Bihar,Saharsa,AC-BR-74,Sonbarsha,MLA,Ratnesh Sada,Male,Janata Dal (United),1,Graduate,/assets/placeholder-avatar.svg,55000000,6500000,0,89,54,40000000,37500000,"Ratnesh Sada is the elected MLA representing Sonbarsha, Saharsa, Bihar."
Bihar,Saharsa,AC-BR-75,Saharsa,MLA,Alok Ranjan,Male,Bharatiya Janata Party,1,Graduate,/assets/placeholder-avatar.svg,55000000,6500000,0,89,54,40000000,37500000,"Alok Ranjan is the elected MLA representing Saharsa, Saharsa, Bihar."
Bihar,Saharsa,AC-BR-76,Simri Bakhtiarpur,MLA,Yusuf Salahuddin,Male,Rashtriya Janata Dal,1,Graduate,/assets/placeholder-avatar.svg,55000000,6500000,0,89,54,40000000,37500000,"Yusuf Salahuddin is the elected MLA representing Simri Bakhtiarpur, Saharsa, Bihar."
Bihar,Saharsa,AC-BR-77,Mahishi,MLA,Gunjeshwar Sah,Male,Janata Dal (United),1,Graduate,/assets/placeholder-avatar.svg,55000000,6500000,0,89,54,40000000,37500000,"Gunjeshwar Sah is the elected MLA representing Mahishi, Saharsa, Bihar."
Bihar,Darbhanga,AC-BR-78,KusheshwarAsthan,MLA,Shashibhushan Hajari,Male,Janata Dal (United),1,Graduate,/assets/placeholder-avatar.svg,55000000,6500000,0,89,54,40000000,37500000,"Shashibhushan Hajari is the elected MLA representing KusheshwarAsthan, Darbhanga, Bihar."
Bihar,Darbhanga,AC-BR-79,Gaura Bauram,MLA,Swarna Singh,Male,Vikassheel Insaan Party,1,Graduate,/assets/placeholder-avatar.svg,55000000,6500000,0,89,54,40000000,37500000,"Swarna Singh is the elected MLA representing Gaura Bauram, Darbhanga, Bihar."
Bihar,Darbhanga,AC-BR-80,Benipur,MLA,Binay Choudhary,Male,Janata Dal (United),1,Graduate,/assets/placeholder-avatar.svg,55000000,6500000,0,89,54,40000000,37500000,"Binay Choudhary is the elected MLA representing Benipur, Darbhanga, Bihar."
Bihar,Darbhanga,AC-BR-81,Alinagar,MLA,Mishri Lal Yadav,Male,Vikassheel Insaan Party,1,Graduate,/assets/placeholder-avatar.svg,55000000,6500000,0,89,54,40000000,37500000,"Mishri Lal Yadav is the elected MLA representing Alinagar, Darbhanga, Bihar."
Bihar,Darbhanga,AC-BR-82,Darbhanga Rural,MLA,Lalit Kumar Yadav,Male,Rashtriya Janata Dal,1,Graduate,/assets/placeholder-avatar.svg,55000000,6500000,0,89,54,40000000,37500000,"Lalit Kumar Yadav is the elected MLA representing Darbhanga Rural, Darbhanga, Bihar."
Bihar,Darbhanga,AC-BR-83,Darbhanga,MLA,Sanjay Saraogi,Male,Bharatiya Janata Party,1,Graduate,/assets/placeholder-avatar.svg,55000000,6500000,0,89,54,40000000,37500000,"Sanjay Saraogi is the elected MLA representing Darbhanga, Darbhanga, Bihar."
Bihar,Darbhanga,AC-BR-84,Hayaghat,MLA,Ram Chandra Prasad,Male,Bharatiya Janata Party,1,Graduate,/assets/placeholder-avatar.svg,55000000,6500000,0,89,54,40000000,37500000,"Ram Chandra Prasad is the elected MLA representing Hayaghat, Darbhanga, Bihar."
Bihar,Darbhanga,AC-BR-85,Bahadurpur,MLA,Madan Sahni,Male,Janata Dal (United),1,Graduate,/assets/placeholder-avatar.svg,55000000,6500000,0,89,54,40000000,37500000,"Madan Sahni is the elected MLA representing Bahadurpur, Darbhanga, Bihar."
Bihar,Darbhanga,AC-BR-86,Keoti,MLA,Murari Mohan Jha,Male,Bharatiya Janata Party,1,Graduate,/assets/placeholder-avatar.svg,55000000,6500000,0,89,54,40000000,37500000,"Murari Mohan Jha is the elected MLA representing Keoti, Darbhanga, Bihar."
Bihar,Darbhanga,AC-BR-87,Jale,MLA,Jibesh Kumar,Male,Bharatiya Janata Party,1,Graduate,/assets/placeholder-avatar.svg,55000000,6500000,0,89,54,40000000,37500000,"Jibesh Kumar is the elected MLA representing Jale, Darbhanga, Bihar."
Bihar,Muzaffarpur,AC-BR-88,Gaighat,MLA,Niranjan Roy,Male,Rashtriya Janata Dal,1,Graduate,/assets/placeholder-avatar.svg,55000000,6500000,0,89,54,40000000,37500000,"Niranjan Roy is the elected MLA representing Gaighat, Muzaffarpur, Bihar."
Bihar,Muzaffarpur,AC-BR-89,Aurai,MLA,Ram Surat Kumar,Male,Bharatiya Janata Party,1,Graduate,/assets/placeholder-avatar.svg,55000000,6500000,0,89,54,40000000,37500000,"Ram Surat Kumar is the elected MLA representing Aurai, Muzaffarpur, Bihar."
Bihar,Muzaffarpur,AC-BR-90,Minapur,MLA,Rajeev Kumar,Male,Rashtriya Janata Dal,1,Graduate,/assets/placeholder-avatar.svg,55000000,6500000,0,89,54,40000000,37500000,"Rajeev Kumar is the elected MLA representing Minapur, Muzaffarpur, Bihar."
Bihar,Muzaffarpur,AC-BR-91,Bochaha,MLA,Musafir Paswan,Male,Vikassheel Insaan Party,1,Graduate,/assets/placeholder-avatar.svg,55000000,6500000,0,89,54,40000000,37500000,"Musafir Paswan is the elected MLA representing Bochaha, Muzaffarpur, Bihar."
Bihar,Muzaffarpur,AC-BR-92,Sakra,MLA,Ashok KumarChodhary,Male,Janata Dal (United),1,Graduate,/assets/placeholder-avatar.svg,55000000,6500000,0,89,54,40000000,37500000,"Ashok KumarChodhary is the elected MLA representing Sakra, Muzaffarpur, Bihar."
Bihar,Muzaffarpur,AC-BR-93,Kurhani,MLA,Anil Kumar Sahni,Male,Rashtriya Janata Dal,1,Graduate,/assets/placeholder-avatar.svg,55000000,6500000,0,89,54,40000000,37500000,"Anil Kumar Sahni is the elected MLA representing Kurhani, Muzaffarpur, Bihar."
Bihar,Muzaffarpur,AC-BR-94,Muzaffarpur,MLA,Bijendra Chaudhary,Male,Indian National Congress,1,Graduate,/assets/placeholder-avatar.svg,55000000,6500000,0,89,54,40000000,37500000,"Bijendra Chaudhary is the elected MLA representing Muzaffarpur, Muzaffarpur, Bihar."
Bihar,Muzaffarpur,AC-BR-95,Kanti,MLA,Md. Israil Mansuri,Male,Rashtriya Janata Dal,1,Graduate,/assets/placeholder-avatar.svg,55000000,6500000,0,89,54,40000000,37500000,"Md. Israil Mansuri is the elected MLA representing Kanti, Muzaffarpur, Bihar."
Bihar,Muzaffarpur,AC-BR-96,Baruraj,MLA,Arun Kumar Singh,Male,Bharatiya Janata Party,1,Graduate,/assets/placeholder-avatar.svg,55000000,6500000,0,89,54,40000000,37500000,"Arun Kumar Singh is the elected MLA representing Baruraj, Muzaffarpur, Bihar."
Bihar,Muzaffarpur,AC-BR-97,Paroo,MLA,Ashok KumarSingh,Male,Bharatiya Janata Party,1,Graduate,/assets/placeholder-avatar.svg,55000000,6500000,0,89,54,40000000,37500000,"Ashok KumarSingh is the elected MLA representing Paroo, Muzaffarpur, Bihar."
Bihar,Muzaffarpur,AC-BR-98,Sahebganj,MLA,Raju Kumar Singh,Male,Vikassheel Insaan Party,1,Graduate,/assets/placeholder-avatar.svg,55000000,6500000,0,89,54,40000000,37500000,"Raju Kumar Singh is the elected MLA representing Sahebganj, Muzaffarpur, Bihar."
Bihar,Gopalganj,AC-BR-99,Baikunthpur,MLA,Prem Shankar Ps.,Female,Rashtriya Janata Dal,1,Graduate,/assets/placeholder-avatar.svg,55000000,6500000,0,89,54,40000000,37500000,"Prem Shankar Ps. is the elected MLA representing Baikunthpur, Gopalganj, Bihar."
Bihar,Gopalganj,AC-BR-100,Barauli,MLA,Rampravesh Rai,Male,Bharatiya Janata Party,1,Graduate,/assets/placeholder-avatar.svg,55000000,6500000,0,89,54,40000000,37500000,"Rampravesh Rai is the elected MLA representing Barauli, Gopalganj, Bihar."
Bihar,Gopalganj,AC-BR-101,Gopalganj,MLA,Subash Singh,Male,Bharatiya Janata Party,1,Graduate,/assets/placeholder-avatar.svg,55000000,6500000,0,89,54,40000000,37500000,"Subash Singh is the elected MLA representing Gopalganj, Gopalganj, Bihar."
Bihar,Gopalganj,AC-BR-102,Kuchaikote,MLA,Amrendra Pandey,Male,Janata Dal (United),1,Graduate,/assets/placeholder-avatar.svg,55000000,6500000,0,89,54,40000000,37500000,"Amrendra Pandey is the elected MLA representing Kuchaikote, Gopalganj, Bihar."
Bihar,Gopalganj,AC-BR-103,Bhorey,MLA,Sunil Kumar,Male,Janata Dal (United),1,Graduate,/assets/placeholder-avatar.svg,55000000,6500000,0,89,54,40000000,37500000,"Sunil Kumar is the elected MLA representing Bhorey, Gopalganj, Bihar."
Bihar,Gopalganj,AC-BR-104,Hathua,MLA,Rajesh Kumar Singh,Male,Rashtriya Janata Dal,1,Graduate,/assets/placeholder-avatar.svg,55000000,6500000,0,89,54,40000000,37500000,"Rajesh Kumar Singh is the elected MLA representing Hathua, Gopalganj, Bihar."
Bihar,Siwan,AC-BR-105,Siwan,MLA,Awadh BihariChaudhary,Male,Rashtriya Janata Dal,1,Graduate,/assets/placeholder-avatar.svg,55000000,6500000,0,89,54,40000000,37500000,"Awadh BihariChaudhary is the elected MLA representing Siwan, Siwan, Bihar."
Bihar,Siwan,AC-BR-106,Ziradei,MLA,Amarjeet Kushwaha,Male,CPI(ML),1,Graduate,/assets/placeholder-avatar.svg,55000000,6500000,0,89,54,40000000,37500000,"Amarjeet Kushwaha is the elected MLA representing Ziradei, Siwan, Bihar."
Bihar,Siwan,AC-BR-107,Darauli,MLA,Satyadeo Ram,Male,CPI(ML),1,Graduate,/assets/placeholder-avatar.svg,55000000,6500000,0,89,54,40000000,37500000,"Satyadeo Ram is the elected MLA representing Darauli, Siwan, Bihar."
Bihar,Siwan,AC-BR-108,Raghunathpur,MLA,Harishankar Yadav,Male,Rashtriya Janata Dal,1,Graduate,/assets/placeholder-avatar.svg,55000000,6500000,0,89,54,40000000,37500000,"Harishankar Yadav is the elected MLA representing Raghunathpur, Siwan, Bihar."
Bihar,Siwan,AC-BR-109,Daraundha,MLA,Karnjeet Singh,Male,Bharatiya Janata Party,1,Graduate,/assets/placeholder-avatar.svg,55000000,6500000,0,89,54,40000000,37500000,"Karnjeet Singh is the elected MLA representing Daraundha, Siwan, Bihar."
Bihar,Siwan,AC-BR-110,Barharia,MLA,Bachcha Pandey,Male,Rashtriya Janata Dal,1,Graduate,/assets/placeholder-avatar.svg,55000000,6500000,0,89,54,40000000,37500000,"Bachcha Pandey is the elected MLA representing Barharia, Siwan, Bihar."
Bihar,Siwan,AC-BR-111,Goriakothi,MLA,Devesh Kant Singh,Male,Bharatiya Janata Party,1,Graduate,/assets/placeholder-avatar.svg,55000000,6500000,0,89,54,40000000,37500000,"Devesh Kant Singh is the elected MLA representing Goriakothi, Siwan, Bihar."
Bihar,Siwan,AC-BR-112,Maharajganj,MLA,Vijay ShankerDubey,Male,Indian National Congress,1,Graduate,/assets/placeholder-avatar.svg,55000000,6500000,0,89,54,40000000,37500000,"Vijay ShankerDubey is the elected MLA representing Maharajganj, Siwan, Bihar."
Bihar,Saran,AC-BR-113,Ekma,MLA,Srikant Yadav,Male,Rashtriya Janata Dal,1,Graduate,/assets/placeholder-avatar.svg,55000000,6500000,0,89,54,40000000,37500000,"Srikant Yadav is the elected MLA representing Ekma, Saran, Bihar."
Bihar,Saran,AC-BR-114,Manjhi,MLA,Dr. Satyendra Yadav,Male,Communist Party of India (Marxist),1,Graduate,/assets/placeholder-avatar.svg,55000000,6500000,0,89,54,40000000,37500000,"Dr. Satyendra Yadav is the elected MLA representing Manjhi, Saran, Bihar."
Bihar,Saran,AC-BR-115,Baniapur,MLA,Kedar Nath Singh,Male,Rashtriya Janata Dal,1,Graduate,/assets/placeholder-avatar.svg,55000000,6500000,0,89,54,40000000,37500000,"Kedar Nath Singh is the elected MLA representing Baniapur, Saran, Bihar."
Bihar,Saran,AC-BR-116,Taraiya,MLA,Janak Singh,Male,Bharatiya Janata Party,1,Graduate,/assets/placeholder-avatar.svg,55000000,6500000,0,89,54,40000000,37500000,"Janak Singh is the elected MLA representing Taraiya, Saran, Bihar."
Bihar,Saran,AC-BR-117,Marhaura,MLA,Jitendra Kumar Ray,Male,Rashtriya Janata Dal,1,Graduate,/assets/placeholder-avatar.svg,55000000,6500000,0,89,54,40000000,37500000,"Jitendra Kumar Ray is the elected MLA representing Marhaura, Saran, Bihar."
Bihar,Saran,AC-BR-118,Chapra,MLA,Dr. C. N. Gupta,Male,Bharatiya Janata Party,1,Graduate,/assets/placeholder-avatar.svg,55000000,6500000,0,89,54,40000000,37500000,"Dr. C. N. Gupta is the elected MLA representing Chapra, Saran, Bihar."
Bihar,Saran,AC-BR-119,Garkha,MLA,Surendra Ram,Male,Rashtriya Janata Dal,1,Graduate,/assets/placeholder-avatar.svg,55000000,6500000,0,89,54,40000000,37500000,"Surendra Ram is the elected MLA representing Garkha, Saran, Bihar."
Bihar,Saran,AC-BR-120,Amnour,MLA,Krishan Kumar Mantoo,Male,Bharatiya Janata Party,1,Graduate,/assets/placeholder-avatar.svg,55000000,6500000,0,89,54,40000000,37500000,"Krishan Kumar Mantoo is the elected MLA representing Amnour, Saran, Bihar."
Bihar,Saran,AC-BR-121,Parsa,MLA,Chhote Lal Ray,Male,Rashtriya Janata Dal,1,Graduate,/assets/placeholder-avatar.svg,55000000,6500000,0,89,54,40000000,37500000,"Chhote Lal Ray is the elected MLA representing Parsa, Saran, Bihar."
Bihar,Saran,AC-BR-122,Sonepur,MLA,Dr. Ramanuj Prasad,Male,Rashtriya Janata Dal,1,Graduate,/assets/placeholder-avatar.svg,55000000,6500000,0,89,54,40000000,37500000,"Dr. Ramanuj Prasad is the elected MLA representing Sonepur, Saran, Bihar."
Bihar,Vaishali,AC-BR-123,Hajipur,MLA,Awadhesh Singh,Male,Bharatiya Janata Party,1,Graduate,/assets/placeholder-avatar.svg,55000000,6500000,0,89,54,40000000,37500000,"Awadhesh Singh is the elected MLA representing Hajipur, Vaishali, Bihar."
Bihar,Vaishali,AC-BR-124,Lalganj,MLA,Sanjay Kumar Singh,Male,Bharatiya Janata Party,1,Graduate,/assets/placeholder-avatar.svg,55000000,6500000,0,89,54,40000000,37500000,"Sanjay Kumar Singh is the elected MLA representing Lalganj, Vaishali, Bihar."
Bihar,Vaishali,AC-BR-125,Vaishali,MLA,Siddharth Patel,Male,Janata Dal (United),1,Graduate,/assets/placeholder-avatar.svg,55000000,6500000,0,89,54,40000000,37500000,"Siddharth Patel is the elected MLA representing Vaishali, Vaishali, Bihar."
Bihar,Vaishali,AC-BR-126,Mahua,MLA,Mukesh Raushan,Male,Rashtriya Janata Dal,1,Graduate,/assets/placeholder-avatar.svg,55000000,6500000,0,89,54,40000000,37500000,"Mukesh Raushan is the elected MLA representing Mahua, Vaishali, Bihar."
Bihar,Vaishali,AC-BR-127,Rajapakar,MLA,Pratima Kumari,Male,Indian National Congress,1,Graduate,/assets/placeholder-avatar.svg,55000000,6500000,0,89,54,40000000,37500000,"Pratima Kumari is the elected MLA representing Rajapakar, Vaishali, Bihar."
Bihar,Vaishali,AC-BR-128,Raghopur,Leader of Opposition,Tejashwi Prasad Yadav,Male,Rashtriya Janata Dal,2,Graduate,/assets/candidates/tejashwi_yadav.jpg,85000000,6500000,0,89,54,40000000,37500000,"Tejashwi Prasad Yadav is the elected Leader of Opposition representing Raghopur, Vaishali, Bihar."
Bihar,Vaishali,AC-BR-129,Mahnar,MLA,Bina Singh,Male,Rashtriya Janata Dal,1,Graduate,/assets/placeholder-avatar.svg,55000000,6500000,0,89,54,40000000,37500000,"Bina Singh is the elected MLA representing Mahnar, Vaishali, Bihar."
Bihar,Vaishali,AC-BR-130,Patepur,MLA,Lakhendra Raushan,Male,Bharatiya Janata Party,1,Graduate,/assets/placeholder-avatar.svg,55000000,6500000,0,89,54,40000000,37500000,"Lakhendra Raushan is the elected MLA representing Patepur, Vaishali, Bihar."
Bihar,Samastipur,AC-BR-131,Kalyanpur (Samastipur),MLA,Maheshwar Hazari,Male,Janata Dal (United),1,Graduate,/assets/placeholder-avatar.svg,55000000,6500000,0,89,54,40000000,37500000,"Maheshwar Hazari is the elected MLA representing Kalyanpur (Samastipur), Samastipur, Bihar."
Bihar,Samastipur,AC-BR-132,Warisnagar,MLA,Ashok Kumar,Male,Janata Dal (United),1,Graduate,/assets/placeholder-avatar.svg,55000000,6500000,0,89,54,40000000,37500000,"Ashok Kumar is the elected MLA representing Warisnagar, Samastipur, Bihar."
Bihar,Samastipur,AC-BR-133,Samastipur,MLA,Akhtarul Islam Shahin,Male,Rashtriya Janata Dal,1,Graduate,/assets/placeholder-avatar.svg,55000000,6500000,0,89,54,40000000,37500000,"Akhtarul Islam Shahin is the elected MLA representing Samastipur, Samastipur, Bihar."
Bihar,Samastipur,AC-BR-134,Ujiarpur,MLA,Alok Kumar Mehta,Male,Rashtriya Janata Dal,1,Graduate,/assets/placeholder-avatar.svg,55000000,6500000,0,89,54,40000000,37500000,"Alok Kumar Mehta is the elected MLA representing Ujiarpur, Samastipur, Bihar."
Bihar,Samastipur,AC-BR-135,Morwa,MLA,Ranvijay Sahu,Male,Rashtriya Janata Dal,1,Graduate,/assets/placeholder-avatar.svg,55000000,6500000,0,89,54,40000000,37500000,"Ranvijay Sahu is the elected MLA representing Morwa, Samastipur, Bihar."
Bihar,Samastipur,AC-BR-136,Sarairanjan,Deputy Chief Minister / MLA,Vijay KumarChoudhary,Male,Janata Dal (United),1,Graduate,/assets/placeholder-avatar.svg,55000000,6500000,0,89,54,40000000,37500000,"Vijay KumarChoudhary is the elected MLA representing Sarairanjan, Samastipur, Bihar."
Bihar,Samastipur,AC-BR-137,Mohiuddinnagar,MLA,Rajesh Kumar Singh,Male,Bharatiya Janata Party,1,Graduate,/assets/placeholder-avatar.svg,55000000,6500000,0,89,54,40000000,37500000,"Rajesh Kumar Singh is the elected MLA representing Mohiuddinnagar, Samastipur, Bihar."
Bihar,Samastipur,AC-BR-138,Bibhutipur,MLA,Ajay Kumar,Male,Communist Party of India (Marxist),1,Graduate,/assets/placeholder-avatar.svg,55000000,6500000,0,89,54,40000000,37500000,"Ajay Kumar is the elected MLA representing Bibhutipur, Samastipur, Bihar."
Bihar,Samastipur,AC-BR-139,Rosera,MLA,Birendra Kumar,Male,Bharatiya Janata Party,1,Graduate,/assets/placeholder-avatar.svg,55000000,6500000,0,89,54,40000000,37500000,"Birendra Kumar is the elected MLA representing Rosera, Samastipur, Bihar."
Bihar,Samastipur,AC-BR-140,Hasanpur,MLA,Tej Pratap Yadav,Male,Rashtriya Janata Dal,1,Graduate,/assets/placeholder-avatar.svg,55000000,6500000,0,89,54,40000000,37500000,"Tej Pratap Yadav is the elected MLA representing Hasanpur, Samastipur, Bihar."
Bihar,Begusarai,AC-BR-141,Cheria Bariarpur,MLA,Raj Vanshi Mahto,Male,Rashtriya Janata Dal,1,Graduate,/assets/placeholder-avatar.svg,55000000,6500000,0,89,54,40000000,37500000,"Raj Vanshi Mahto is the elected MLA representing Cheria Bariarpur, Begusarai, Bihar."
Bihar,Begusarai,AC-BR-142,Bachhwara,MLA,Surendra Mehata,Male,Bharatiya Janata Party,1,Graduate,/assets/placeholder-avatar.svg,55000000,6500000,0,89,54,40000000,37500000,"Surendra Mehata is the elected MLA representing Bachhwara, Begusarai, Bihar."
Bihar,Begusarai,AC-BR-143,Teghra,MLA,Ram Ratan Singh,Male,Communist Party of India,1,Graduate,/assets/placeholder-avatar.svg,55000000,6500000,0,89,54,40000000,37500000,"Ram Ratan Singh is the elected MLA representing Teghra, Begusarai, Bihar."
Bihar,Begusarai,AC-BR-144,Matihani,MLA,Raj Kumar Singh,Male,Lok Janshakti Party,1,Graduate,/assets/placeholder-avatar.svg,55000000,6500000,0,89,54,40000000,37500000,"Raj Kumar Singh is the elected MLA representing Matihani, Begusarai, Bihar."
Bihar,Begusarai,AC-BR-145,Sahebpur Kamal,MLA,Satanand Sambuddha,Male,Rashtriya Janata Dal,1,Graduate,/assets/placeholder-avatar.svg,55000000,6500000,0,89,54,40000000,37500000,"Satanand Sambuddha is the elected MLA representing Sahebpur Kamal, Begusarai, Bihar."
Bihar,Begusarai,AC-BR-146,Begusarai,MLA,Kundan Kumar,Male,Bharatiya Janata Party,1,Graduate,/assets/placeholder-avatar.svg,55000000,6500000,0,89,54,40000000,37500000,"Kundan Kumar is the elected MLA representing Begusarai, Begusarai, Bihar."
Bihar,Begusarai,AC-BR-147,Bakhri,MLA,Suryakant Paswan,Male,Communist Party of India,1,Graduate,/assets/placeholder-avatar.svg,55000000,6500000,0,89,54,40000000,37500000,"Suryakant Paswan is the elected MLA representing Bakhri, Begusarai, Bihar."
Bihar,Khagaria,AC-BR-148,Alauli,MLA,Ramvriksh Sada,Male,Rashtriya Janata Dal,1,Graduate,/assets/placeholder-avatar.svg,55000000,6500000,0,89,54,40000000,37500000,"Ramvriksh Sada is the elected MLA representing Alauli, Khagaria, Bihar."
Bihar,Khagaria,AC-BR-149,Khagaria,MLA,Chhatrapati Yadav,Male,Indian National Congress,1,Graduate,/assets/placeholder-avatar.svg,55000000,6500000,0,89,54,40000000,37500000,"Chhatrapati Yadav is the elected MLA representing Khagaria, Khagaria, Bihar."
Bihar,Khagaria,AC-BR-150,Beldaur,MLA,Panna Lal Patel,Male,Janata Dal (United),1,Graduate,/assets/placeholder-avatar.svg,55000000,6500000,0,89,54,40000000,37500000,"Panna Lal Patel is the elected MLA representing Beldaur, Khagaria, Bihar."
Bihar,Khagaria,AC-BR-151,Parbatta,Chief Minister of Bihar,Samrat Choudhary,Male,Bharatiya Janata Party,1,Graduate,/assets/candidates/samrat_choudhary.jpg,55000000,6500000,0,89,54,40000000,37500000,"Sanjeev Kumar is the elected MLA representing Parbatta, Khagaria, Bihar."
Bihar,Bhagalpur,AC-BR-152,Bihpur,MLA,Kumar Shailendra,Male,Bharatiya Janata Party,1,Graduate,/assets/placeholder-avatar.svg,55000000,6500000,0,89,54,40000000,37500000,"Kumar Shailendra is the elected MLA representing Bihpur, Bhagalpur, Bihar."
Bihar,Bhagalpur,AC-BR-153,Gopalpur,MLA,Narendra Niraj,Male,Janata Dal (United),1,Graduate,/assets/placeholder-avatar.svg,55000000,6500000,0,89,54,40000000,37500000,"Narendra Niraj is the elected MLA representing Gopalpur, Bhagalpur, Bihar."
Bihar,Bhagalpur,AC-BR-154,Pirpainti,MLA,Lalan Kumar,Male,Bharatiya Janata Party,1,Graduate,/assets/placeholder-avatar.svg,55000000,6500000,0,89,54,40000000,37500000,"Lalan Kumar is the elected MLA representing Pirpainti, Bhagalpur, Bihar."
Bihar,Bhagalpur,AC-BR-155,Kahalgaon,MLA,Pawan Kumar Yadav,Male,Bharatiya Janata Party,1,Graduate,/assets/placeholder-avatar.svg,55000000,6500000,0,89,54,40000000,37500000,"Pawan Kumar Yadav is the elected MLA representing Kahalgaon, Bhagalpur, Bihar."
Bihar,Bhagalpur,AC-BR-156,Bhagalpur,MLA,Ajit Sharma,Male,Indian National Congress,1,Graduate,/assets/placeholder-avatar.svg,55000000,6500000,0,89,54,40000000,37500000,"Ajit Sharma is the elected MLA representing Bhagalpur, Bhagalpur, Bihar."
Bihar,Bhagalpur,AC-BR-157,Sultanganj,MLA,Lalit Narayan Mandal,Male,Janata Dal (United),1,Graduate,/assets/placeholder-avatar.svg,55000000,6500000,0,89,54,40000000,37500000,"Lalit Narayan Mandal is the elected MLA representing Sultanganj, Bhagalpur, Bihar."
Bihar,Bhagalpur,AC-BR-158,Nathnagar,MLA,Ali Ashraf Siddiqui,Male,Rashtriya Janata Dal,1,Graduate,/assets/placeholder-avatar.svg,55000000,6500000,0,89,54,40000000,37500000,"Ali Ashraf Siddiqui is the elected MLA representing Nathnagar, Bhagalpur, Bihar."
Bihar,Banka,AC-BR-159,Amarpur,MLA,Jayant Raj,Male,Janata Dal (United),1,Graduate,/assets/placeholder-avatar.svg,55000000,6500000,0,89,54,40000000,37500000,"Jayant Raj is the elected MLA representing Amarpur, Banka, Bihar."
Bihar,Banka,AC-BR-160,Dhauraiya,MLA,Bhudeo Choudhary,Male,Rashtriya Janata Dal,1,Graduate,/assets/placeholder-avatar.svg,55000000,6500000,0,89,54,40000000,37500000,"Bhudeo Choudhary is the elected MLA representing Dhauraiya, Banka, Bihar."
Bihar,Banka,AC-BR-161,Banka,MLA,Ram Narayan Mandal,Male,Bharatiya Janata Party,1,Graduate,/assets/placeholder-avatar.svg,55000000,6500000,0,89,54,40000000,37500000,"Ram Narayan Mandal is the elected MLA representing Banka, Banka, Bihar."
Bihar,Banka,AC-BR-162,Katoria,MLA,Dr. Nikki Hembrom,Male,Bharatiya Janata Party,1,Graduate,/assets/placeholder-avatar.svg,55000000,6500000,0,89,54,40000000,37500000,"Dr. Nikki Hembrom is the elected MLA representing Katoria, Banka, Bihar."
Bihar,Banka,AC-BR-163,Belhar,MLA,Manoj Yadav,Male,Janata Dal (United),1,Graduate,/assets/placeholder-avatar.svg,55000000,6500000,0,89,54,40000000,37500000,"Manoj Yadav is the elected MLA representing Belhar, Banka, Bihar."
Bihar,Munger,AC-BR-164,Tarapur,MLA,Mewa Lal Choudhary,Male,Janata Dal (United),1,Graduate,/assets/placeholder-avatar.svg,55000000,6500000,0,89,54,40000000,37500000,"Mewa Lal Choudhary is the elected MLA representing Tarapur, Munger, Bihar."
Bihar,Munger,AC-BR-165,Munger,MLA,Pranav Kumar,Male,Bharatiya Janata Party,1,Graduate,/assets/placeholder-avatar.svg,55000000,6500000,0,89,54,40000000,37500000,"Pranav Kumar is the elected MLA representing Munger, Munger, Bihar."
Bihar,Munger,AC-BR-166,Jamalpur,MLA,Ajay Kumar Singh,Male,Indian National Congress,1,Graduate,/assets/placeholder-avatar.svg,55000000,6500000,0,89,54,40000000,37500000,"Ajay Kumar Singh is the elected MLA representing Jamalpur, Munger, Bihar."
Bihar,Lakhisarai,AC-BR-167,Surajgarha,MLA,Prahlad Yadav,Male,Rashtriya Janata Dal,1,Graduate,/assets/placeholder-avatar.svg,55000000,6500000,0,89,54,40000000,37500000,"Prahlad Yadav is the elected MLA representing Surajgarha, Lakhisarai, Bihar."
Bihar,Lakhisarai,AC-BR-168,Lakhisarai,MLA / Former Deputy CM,Vijay Kumar Sinha,Male,Bharatiya Janata Party,3,Graduate,/assets/candidates/vijay_kumar_sinha.jpg,55000000,6500000,0,89,54,40000000,37500000,"Vijay Kumar Sinha is the elected Deputy Chief Minister representing Lakhisarai, Lakhisarai, Bihar."
Bihar,Sheikhpura,AC-BR-169,Sheikhpura,MLA,Vijay Kumar,Male,Rashtriya Janata Dal,1,Graduate,/assets/placeholder-avatar.svg,55000000,6500000,0,89,54,40000000,37500000,"Vijay Kumar is the elected MLA representing Sheikhpura, Sheikhpura, Bihar."
Bihar,Sheikhpura,AC-BR-170,Barbigha,MLA,Sudarshan Kumar,Male,Janata Dal (United),1,Graduate,/assets/placeholder-avatar.svg,55000000,6500000,0,89,54,40000000,37500000,"Sudarshan Kumar is the elected MLA representing Barbigha, Sheikhpura, Bihar."
Bihar,Nalanda,AC-BR-171,Asthawan,MLA,Jitendra Kumar,Male,Janata Dal (United),1,Graduate,/assets/placeholder-avatar.svg,55000000,6500000,0,89,54,40000000,37500000,"Jitendra Kumar is the elected MLA representing Asthawan, Nalanda, Bihar."
Bihar,Nalanda,AC-BR-172,Biharsharif,MLA,Dr. Sunil Kumar,Male,Bharatiya Janata Party,1,Graduate,/assets/placeholder-avatar.svg,55000000,6500000,0,89,54,40000000,37500000,"Dr. Sunil Kumar is the elected MLA representing Biharsharif, Nalanda, Bihar."
Bihar,Nalanda,AC-BR-173,Rajgir,MLA,Kaushal Kishore,Male,Janata Dal (United),1,Graduate,/assets/placeholder-avatar.svg,55000000,6500000,0,89,54,40000000,37500000,"Kaushal Kishore is the elected MLA representing Rajgir, Nalanda, Bihar."
Bihar,Nalanda,AC-BR-174,Islampur,MLA,Rakesh KumarRoushan,Male,Rashtriya Janata Dal,1,Graduate,/assets/placeholder-avatar.svg,55000000,6500000,0,89,54,40000000,37500000,"Rakesh KumarRoushan is the elected MLA representing Islampur, Nalanda, Bihar."
Bihar,Nalanda,AC-BR-175,Hilsa,MLA,Krishnamurari Sharan,Male,Janata Dal (United),1,Graduate,/assets/placeholder-avatar.svg,55000000,6500000,0,89,54,40000000,37500000,"Krishnamurari Sharan is the elected MLA representing Hilsa, Nalanda, Bihar."
Bihar,Nalanda,AC-BR-176,Nalanda,MLA,Shrawon Kumar,Male,Janata Dal (United),1,Graduate,/assets/placeholder-avatar.svg,55000000,6500000,0,89,54,40000000,37500000,"Shrawon Kumar is the elected MLA representing Nalanda, Nalanda, Bihar."
Bihar,Nalanda,AC-BR-177,Harnaut,MLA,Hari Narayan Singh,Male,Janata Dal (United),1,Graduate,/assets/placeholder-avatar.svg,55000000,6500000,0,89,54,40000000,37500000,"Hari Narayan Singh is the elected MLA representing Harnaut, Nalanda, Bihar."
Bihar,Patna,AC-BR-178,Mokama,MLA,Anant Kumar Singh,Male,Rashtriya Janata Dal,1,Graduate,/assets/placeholder-avatar.svg,55000000,6500000,0,89,54,40000000,37500000,"Anant Kumar Singh is the elected MLA representing Mokama, Patna, Bihar."
Bihar,Patna,AC-BR-179,Barh,MLA,Gyanendra Kumar Singh,Male,Bharatiya Janata Party,1,Graduate,/assets/placeholder-avatar.svg,55000000,6500000,0,89,54,40000000,37500000,"Gyanendra Kumar Singh is the elected MLA representing Barh, Patna, Bihar."
Bihar,Patna,AC-BR-180,Bakhtiarpur,MLA,Aniruddh Kumar,Male,Rashtriya Janata Dal,1,Graduate,/assets/placeholder-avatar.svg,55000000,6500000,0,89,54,40000000,37500000,"Aniruddh Kumar is the elected MLA representing Bakhtiarpur, Patna, Bihar."
Bihar,Patna,AC-BR-181,Digha,MLA,Sanjiv Chaurasia,Male,Bharatiya Janata Party,1,Graduate,/assets/placeholder-avatar.svg,55000000,6500000,0,89,54,40000000,37500000,"Sanjiv Chaurasia is the elected MLA representing Digha, Patna, Bihar."
Bihar,Patna,AC-BR-182,Bankipur,MLA,Nitin Nabin,Male,Bharatiya Janata Party,1,Graduate,/assets/placeholder-avatar.svg,55000000,6500000,0,89,54,40000000,37500000,"Nitin Nabin is the elected MLA representing Bankipur, Patna, Bihar."
Bihar,Patna,AC-BR-183,Kumhrar,MLA,Arun Kumar Sinha,Male,Bharatiya Janata Party,1,Graduate,/assets/placeholder-avatar.svg,55000000,6500000,0,89,54,40000000,37500000,"Arun Kumar Sinha is the elected MLA representing Kumhrar, Patna, Bihar."
Bihar,Patna,AC-BR-184,Patna Sahib,MLA,Nand Kishore Yadav,Male,Bharatiya Janata Party,1,Graduate,/assets/placeholder-avatar.svg,55000000,6500000,0,89,54,40000000,37500000,"Nand Kishore Yadav is the elected MLA representing Patna Sahib, Patna, Bihar."
Bihar,Patna,AC-BR-185,Fatuha,MLA,Dr. Ramanand Yadav,Male,Rashtriya Janata Dal,1,Graduate,/assets/placeholder-avatar.svg,55000000,6500000,0,89,54,40000000,37500000,"Dr. Ramanand Yadav is the elected MLA representing Fatuha, Patna, Bihar."
Bihar,Patna,AC-BR-186,Danapur,MLA,Rit Lal Ray,Male,Rashtriya Janata Dal,1,Graduate,/assets/placeholder-avatar.svg,55000000,6500000,0,89,54,40000000,37500000,"Rit Lal Ray is the elected MLA representing Danapur, Patna, Bihar."
Bihar,Patna,AC-BR-187,Maner,MLA,Bhai Virendra,Male,Rashtriya Janata Dal,1,Graduate,/assets/placeholder-avatar.svg,55000000,6500000,0,89,54,40000000,37500000,"Bhai Virendra is the elected MLA representing Maner, Patna, Bihar."
Bihar,Patna,AC-BR-188,Phulwari,MLA,Gopal Ravidas,Male,CPI(ML),1,Graduate,/assets/placeholder-avatar.svg,55000000,6500000,0,89,54,40000000,37500000,"Gopal Ravidas is the elected MLA representing Phulwari, Patna, Bihar."
Bihar,Patna,AC-BR-189,Masaurhi,MLA,Rekha Devi,Female,Rashtriya Janata Dal,1,Graduate,/assets/placeholder-avatar.svg,55000000,6500000,0,89,54,40000000,37500000,"Rekha Devi is the elected MLA representing Masaurhi, Patna, Bihar."
Bihar,Patna,AC-BR-190,Paliganj,MLA,Sandeep Saurav,Male,CPI(ML),1,Graduate,/assets/placeholder-avatar.svg,55000000,6500000,0,89,54,40000000,37500000,"Sandeep Saurav is the elected MLA representing Paliganj, Patna, Bihar."
Bihar,Patna,AC-BR-191,Bikram,MLA,Siddharth Saurav,Male,Indian National Congress,1,Graduate,/assets/placeholder-avatar.svg,55000000,6500000,0,89,54,40000000,37500000,"Siddharth Saurav is the elected MLA representing Bikram, Patna, Bihar."
Bihar,Bhojpur,AC-BR-192,Sandesh,MLA,Kiran Devi,Female,Rashtriya Janata Dal,1,Graduate,/assets/placeholder-avatar.svg,55000000,6500000,0,89,54,40000000,37500000,"Kiran Devi is the elected MLA representing Sandesh, Bhojpur, Bihar."
Bihar,Bhojpur,AC-BR-193,Barhara,MLA,Raghvendra Singh,Male,Bharatiya Janata Party,1,Graduate,/assets/placeholder-avatar.svg,55000000,6500000,0,89,54,40000000,37500000,"Raghvendra Singh is the elected MLA representing Barhara, Bhojpur, Bihar."
Bihar,Bhojpur,AC-BR-194,Arrah,MLA,AmrendraPratap Singh,Male,Bharatiya Janata Party,1,Graduate,/assets/placeholder-avatar.svg,55000000,6500000,0,89,54,40000000,37500000,"AmrendraPratap Singh is the elected MLA representing Arrah, Bhojpur, Bihar."
Bihar,Bhojpur,AC-BR-195,Agiaon,MLA,Manoj Manzil,Male,CPI(ML),1,Graduate,/assets/placeholder-avatar.svg,55000000,6500000,0,89,54,40000000,37500000,"Manoj Manzil is the elected MLA representing Agiaon, Bhojpur, Bihar."
Bihar,Bhojpur,AC-BR-196,Tarari,MLA,Sudama Prasad,Male,CPI(ML),1,Graduate,/assets/placeholder-avatar.svg,55000000,6500000,0,89,54,40000000,37500000,"Sudama Prasad is the elected MLA representing Tarari, Bhojpur, Bihar."
Bihar,Bhojpur,AC-BR-197,Jagdishpur,MLA,Ram Vishun Singh,Male,Rashtriya Janata Dal,1,Graduate,/assets/placeholder-avatar.svg,55000000,6500000,0,89,54,40000000,37500000,"Ram Vishun Singh is the elected MLA representing Jagdishpur, Bhojpur, Bihar."
Bihar,Bhojpur,AC-BR-198,Shahpur,MLA,Rahul Tiwary,Male,Rashtriya Janata Dal,1,Graduate,/assets/placeholder-avatar.svg,55000000,6500000,0,89,54,40000000,37500000,"Rahul Tiwary is the elected MLA representing Shahpur, Bhojpur, Bihar."
Bihar,Buxar,AC-BR-199,Brahampur,MLA,Shambhu Nath Yadav,Male,Rashtriya Janata Dal,1,Graduate,/assets/placeholder-avatar.svg,55000000,6500000,0,89,54,40000000,37500000,"Shambhu Nath Yadav is the elected MLA representing Brahampur, Buxar, Bihar."
Bihar,Buxar,AC-BR-200,Buxar,MLA,Sanjay Kr. Tiwari,Male,Indian National Congress,1,Graduate,/assets/placeholder-avatar.svg,55000000,6500000,0,89,54,40000000,37500000,"Sanjay Kr. Tiwari is the elected MLA representing Buxar, Buxar, Bihar."
Bihar,Buxar,AC-BR-201,Dumraon,MLA,Ajit Kumar Singh,Male,CPI(ML),1,Graduate,/assets/placeholder-avatar.svg,55000000,6500000,0,89,54,40000000,37500000,"Ajit Kumar Singh is the elected MLA representing Dumraon, Buxar, Bihar."
Bihar,Buxar,AC-BR-202,Rajpur,MLA,Vishwanath Ram,Male,Indian National Congress,1,Graduate,/assets/placeholder-avatar.svg,55000000,6500000,0,89,54,40000000,37500000,"Vishwanath Ram is the elected MLA representing Rajpur, Buxar, Bihar."
Bihar,Kaimur,AC-BR-203,Ramgarh,MLA,Sudhakar Singh,Male,Rashtriya Janata Dal,1,Graduate,/assets/placeholder-avatar.svg,55000000,6500000,0,89,54,40000000,37500000,"Sudhakar Singh is the elected MLA representing Ramgarh, Kaimur, Bihar."
Bihar,Kaimur,AC-BR-204,Mohania,MLA,Sangita Kumari,Female,Rashtriya Janata Dal,1,Graduate,/assets/placeholder-avatar.svg,55000000,6500000,0,89,54,40000000,37500000,"Sangita Kumari is the elected MLA representing Mohania, Kaimur, Bihar."
Bihar,Kaimur,AC-BR-205,Bhabua,MLA,Bharat Bind,Male,Rashtriya Janata Dal,1,Graduate,/assets/placeholder-avatar.svg,55000000,6500000,0,89,54,40000000,37500000,"Bharat Bind is the elected MLA representing Bhabua, Kaimur, Bihar."
Bihar,Kaimur,AC-BR-206,Chainpur,MLA,Mohd. Zama Khan,Male,Bahujan Samaj Party,1,Graduate,/assets/placeholder-avatar.svg,55000000,6500000,0,89,54,40000000,37500000,"Mohd. Zama Khan is the elected MLA representing Chainpur, Kaimur, Bihar."
Bihar,Rohtas,AC-BR-207,Chenari,MLA,Murari Gautam,Male,Indian National Congress,1,Graduate,/assets/placeholder-avatar.svg,55000000,6500000,0,89,54,40000000,37500000,"Murari Gautam is the elected MLA representing Chenari, Rohtas, Bihar."
Bihar,Rohtas,AC-BR-208,Sasaram,MLA,Rajesh Kumar Gupta,Male,Rashtriya Janata Dal,1,Graduate,/assets/placeholder-avatar.svg,55000000,6500000,0,89,54,40000000,37500000,"Rajesh Kumar Gupta is the elected MLA representing Sasaram, Rohtas, Bihar."
Bihar,Rohtas,AC-BR-209,Kargahar,MLA,Santosh Kumar Mishra,Male,Indian National Congress,1,Graduate,/assets/placeholder-avatar.svg,55000000,6500000,0,89,54,40000000,37500000,"Santosh Kumar Mishra is the elected MLA representing Kargahar, Rohtas, Bihar."
Bihar,Rohtas,AC-BR-210,Dinara,MLA,Vijay Kumar Mandal,Male,Rashtriya Janata Dal,1,Graduate,/assets/placeholder-avatar.svg,55000000,6500000,0,89,54,40000000,37500000,"Vijay Kumar Mandal is the elected MLA representing Dinara, Rohtas, Bihar."
Bihar,Rohtas,AC-BR-211,Nokha,MLA,Anita Devi,Female,Rashtriya Janata Dal,1,Graduate,/assets/placeholder-avatar.svg,55000000,6500000,0,89,54,40000000,37500000,"Anita Devi is the elected MLA representing Nokha, Rohtas, Bihar."
Bihar,Rohtas,AC-BR-212,Dehri,MLA,Phate Bahadur Singh,Male,Rashtriya Janata Dal,1,Graduate,/assets/placeholder-avatar.svg,55000000,6500000,0,89,54,40000000,37500000,"Phate Bahadur Singh is the elected MLA representing Dehri, Rohtas, Bihar."
Bihar,Rohtas,AC-BR-213,Karakat,MLA,Arun Singh,Male,CPI(ML),1,Graduate,/assets/placeholder-avatar.svg,55000000,6500000,0,89,54,40000000,37500000,"Arun Singh is the elected MLA representing Karakat, Rohtas, Bihar."
Bihar,Arwal,AC-BR-214,Arwal,MLA,Maha Nand Singh,Male,CPI(ML),1,Graduate,/assets/placeholder-avatar.svg,55000000,6500000,0,89,54,40000000,37500000,"Maha Nand Singh is the elected MLA representing Arwal, Arwal, Bihar."
Bihar,Arwal,AC-BR-215,Kurtha,MLA,Bagi Kumar Verma,Male,Rashtriya Janata Dal,1,Graduate,/assets/placeholder-avatar.svg,55000000,6500000,0,89,54,40000000,37500000,"Bagi Kumar Verma is the elected MLA representing Kurtha, Arwal, Bihar."
Bihar,Jehanabad,AC-BR-216,Jehanabad,MLA,Kumar Krishna Mohan,Female,Rashtriya Janata Dal,1,Graduate,/assets/placeholder-avatar.svg,55000000,6500000,0,89,54,40000000,37500000,"Kumar Krishna Mohan is the elected MLA representing Jehanabad, Jehanabad, Bihar."
Bihar,Jehanabad,AC-BR-217,Ghosi,MLA,Ram Bali Yadav,Male,CPI(ML),1,Graduate,/assets/placeholder-avatar.svg,55000000,6500000,0,89,54,40000000,37500000,"Ram Bali Yadav is the elected MLA representing Ghosi, Jehanabad, Bihar."
Bihar,Jehanabad,AC-BR-218,Makhdumpur,MLA,Satish Kumar,Male,Rashtriya Janata Dal,1,Graduate,/assets/placeholder-avatar.svg,55000000,6500000,0,89,54,40000000,37500000,"Satish Kumar is the elected MLA representing Makhdumpur, Jehanabad, Bihar."
Bihar,Aurangabad,AC-BR-219,Goh,MLA,Bheem Kumar Yadav,Male,Rashtriya Janata Dal,1,Graduate,/assets/placeholder-avatar.svg,55000000,6500000,0,89,54,40000000,37500000,"Bheem Kumar Yadav is the elected MLA representing Goh, Aurangabad, Bihar."
Bihar,Aurangabad,AC-BR-220,Obra,MLA,Rishi Kumar,Male,Rashtriya Janata Dal,1,Graduate,/assets/placeholder-avatar.svg,55000000,6500000,0,89,54,40000000,37500000,"Rishi Kumar is the elected MLA representing Obra, Aurangabad, Bihar."
Bihar,Aurangabad,AC-BR-221,Nabinagar,MLA,Vijay Singh,Male,Rashtriya Janata Dal,1,Graduate,/assets/placeholder-avatar.svg,55000000,6500000,0,89,54,40000000,37500000,"Vijay Singh is the elected MLA representing Nabinagar, Aurangabad, Bihar."
Bihar,Aurangabad,AC-BR-222,Kutumba,MLA,Rajesh Kumar,Male,Indian National Congress,1,Graduate,/assets/placeholder-avatar.svg,55000000,6500000,0,89,54,40000000,37500000,"Rajesh Kumar is the elected MLA representing Kutumba, Aurangabad, Bihar."
Bihar,Aurangabad,AC-BR-223,Aurangabad,MLA,Anand Shankar Singh,Male,Indian National Congress,1,Graduate,/assets/placeholder-avatar.svg,55000000,6500000,0,89,54,40000000,37500000,"Anand Shankar Singh is the elected MLA representing Aurangabad, Aurangabad, Bihar."
Bihar,Aurangabad,AC-BR-224,Rafiganj,MLA,Md. Nehaluddin,Male,Rashtriya Janata Dal,1,Graduate,/assets/placeholder-avatar.svg,55000000,6500000,0,89,54,40000000,37500000,"Md. Nehaluddin is the elected MLA representing Rafiganj, Aurangabad, Bihar."
Bihar,Gaya,AC-BR-225,Gurua,MLA,Vinay Yadav,Male,Rashtriya Janata Dal,1,Graduate,/assets/placeholder-avatar.svg,55000000,6500000,0,89,54,40000000,37500000,"Vinay Yadav is the elected MLA representing Gurua, Gaya, Bihar."
Bihar,Gaya,AC-BR-226,Sherghati,MLA,Manju Agrawal,Female,Rashtriya Janata Dal,1,Graduate,/assets/placeholder-avatar.svg,55000000,6500000,0,89,54,40000000,37500000,"Manju Agrawal is the elected MLA representing Sherghati, Gaya, Bihar."
Bihar,Gaya,AC-BR-227,Imamganj,MLA,Jitan Ram Manjhi,Male,HAM,3,Graduate,/assets/candidates/jitan_ram_manjhi.jpg,55000000,6500000,0,89,54,40000000,37500000,"Jitan Ram Manjhi is the elected MLA representing Imamganj, Gaya, Bihar."
Bihar,Gaya,AC-BR-228,Barachatti,MLA,Jyoti Devi,Female,HAM,1,Graduate,/assets/placeholder-avatar.svg,55000000,6500000,0,89,54,40000000,37500000,"Jyoti Devi is the elected MLA representing Barachatti, Gaya, Bihar."
Bihar,Gaya,AC-BR-229,Bodh Gaya,MLA,Kumar Sarvjeet,Male,Rashtriya Janata Dal,1,Graduate,/assets/placeholder-avatar.svg,55000000,6500000,0,89,54,40000000,37500000,"Kumar Sarvjeet is the elected MLA representing Bodh Gaya, Gaya, Bihar."
Bihar,Gaya,AC-BR-230,Gaya Town,MLA,Prem Kumar,Male,Bharatiya Janata Party,1,Graduate,/assets/placeholder-avatar.svg,55000000,6500000,0,89,54,40000000,37500000,"Prem Kumar is the elected MLA representing Gaya Town, Gaya, Bihar."
Bihar,Gaya,AC-BR-231,Tikari,MLA,Anil Kumar,Male,HAM,1,Graduate,/assets/placeholder-avatar.svg,55000000,6500000,0,89,54,40000000,37500000,"Anil Kumar is the elected MLA representing Tikari, Gaya, Bihar."
Bihar,Gaya,AC-BR-232,Belaganj,MLA,Surendra Prasad Yadav,Male,Rashtriya Janata Dal,1,Graduate,/assets/placeholder-avatar.svg,55000000,6500000,0,89,54,40000000,37500000,"Surendra Prasad Yadav is the elected MLA representing Belaganj, Gaya, Bihar."
Bihar,Gaya,AC-BR-233,Atri,MLA,Ajay Yadav,Male,Rashtriya Janata Dal,1,Graduate,/assets/placeholder-avatar.svg,55000000,6500000,0,89,54,40000000,37500000,"Ajay Yadav is the elected MLA representing Atri, Gaya, Bihar."
Bihar,Gaya,AC-BR-234,Wazirganj,MLA,Birendra Singh,Male,Bharatiya Janata Party,1,Graduate,/assets/placeholder-avatar.svg,55000000,6500000,0,89,54,40000000,37500000,"Birendra Singh is the elected MLA representing Wazirganj, Gaya, Bihar."
Bihar,Nawada,AC-BR-235,Rajauli,MLA,Prakash Veer,Male,Rashtriya Janata Dal,1,Graduate,/assets/placeholder-avatar.svg,55000000,6500000,0,89,54,40000000,37500000,"Prakash Veer is the elected MLA representing Rajauli, Nawada, Bihar."
Bihar,Nawada,AC-BR-236,Hisua,MLA,Nitu Kumari,Male,Indian National Congress,1,Graduate,/assets/placeholder-avatar.svg,55000000,6500000,0,89,54,40000000,37500000,"Nitu Kumari is the elected MLA representing Hisua, Nawada, Bihar."
Bihar,Nawada,AC-BR-237,Nawada,MLA,Vibha Devi Yadav,Female,Rashtriya Janata Dal,1,Graduate,/assets/placeholder-avatar.svg,55000000,6500000,0,89,54,40000000,37500000,"Vibha Devi Yadav is the elected MLA representing Nawada, Nawada, Bihar."
Bihar,Nawada,AC-BR-238,Gobindpur,MLA,Md. Kamran,Male,Rashtriya Janata Dal,1,Graduate,/assets/placeholder-avatar.svg,55000000,6500000,0,89,54,40000000,37500000,"Md. Kamran is the elected MLA representing Gobindpur, Nawada, Bihar."
Bihar,Nawada,AC-BR-239,Warsaliganj,MLA,Aruna Devi,Female,Bharatiya Janata Party,1,Graduate,/assets/placeholder-avatar.svg,55000000,6500000,0,89,54,40000000,37500000,"Aruna Devi is the elected MLA representing Warsaliganj, Nawada, Bihar."
Bihar,Jamui,AC-BR-240,Sikandra,MLA,Prafull Kumar Manjhi,Male,HAM,1,Graduate,/assets/placeholder-avatar.svg,55000000,6500000,0,89,54,40000000,37500000,"Prafull Kumar Manjhi is the elected MLA representing Sikandra, Jamui, Bihar."
Bihar,Jamui,AC-BR-241,Jamui,MLA,Shreyasi Singh,Male,Bharatiya Janata Party,1,Graduate,/assets/placeholder-avatar.svg,55000000,6500000,0,89,54,40000000,37500000,"Shreyasi Singh is the elected MLA representing Jamui, Jamui, Bihar."
Bihar,Jamui,AC-BR-242,Jhajha,MLA,Damodar Rawat,Male,Janata Dal (United),1,Graduate,/assets/placeholder-avatar.svg,55000000,6500000,0,89,54,40000000,37500000,"Damodar Rawat is the elected MLA representing Jhajha, Jamui, Bihar."
Bihar,Jamui,AC-BR-243,Chakai,MLA,Sumit Singh,Male,Independent,1,Graduate,/assets/placeholder-avatar.svg,55000000,6500000,0,89,54,40000000,37500000,"Sumit Singh is the elected MLA representing Chakai, Jamui, Bihar."
Assam,Karimganj,AC-AS-1,Ratabari,MLA,Bijoy Malakar,Male,Bharatiya Janata Party,1,Graduate,/assets/placeholder-avatar.svg,52000000,6200000,0,93,62,50000000,47500000,"Bijoy Malakar is the elected MLA representing Ratabari, Karimganj, Assam."
Assam,Karimganj,AC-AS-2,Patharkandi,MLA,Krishnendu Paul,Male,Bharatiya Janata Party,1,Graduate,/assets/placeholder-avatar.svg,52000000,6200000,0,93,62,50000000,47500000,"Krishnendu Paul is the elected MLA representing Patharkandi, Karimganj, Assam."
Assam,Karimganj,AC-AS-3,Karimganj North,MLA,Kamalakhya Dey Purkayastha,Male,Indian National Congress,1,Graduate,/assets/placeholder-avatar.svg,52000000,6200000,0,93,62,50000000,47500000,"Kamalakhya Dey Purkayastha is the elected MLA representing Karimganj North, Karimganj, Assam."
Assam,Karimganj,AC-AS-4,Karimganj South,MLA,Siddique Ahmed,Male,Indian National Congress,1,Graduate,/assets/placeholder-avatar.svg,52000000,6200000,0,93,62,50000000,47500000,"Siddique Ahmed is the elected MLA representing Karimganj South, Karimganj, Assam."
Assam,Karimganj,AC-AS-5,Badarpur,MLA,Abdul Aziz,Male,All India United Democratic Front,1,Graduate,/assets/placeholder-avatar.svg,52000000,6200000,0,93,62,50000000,47500000,"Abdul Aziz is the elected MLA representing Badarpur, Karimganj, Assam."
Assam,Hailakandi,AC-AS-6,Hailakandi,MLA,Zakir Hussain Laskar,Male,All India United Democratic Front,1,Graduate,/assets/placeholder-avatar.svg,52000000,6200000,0,93,62,50000000,47500000,"Zakir Hussain Laskar is the elected MLA representing Hailakandi, Hailakandi, Assam."
Assam,Hailakandi,AC-AS-7,Katlicherra,MLA,Sujam Uddin Laskar,Male,All India United Democratic Front,1,Graduate,/assets/placeholder-avatar.svg,52000000,6200000,0,93,62,50000000,47500000,"Sujam Uddin Laskar is the elected MLA representing Katlicherra, Hailakandi, Assam."
Assam,Hailakandi,AC-AS-8,Algapur,MLA,Nizamuddin Choudhury,Male,All India United Democratic Front,1,Graduate,/assets/placeholder-avatar.svg,52000000,6200000,0,93,62,50000000,47500000,"Nizamuddin Choudhury is the elected MLA representing Algapur, Hailakandi, Assam."
Assam,Cachar,AC-AS-9,Silchar,MLA,Dipayan Chakraborty,Male,Bharatiya Janata Party,1,Graduate,/assets/placeholder-avatar.svg,52000000,6200000,0,93,62,50000000,47500000,"Dipayan Chakraborty is the elected MLA representing Silchar, Cachar, Assam."
Assam,Cachar,AC-AS-10,Sonai,MLA,Karim Uddin Barbhuiya,Male,All India United Democratic Front,1,Graduate,/assets/placeholder-avatar.svg,52000000,6200000,0,93,62,50000000,47500000,"Karim Uddin Barbhuiya is the elected MLA representing Sonai, Cachar, Assam."
Assam,Cachar,AC-AS-11,Dholai,MLA,Parimal Suklabaidya,Male,Bharatiya Janata Party,1,Graduate,/assets/placeholder-avatar.svg,52000000,6200000,0,93,62,50000000,47500000,"Parimal Suklabaidya is the elected MLA representing Dholai, Cachar, Assam."
Assam,Cachar,AC-AS-12,Udharbond,MLA,Mihir Kanti Shome,Female,Bharatiya Janata Party,1,Graduate,/assets/placeholder-avatar.svg,52000000,6200000,0,93,62,50000000,47500000,"Mihir Kanti Shome is the elected MLA representing Udharbond, Cachar, Assam."
Assam,Cachar,AC-AS-13,Lakhipur,MLA,Kaushik Rai,Male,Bharatiya Janata Party,1,Graduate,/assets/placeholder-avatar.svg,52000000,6200000,0,93,62,50000000,47500000,"Kaushik Rai is the elected MLA representing Lakhipur, Cachar, Assam."
Assam,Cachar,AC-AS-14,Barkhola,MLA,Misbahul Islam Laskar,Male,Indian National Congress,1,Graduate,/assets/placeholder-avatar.svg,52000000,6200000,0,93,62,50000000,47500000,"Misbahul Islam Laskar is the elected MLA representing Barkhola, Cachar, Assam."
Assam,Cachar,AC-AS-15,Katigorah,MLA,Khalil Uddin Mazumder,Male,Indian National Congress,1,Graduate,/assets/placeholder-avatar.svg,52000000,6200000,0,93,62,50000000,47500000,"Khalil Uddin Mazumder is the elected MLA representing Katigorah, Cachar, Assam."
Assam,Dima Hasao,AC-AS-16,Haflong,MLA,Nandita Garlosa,Male,Bharatiya Janata Party,1,Graduate,/assets/placeholder-avatar.svg,52000000,6200000,0,93,62,50000000,47500000,"Nandita Garlosa is the elected MLA representing Haflong, Dima Hasao, Assam."
Assam,Karbi Anglong,AC-AS-17,Bokajan,MLA,Numal Momin,Male,Bharatiya Janata Party,1,Graduate,/assets/placeholder-avatar.svg,52000000,6200000,0,93,62,50000000,47500000,"Numal Momin is the elected MLA representing Bokajan, Karbi Anglong, Assam."
Assam,Karbi Anglong,AC-AS-18,Howraghat,MLA,Dorsing Ronghang,Male,Bharatiya Janata Party,1,Graduate,/assets/placeholder-avatar.svg,52000000,6200000,0,93,62,50000000,47500000,"Dorsing Ronghang is the elected MLA representing Howraghat, Karbi Anglong, Assam."
Assam,Karbi Anglong,AC-AS-19,Diphu,MLA,Bidya Sing Engleng,Male,Bharatiya Janata Party,1,Graduate,/assets/placeholder-avatar.svg,52000000,6200000,0,93,62,50000000,47500000,"Bidya Sing Engleng is the elected MLA representing Diphu, Karbi Anglong, Assam."
Assam,West Karbi Anglong,AC-AS-20,Baithalangso,MLA,Rupsing Teron,Male,Bharatiya Janata Party,1,Graduate,/assets/placeholder-avatar.svg,52000000,6200000,0,93,62,50000000,47500000,"Rupsing Teron is the elected MLA representing Baithalangso, West Karbi Anglong, Assam."
Assam,South Salmara,AC-AS-21,Mankachar,MLA,Adv. Aminul Islam,Male,All India United Democratic Front,1,Graduate,/assets/placeholder-avatar.svg,52000000,6200000,0,93,62,50000000,47500000,"Adv. Aminul Islam is the elected MLA representing Mankachar, South Salmara, Assam."
Assam,South Salmara,AC-AS-22,Salmara South,MLA,Wazed Ali Choudhury,Male,Indian National Congress,1,Graduate,/assets/placeholder-avatar.svg,52000000,6200000,0,93,62,50000000,47500000,"Wazed Ali Choudhury is the elected MLA representing Salmara South, South Salmara, Assam."
Assam,Dhubri,AC-AS-23,Dhubri,MLA,Nazrul Hoque,Male,All India United Democratic Front,1,Graduate,/assets/placeholder-avatar.svg,52000000,6200000,0,93,62,50000000,47500000,"Nazrul Hoque is the elected MLA representing Dhubri, Dhubri, Assam."
Assam,Dhubri,AC-AS-24,Gauripur,MLA,Nijanur Rahman,Male,All India United Democratic Front,1,Graduate,/assets/placeholder-avatar.svg,52000000,6200000,0,93,62,50000000,47500000,"Nijanur Rahman is the elected MLA representing Gauripur, Dhubri, Assam."
Assam,Dhubri,AC-AS-25,Golakganj,MLA,Abdus Sobahun Ali Sarkar,Male,Indian National Congress,1,Graduate,/assets/placeholder-avatar.svg,52000000,6200000,0,93,62,50000000,47500000,"Abdus Sobahun Ali Sarkar is the elected MLA representing Golakganj, Dhubri, Assam."
Assam,Dhubri,AC-AS-26,Bilasipara West,MLA,Hafiz Bashir Ahmed,Male,All India United Democratic Front,1,Graduate,/assets/placeholder-avatar.svg,52000000,6200000,0,93,62,50000000,47500000,"Hafiz Bashir Ahmed is the elected MLA representing Bilasipara West, Dhubri, Assam."
Assam,Dhubri,AC-AS-27,Bilasipara East,MLA,Samsul Huda,Male,All India United Democratic Front,1,Graduate,/assets/placeholder-avatar.svg,52000000,6200000,0,93,62,50000000,47500000,"Samsul Huda is the elected MLA representing Bilasipara East, Dhubri, Assam."
Assam,Kokrajhar,AC-AS-28,Gossaigaon,MLA,Majendra Narzary,Male,Bodoland People's Front,1,Graduate,/assets/placeholder-avatar.svg,52000000,6200000,0,93,62,50000000,47500000,"Majendra Narzary is the elected MLA representing Gossaigaon, Kokrajhar, Assam."
Assam,Kokrajhar,AC-AS-29,Kokrajhar West,MLA,Rabiram Narzary,Male,Bodoland People's Front,1,Graduate,/assets/placeholder-avatar.svg,52000000,6200000,0,93,62,50000000,47500000,"Rabiram Narzary is the elected MLA representing Kokrajhar West, Kokrajhar, Assam."
Assam,Kokrajhar,AC-AS-30,Kokrajhar East,MLA,Lawrence Islary,Male,United People's Party Liberal,1,Graduate,/assets/placeholder-avatar.svg,52000000,6200000,0,93,62,50000000,47500000,"Lawrence Islary is the elected MLA representing Kokrajhar East, Kokrajhar, Assam."
Assam,Chirang,AC-AS-31,Sidli,MLA,Joyanta Basumatary,Male,United People's Party Liberal,1,Graduate,/assets/placeholder-avatar.svg,52000000,6200000,0,93,62,50000000,47500000,"Joyanta Basumatary is the elected MLA representing Sidli, Chirang, Assam."
Assam,Bongaigaon,AC-AS-32,Bongaigaon,MLA,Phani Bhusan Choudhury,Male,Asom Gana Parishad,1,Graduate,/assets/placeholder-avatar.svg,52000000,6200000,0,93,62,50000000,47500000,"Phani Bhusan Choudhury is the elected MLA representing Bongaigaon, Bongaigaon, Assam."
Assam,Chirang,AC-AS-33,Bijni,MLA,Ajoy Kumar Ray,Male,Bharatiya Janata Party,1,Graduate,/assets/placeholder-avatar.svg,52000000,6200000,0,93,62,50000000,47500000,"Ajoy Kumar Ray is the elected MLA representing Bijni, Chirang, Assam."
Assam,Bongaigaon,AC-AS-34,Abhayapuri North,MLA,Abdul Batin Khandkar,Male,Indian National Congress,1,Graduate,/assets/placeholder-avatar.svg,52000000,6200000,0,93,62,50000000,47500000,"Abdul Batin Khandkar is the elected MLA representing Abhayapuri North, Bongaigaon, Assam."
Assam,Bongaigaon,AC-AS-35,Abhayapuri South,MLA,Pradip Sarkar,Male,Indian National Congress,1,Graduate,/assets/placeholder-avatar.svg,52000000,6200000,0,93,62,50000000,47500000,"Pradip Sarkar is the elected MLA representing Abhayapuri South, Bongaigaon, Assam."
Assam,Goalpara,AC-AS-36,Dudhnai,MLA,Jadab Sawargiary,Male,Indian National Congress,1,Graduate,/assets/placeholder-avatar.svg,52000000,6200000,0,93,62,50000000,47500000,"Jadab Sawargiary is the elected MLA representing Dudhnai, Goalpara, Assam."
Assam,Goalpara,AC-AS-37,Goalpara East,MLA,Abdul Kalam Rasheed Alam,Male,Indian National Congress,1,Graduate,/assets/placeholder-avatar.svg,52000000,6200000,0,93,62,50000000,47500000,"Abdul Kalam Rasheed Alam is the elected MLA representing Goalpara East, Goalpara, Assam."
Assam,Goalpara,AC-AS-38,Goalpara West,MLA,Md. Abdur Rashid Mandal,Male,Indian National Congress,1,Graduate,/assets/placeholder-avatar.svg,52000000,6200000,0,93,62,50000000,47500000,"Md. Abdur Rashid Mandal is the elected MLA representing Goalpara West, Goalpara, Assam."
Assam,Goalpara,AC-AS-39,Jaleswar,MLA,Aftabuddin Mollah,Male,Indian National Congress,1,Graduate,/assets/placeholder-avatar.svg,52000000,6200000,0,93,62,50000000,47500000,"Aftabuddin Mollah is the elected MLA representing Jaleswar, Goalpara, Assam."
Assam,Barpeta,AC-AS-40,Sorbhog,MLA,Manoranjan Talukdar,Male,Communist Party of India (Marxist),1,Graduate,/assets/placeholder-avatar.svg,52000000,6200000,0,93,62,50000000,47500000,"Manoranjan Talukdar is the elected MLA representing Sorbhog, Barpeta, Assam."
Assam,Bajali,AC-AS-41,Bhabanipur,MLA,Phanidhar Talukdar,Male,All India United Democratic Front,1,Graduate,/assets/placeholder-avatar.svg,52000000,6200000,0,93,62,50000000,47500000,"Phanidhar Talukdar is the elected MLA representing Bhabanipur, Bajali, Assam."
Assam,Bajali,AC-AS-42,Patacharkuchi,MLA,Ranjeet Kumar Dass,Male,Bharatiya Janata Party,1,Graduate,/assets/placeholder-avatar.svg,52000000,6200000,0,93,62,50000000,47500000,"Ranjeet Kumar Dass is the elected MLA representing Patacharkuchi, Bajali, Assam."
Assam,Barpeta,AC-AS-43,Barpeta,MLA,Abdur Rahim Ahmed,Male,Indian National Congress,1,Graduate,/assets/placeholder-avatar.svg,52000000,6200000,0,93,62,50000000,47500000,"Abdur Rahim Ahmed is the elected MLA representing Barpeta, Barpeta, Assam."
Assam,Barpeta,AC-AS-44,Jania,MLA,Rafiqul Islam,Male,All India United Democratic Front,1,Graduate,/assets/placeholder-avatar.svg,52000000,6200000,0,93,62,50000000,47500000,"Rafiqul Islam is the elected MLA representing Jania, Barpeta, Assam."
Assam,Barpeta,AC-AS-45,Baghbor,MLA,Sherman Ali Ahmed,Male,Indian National Congress,1,Graduate,/assets/placeholder-avatar.svg,52000000,6200000,0,93,62,50000000,47500000,"Sherman Ali Ahmed is the elected MLA representing Baghbor, Barpeta, Assam."
Assam,Barpeta,AC-AS-46,Sarukhetri,MLA,Jakir Hussain Sikdar,Male,Indian National Congress,1,Graduate,/assets/placeholder-avatar.svg,52000000,6200000,0,93,62,50000000,47500000,"Jakir Hussain Sikdar is the elected MLA representing Sarukhetri, Barpeta, Assam."
Assam,Barpeta,AC-AS-47,Chenga,MLA,Ashraful Hussain,Male,All India United Democratic Front,1,Graduate,/assets/placeholder-avatar.svg,52000000,6200000,0,93,62,50000000,47500000,"Ashraful Hussain is the elected MLA representing Chenga, Barpeta, Assam."
Assam,Kamrup,AC-AS-48,Boko,MLA,Nandita Das,Male,Indian National Congress,1,Graduate,/assets/placeholder-avatar.svg,52000000,6200000,0,93,62,50000000,47500000,"Nandita Das is the elected MLA representing Boko, Kamrup, Assam."
Assam,Kamrup,AC-AS-49,Chaygaon,MLA,Rekibuddin Ahmed,Male,Indian National Congress,1,Graduate,/assets/placeholder-avatar.svg,52000000,6200000,0,93,62,50000000,47500000,"Rekibuddin Ahmed is the elected MLA representing Chaygaon, Kamrup, Assam."
Assam,Kamrup,AC-AS-50,Palasbari,MLA,Hemanga Thakuria,Male,Bharatiya Janata Party,1,Graduate,/assets/placeholder-avatar.svg,52000000,6200000,0,93,62,50000000,47500000,"Hemanga Thakuria is the elected MLA representing Palasbari, Kamrup, Assam."
Assam,Kamrup Metropolitan,AC-AS-51,Jalukbari,Chief Minister of Assam,Himanta Biswa Sarma,Male,Bharatiya Janata Party,4,Post Graduate,/assets/candidates/himanta_biswa_sarma.jpg,92000000,6200000,0,93,62,50000000,47500000,"Himanta Biswa Sarma is the elected Chief Minister of Assam representing Jalukbari, Kamrup Metropolitan, Assam."
Assam,Kamrup Metropolitan,AC-AS-52,Dispur,MLA,Atul Bora,Male,Bharatiya Janata Party,1,Graduate,/assets/placeholder-avatar.svg,52000000,6200000,0,93,62,50000000,47500000,"Atul Bora is the elected MLA representing Dispur, Kamrup Metropolitan, Assam."
Assam,Kamrup Metropolitan,AC-AS-53,Gauhati East,MLA,Siddhartha Bhattacharya,Male,Bharatiya Janata Party,1,Graduate,/assets/placeholder-avatar.svg,52000000,6200000,0,93,62,50000000,47500000,"Siddhartha Bhattacharya is the elected MLA representing Gauhati East, Kamrup Metropolitan, Assam."
Assam,Kamrup Metropolitan,AC-AS-54,Gauhati West,MLA,Ramendra Narayan Kalita,Male,Asom Gana Parishad,1,Graduate,/assets/placeholder-avatar.svg,52000000,6200000,0,93,62,50000000,47500000,"Ramendra Narayan Kalita is the elected MLA representing Gauhati West, Kamrup Metropolitan, Assam."
Assam,Kamrup,AC-AS-55,Hajo,MLA,Suman Haripriya,Male,Bharatiya Janata Party,1,Graduate,/assets/placeholder-avatar.svg,52000000,6200000,0,93,62,50000000,47500000,"Suman Haripriya is the elected MLA representing Hajo, Kamrup, Assam."
Assam,Kamrup,AC-AS-56,Kamalpur,MLA,Diganta Kalita,Male,Bharatiya Janata Party,1,Graduate,/assets/placeholder-avatar.svg,52000000,6200000,0,93,62,50000000,47500000,"Diganta Kalita is the elected MLA representing Kamalpur, Kamrup, Assam."
Assam,Kamrup,AC-AS-57,Rangia,MLA,Bhabesh Kalita,Male,Bharatiya Janata Party,1,Graduate,/assets/placeholder-avatar.svg,52000000,6200000,0,93,62,50000000,47500000,"Bhabesh Kalita is the elected MLA representing Rangia, Kamrup, Assam."
Assam,Baksa,AC-AS-58,Tamulpur,MLA,Leho Ram Boro,Male,United People's Party Liberal,1,Graduate,/assets/placeholder-avatar.svg,52000000,6200000,0,93,62,50000000,47500000,"Leho Ram Boro is the elected MLA representing Tamulpur, Baksa, Assam."
Assam,Nalbari,AC-AS-59,Nalbari,MLA,Jayanta Malla Baruah,Male,Bharatiya Janata Party,1,Graduate,/assets/placeholder-avatar.svg,52000000,6200000,0,93,62,50000000,47500000,"Jayanta Malla Baruah is the elected MLA representing Nalbari, Nalbari, Assam."
Assam,Nalbari,AC-AS-60,Barkhetry,MLA,Diganta Barman,Male,Indian National Congress,1,Graduate,/assets/placeholder-avatar.svg,52000000,6200000,0,93,62,50000000,47500000,"Diganta Barman is the elected MLA representing Barkhetry, Nalbari, Assam."
Assam,Nalbari,AC-AS-61,Dharmapur,MLA,Chandra Mohan Patowary,Male,Bharatiya Janata Party,1,Graduate,/assets/placeholder-avatar.svg,52000000,6200000,0,93,62,50000000,47500000,"Chandra Mohan Patowary is the elected MLA representing Dharmapur, Nalbari, Assam."
Assam,Baksa,AC-AS-62,Barama,MLA,Bhupen Boro,Male,United People's Party Liberal,1,Graduate,/assets/placeholder-avatar.svg,52000000,6200000,0,93,62,50000000,47500000,"Bhupen Boro is the elected MLA representing Barama, Baksa, Assam."
Assam,Baksa,AC-AS-63,Chapaguri,MLA,Urkhao Gwra Brahma,Male,United People's Party Liberal,1,Graduate,/assets/placeholder-avatar.svg,52000000,6200000,0,93,62,50000000,47500000,"Urkhao Gwra Brahma is the elected MLA representing Chapaguri, Baksa, Assam."
Assam,Udalguri,AC-AS-64,Panery,MLA,Biswajit Daimary,Male,Bharatiya Janata Party,1,Graduate,/assets/placeholder-avatar.svg,52000000,6200000,0,93,62,50000000,47500000,"Biswajit Daimary is the elected MLA representing Panery, Udalguri, Assam."
Assam,Darrang,AC-AS-65,Kalaigaon,MLA,Durga Das Boro,Male,Bodoland People's Front,1,Graduate,/assets/placeholder-avatar.svg,52000000,6200000,0,93,62,50000000,47500000,"Durga Das Boro is the elected MLA representing Kalaigaon, Darrang, Assam."
Assam,Darrang,AC-AS-66,Sipajhar,MLA,Parmananda Rajbongshi,Male,Bharatiya Janata Party,1,Graduate,/assets/placeholder-avatar.svg,52000000,6200000,0,93,62,50000000,47500000,"Parmananda Rajbongshi is the elected MLA representing Sipajhar, Darrang, Assam."
Assam,Darrang,AC-AS-67,Mangaldoi,MLA,Basanta Das,Male,Indian National Congress,1,Graduate,/assets/placeholder-avatar.svg,52000000,6200000,0,93,62,50000000,47500000,"Basanta Das is the elected MLA representing Mangaldoi, Darrang, Assam."
Assam,Darrang,AC-AS-68,Dalgaon,MLA,Mazibur Rahman,Male,All India United Democratic Front,1,Graduate,/assets/placeholder-avatar.svg,52000000,6200000,0,93,62,50000000,47500000,"Mazibur Rahman is the elected MLA representing Dalgaon, Darrang, Assam."
Assam,Udalguri,AC-AS-69,Udalguri,MLA,Gobinda Chandra Basumatary,Male,United People's Party Liberal,1,Graduate,/assets/placeholder-avatar.svg,52000000,6200000,0,93,62,50000000,47500000,"Gobinda Chandra Basumatary is the elected MLA representing Udalguri, Udalguri, Assam."
Assam,Udalguri,AC-AS-70,Majbat,MLA,Charan Boro,Male,Bodoland People's Front,1,Graduate,/assets/placeholder-avatar.svg,52000000,6200000,0,93,62,50000000,47500000,"Charan Boro is the elected MLA representing Majbat, Udalguri, Assam."
Assam,Sonitpur,AC-AS-71,Dhekiajuli,MLA,Ashok Singhal,Male,Bharatiya Janata Party,1,Graduate,/assets/placeholder-avatar.svg,52000000,6200000,0,93,62,50000000,47500000,"Ashok Singhal is the elected MLA representing Dhekiajuli, Sonitpur, Assam."
Assam,Sonitpur,AC-AS-72,Barchalla,MLA,Ganesh Kumar Limbu,Male,Bharatiya Janata Party,1,Graduate,/assets/placeholder-avatar.svg,52000000,6200000,0,93,62,50000000,47500000,"Ganesh Kumar Limbu is the elected MLA representing Barchalla, Sonitpur, Assam."
Assam,Sonitpur,AC-AS-73,Tezpur,MLA,Prithiraj Rava,Male,Asom Gana Parishad,1,Graduate,/assets/placeholder-avatar.svg,52000000,6200000,0,93,62,50000000,47500000,"Prithiraj Rava is the elected MLA representing Tezpur, Sonitpur, Assam."
Assam,Sonitpur,AC-AS-74,Rangapara,MLA,Krishna Kamal Tanti,Female,Bharatiya Janata Party,1,Graduate,/assets/placeholder-avatar.svg,52000000,6200000,0,93,62,50000000,47500000,"Krishna Kamal Tanti is the elected MLA representing Rangapara, Sonitpur, Assam."
Assam,Sonitpur,AC-AS-75,Sootea,MLA,Padma Hazarika,Female,Bharatiya Janata Party,1,Graduate,/assets/placeholder-avatar.svg,52000000,6200000,0,93,62,50000000,47500000,"Padma Hazarika is the elected MLA representing Sootea, Sonitpur, Assam."
Assam,Biswanath,AC-AS-76,Biswanath,MLA,Promod Borthakur,Male,Bharatiya Janata Party,1,Graduate,/assets/placeholder-avatar.svg,52000000,6200000,0,93,62,50000000,47500000,"Promod Borthakur is the elected MLA representing Biswanath, Biswanath, Assam."
Assam,Biswanath,AC-AS-77,Behali,MLA,Ranjit Dutta,Male,Bharatiya Janata Party,1,Graduate,/assets/placeholder-avatar.svg,52000000,6200000,0,93,62,50000000,47500000,"Ranjit Dutta is the elected MLA representing Behali, Biswanath, Assam."
Assam,Sonitpur,AC-AS-78,Gohpur,MLA,Utpal Borah,Male,Bharatiya Janata Party,1,Graduate,/assets/placeholder-avatar.svg,52000000,6200000,0,93,62,50000000,47500000,"Utpal Borah is the elected MLA representing Gohpur, Sonitpur, Assam."
Assam,Morigaon,AC-AS-79,Jagiroad,MLA,Pijush Hazarika,Male,Bharatiya Janata Party,1,Graduate,/assets/placeholder-avatar.svg,52000000,6200000,0,93,62,50000000,47500000,"Pijush Hazarika is the elected MLA representing Jagiroad, Morigaon, Assam."
Assam,Morigaon,AC-AS-80,Marigaon,MLA,Rama Kanta Dewri,Female,Bharatiya Janata Party,1,Graduate,/assets/placeholder-avatar.svg,52000000,6200000,0,93,62,50000000,47500000,"Rama Kanta Dewri is the elected MLA representing Marigaon, Morigaon, Assam."
Assam,Morigaon,AC-AS-81,Laharighat,MLA,Dr. Asif Mohammad Nazar,Male,Indian National Congress,1,Graduate,/assets/placeholder-avatar.svg,52000000,6200000,0,93,62,50000000,47500000,"Dr. Asif Mohammad Nazar is the elected MLA representing Laharighat, Morigaon, Assam."
Assam,Nagaon,AC-AS-82,Raha,MLA,Sashi Kanta Das,Female,Indian National Congress,1,Graduate,/assets/placeholder-avatar.svg,52000000,6200000,0,93,62,50000000,47500000,"Sashi Kanta Das is the elected MLA representing Raha, Nagaon, Assam."
Assam,Nagaon,AC-AS-83,Dhing,MLA,Aminul Islam,Male,All India United Democratic Front,1,Graduate,/assets/placeholder-avatar.svg,52000000,6200000,0,93,62,50000000,47500000,"Aminul Islam is the elected MLA representing Dhing, Nagaon, Assam."
Assam,Nagaon,AC-AS-84,Batadroba,MLA,Sibamoni Bora,Male,Indian National Congress,1,Graduate,/assets/placeholder-avatar.svg,52000000,6200000,0,93,62,50000000,47500000,"Sibamoni Bora is the elected MLA representing Batadroba, Nagaon, Assam."
Assam,Nagaon,AC-AS-85,Rupohihat,MLA,Nurul Huda,Male,Indian National Congress,1,Graduate,/assets/placeholder-avatar.svg,52000000,6200000,0,93,62,50000000,47500000,"Nurul Huda is the elected MLA representing Rupohihat, Nagaon, Assam."
Assam,Nagaon,AC-AS-86,Nowgong,MLA,Rupak Sarmah,Male,Bharatiya Janata Party,1,Graduate,/assets/placeholder-avatar.svg,52000000,6200000,0,93,62,50000000,47500000,"Rupak Sarmah is the elected MLA representing Nowgong, Nagaon, Assam."
Assam,Nagaon,AC-AS-87,Barhampur,MLA,Jitu Goswami,Male,Bharatiya Janata Party,1,Graduate,/assets/placeholder-avatar.svg,52000000,6200000,0,93,62,50000000,47500000,"Jitu Goswami is the elected MLA representing Barhampur, Nagaon, Assam."
Assam,Nagaon,AC-AS-88,Samaguri,MLA,Rakibul Hussain,Male,Indian National Congress,1,Graduate,/assets/placeholder-avatar.svg,52000000,6200000,0,93,62,50000000,47500000,"Rakibul Hussain is the elected MLA representing Samaguri, Nagaon, Assam."
Assam,Nagaon,AC-AS-89,Kaliabor,MLA,Keshab Mahanta,Male,Asom Gana Parishad,1,Graduate,/assets/placeholder-avatar.svg,52000000,6200000,0,93,62,50000000,47500000,"Keshab Mahanta is the elected MLA representing Kaliabor, Nagaon, Assam."
Assam,Hojai,AC-AS-90,Jamunamukh,MLA,Sirajuddin Ajmal,Male,All India United Democratic Front,1,Graduate,/assets/placeholder-avatar.svg,52000000,6200000,0,93,62,50000000,47500000,"Sirajuddin Ajmal is the elected MLA representing Jamunamukh, Hojai, Assam."
Assam,Hojai,AC-AS-91,Hojai,MLA,Ramkrishna Ghosh,Male,Bharatiya Janata Party,1,Graduate,/assets/placeholder-avatar.svg,52000000,6200000,0,93,62,50000000,47500000,"Ramkrishna Ghosh is the elected MLA representing Hojai, Hojai, Assam."
Assam,Hojai,AC-AS-92,Lumding,MLA,Sibu Misra,Male,Bharatiya Janata Party,1,Graduate,/assets/placeholder-avatar.svg,52000000,6200000,0,93,62,50000000,47500000,"Sibu Misra is the elected MLA representing Lumding, Hojai, Assam."
Assam,Golaghat,AC-AS-93,Bokakhat,MLA,Atul Bora,Male,Asom Gana Parishad,1,Graduate,/assets/placeholder-avatar.svg,52000000,6200000,0,93,62,50000000,47500000,"Atul Bora is the elected MLA representing Bokakhat, Golaghat, Assam."
Assam,Golaghat,AC-AS-94,Sarupathar,MLA,Biswajit Phukan,Male,Bharatiya Janata Party,1,Graduate,/assets/placeholder-avatar.svg,52000000,6200000,0,93,62,50000000,47500000,"Biswajit Phukan is the elected MLA representing Sarupathar, Golaghat, Assam."
Assam,Golaghat,AC-AS-95,Golaghat,MLA,Ajanta Neog,Male,Bharatiya Janata Party,1,Graduate,/assets/placeholder-avatar.svg,52000000,6200000,0,93,62,50000000,47500000,"Ajanta Neog is the elected MLA representing Golaghat, Golaghat, Assam."
Assam,Golaghat,AC-AS-96,Khumtai,MLA,Mrinal Saikia,Male,Bharatiya Janata Party,1,Graduate,/assets/placeholder-avatar.svg,52000000,6200000,0,93,62,50000000,47500000,"Mrinal Saikia is the elected MLA representing Khumtai, Golaghat, Assam."
Assam,Golaghat,AC-AS-97,Dergaon,MLA,Bhabendra Nath Bharali,Male,Asom Gana Parishad,1,Graduate,/assets/placeholder-avatar.svg,52000000,6200000,0,93,62,50000000,47500000,"Bhabendra Nath Bharali is the elected MLA representing Dergaon, Golaghat, Assam."
Assam,Jorhat,AC-AS-98,Jorhat,MLA,Hitendra Nath Goswami,Male,Bharatiya Janata Party,1,Graduate,/assets/placeholder-avatar.svg,52000000,6200000,0,93,62,50000000,47500000,"Hitendra Nath Goswami is the elected MLA representing Jorhat, Jorhat, Assam."
Assam,Majuli,AC-AS-99,Majuli,Former Chief Minister,Sarbananda Sonowal,Male,Bharatiya Janata Party,2,Graduate,/assets/candidates/sarbananda_sonowal.jpg,52000000,6200000,0,93,62,50000000,47500000,"Sarbananda Sonowal is the elected Former Chief Minister representing Majuli, Majuli, Assam."
Assam,Jorhat,AC-AS-100,Titabar,MLA,Bhaskar Jyoti Baruah,Male,Indian National Congress,1,Graduate,/assets/placeholder-avatar.svg,52000000,6200000,0,93,62,50000000,47500000,"Bhaskar Jyoti Baruah is the elected MLA representing Titabar, Jorhat, Assam."
Assam,Jorhat,AC-AS-101,Mariani,MLA,Rupjyoti Kurmi,Male,Indian National Congress,1,Graduate,/assets/placeholder-avatar.svg,52000000,6200000,0,93,62,50000000,47500000,"Rupjyoti Kurmi is the elected MLA representing Mariani, Jorhat, Assam."
Assam,Jorhat,AC-AS-102,Teok,MLA,Renupoma Rajkhowa,Male,Asom Gana Parishad,1,Graduate,/assets/placeholder-avatar.svg,52000000,6200000,0,93,62,50000000,47500000,"Renupoma Rajkhowa is the elected MLA representing Teok, Jorhat, Assam."
Assam,Sibsagar,AC-AS-103,Amguri,MLA,Prodip Hazarika,Male,Asom Gana Parishad,1,Graduate,/assets/placeholder-avatar.svg,52000000,6200000,0,93,62,50000000,47500000,"Prodip Hazarika is the elected MLA representing Amguri, Sibsagar, Assam."
Assam,Sibsagar,AC-AS-104,Nazira,MLA,Debabrata Saikia,Male,Indian National Congress,1,Graduate,/assets/placeholder-avatar.svg,52000000,6200000,0,93,62,50000000,47500000,"Debabrata Saikia is the elected MLA representing Nazira, Sibsagar, Assam."
Assam,Charaideo,AC-AS-105,Mahmara,MLA,Jogen Mohan,Male,Bharatiya Janata Party,1,Graduate,/assets/placeholder-avatar.svg,52000000,6200000,0,93,62,50000000,47500000,"Jogen Mohan is the elected MLA representing Mahmara, Charaideo, Assam."
Assam,Charaideo,AC-AS-106,Sonari,MLA,Dharmeswar Konwar,Male,Bharatiya Janata Party,1,Graduate,/assets/placeholder-avatar.svg,52000000,6200000,0,93,62,50000000,47500000,"Dharmeswar Konwar is the elected MLA representing Sonari, Charaideo, Assam."
Assam,Sibsagar,AC-AS-107,Thowra,MLA,Sushanta Borgohain,Male,Indian National Congress,1,Graduate,/assets/placeholder-avatar.svg,52000000,6200000,0,93,62,50000000,47500000,"Sushanta Borgohain is the elected MLA representing Thowra, Sibsagar, Assam."
Assam,Sibsagar,AC-AS-108,Sibsagar,MLA,Akhil Gogoi,Male,Independent,1,Post Graduate,/assets/candidates/akhil_gogoi.jpg,52000000,6200000,0,93,62,50000000,47500000,"Akhil Gogoi is the elected MLA representing Sibsagar, Sibsagar, Assam."
Assam,Lakhimpur,AC-AS-109,Bihpuria,MLA,Amiya Kumar Bhuyan,Male,Bharatiya Janata Party,1,Graduate,/assets/placeholder-avatar.svg,52000000,6200000,0,93,62,50000000,47500000,"Amiya Kumar Bhuyan is the elected MLA representing Bihpuria, Lakhimpur, Assam."
Assam,Lakhimpur,AC-AS-110,Naoboicha,MLA,Bharat Chandra Narah,Male,Indian National Congress,1,Graduate,/assets/placeholder-avatar.svg,52000000,6200000,0,93,62,50000000,47500000,"Bharat Chandra Narah is the elected MLA representing Naoboicha, Lakhimpur, Assam."
Assam,Lakhimpur,AC-AS-111,Lakhimpur,MLA,Manab Deka,Male,Bharatiya Janata Party,1,Graduate,/assets/placeholder-avatar.svg,52000000,6200000,0,93,62,50000000,47500000,"Manab Deka is the elected MLA representing Lakhimpur, Lakhimpur, Assam."
Assam,Lakhimpur,AC-AS-112,Dhakuakhana,MLA,Naba Kumar Doley,Male,Bharatiya Janata Party,1,Graduate,/assets/placeholder-avatar.svg,52000000,6200000,0,93,62,50000000,47500000,"Naba Kumar Doley is the elected MLA representing Dhakuakhana, Lakhimpur, Assam."
Assam,Dhemaji,AC-AS-113,Dhemaji,MLA,Ranoj Pegu,Male,Bharatiya Janata Party,1,Graduate,/assets/placeholder-avatar.svg,52000000,6200000,0,93,62,50000000,47500000,"Ranoj Pegu is the elected MLA representing Dhemaji, Dhemaji, Assam."
Assam,Dhemaji,AC-AS-114,Jonai,MLA,Bhubon Pegu,Male,Bharatiya Janata Party,1,Graduate,/assets/placeholder-avatar.svg,52000000,6200000,0,93,62,50000000,47500000,"Bhubon Pegu is the elected MLA representing Jonai, Dhemaji, Assam."
Assam,Dibrugarh,AC-AS-115,Moran,MLA,Chakradhar Gogoi,Male,Bharatiya Janata Party,1,Graduate,/assets/placeholder-avatar.svg,52000000,6200000,0,93,62,50000000,47500000,"Chakradhar Gogoi is the elected MLA representing Moran, Dibrugarh, Assam."
Assam,Dibrugarh,AC-AS-116,Dibrugarh,MLA,Prasanta Phukan,Male,Bharatiya Janata Party,1,Graduate,/assets/placeholder-avatar.svg,52000000,6200000,0,93,62,50000000,47500000,"Prasanta Phukan is the elected MLA representing Dibrugarh, Dibrugarh, Assam."
Assam,Dibrugarh,AC-AS-117,Lahowal,MLA,Binod Hazarika,Male,Bharatiya Janata Party,1,Graduate,/assets/placeholder-avatar.svg,52000000,6200000,0,93,62,50000000,47500000,"Binod Hazarika is the elected MLA representing Lahowal, Dibrugarh, Assam."
Assam,Dibrugarh,AC-AS-118,Duliajan,MLA,Terash Gowalla,Male,Bharatiya Janata Party,1,Graduate,/assets/placeholder-avatar.svg,52000000,6200000,0,93,62,50000000,47500000,"Terash Gowalla is the elected MLA representing Duliajan, Dibrugarh, Assam."
Assam,Dibrugarh,AC-AS-119,Tingkhong,MLA,Bimal Borah,Male,Bharatiya Janata Party,1,Graduate,/assets/placeholder-avatar.svg,52000000,6200000,0,93,62,50000000,47500000,"Bimal Borah is the elected MLA representing Tingkhong, Dibrugarh, Assam."
Assam,Dibrugarh,AC-AS-120,Naharkatia,MLA,Taranga Gogoi,Male,Bharatiya Janata Party,1,Graduate,/assets/placeholder-avatar.svg,52000000,6200000,0,93,62,50000000,47500000,"Taranga Gogoi is the elected MLA representing Naharkatia, Dibrugarh, Assam."
Assam,Dibrugarh,AC-AS-121,Chabua,MLA,Ponakan Baruah,Male,Asom Gana Parishad,1,Graduate,/assets/placeholder-avatar.svg,52000000,6200000,0,93,62,50000000,47500000,"Ponakan Baruah is the elected MLA representing Chabua, Dibrugarh, Assam."
Assam,Tinsukia,AC-AS-122,Tinsukia,MLA,Sanjoy Kishan,Male,Bharatiya Janata Party,1,Graduate,/assets/placeholder-avatar.svg,52000000,6200000,0,93,62,50000000,47500000,"Sanjoy Kishan is the elected MLA representing Tinsukia, Tinsukia, Assam."
Assam,Tinsukia,AC-AS-123,Digboi,MLA,Suren Phukan,Male,Bharatiya Janata Party,1,Graduate,/assets/placeholder-avatar.svg,52000000,6200000,0,93,62,50000000,47500000,"Suren Phukan is the elected MLA representing Digboi, Tinsukia, Assam."
Assam,Tinsukia,AC-AS-124,Margherita,MLA,Bhaskar Sharma,Male,Bharatiya Janata Party,1,Graduate,/assets/placeholder-avatar.svg,52000000,6200000,0,93,62,50000000,47500000,"Bhaskar Sharma is the elected MLA representing Margherita, Tinsukia, Assam."
Assam,Tinsukia,AC-AS-125,Doomdooma,MLA,Rupesh Gowala,Male,Bharatiya Janata Party,1,Graduate,/assets/placeholder-avatar.svg,52000000,6200000,0,93,62,50000000,47500000,"Rupesh Gowala is the elected MLA representing Doomdooma, Tinsukia, Assam."
Assam,Tinsukia,AC-AS-126,Sadiya,MLA,Bolin Chetia,Male,Bharatiya Janata Party,1,Graduate,/assets/placeholder-avatar.svg,52000000,6200000,0,93,62,50000000,47500000,"Bolin Chetia is the elected MLA representing Sadiya, Tinsukia, Assam."
Kerala,Kasaragod,AC-KL-1,Manjeshwar,MLA,A. K. M. Ashraf,Male,Indian Union Muslim League,1,Graduate,/assets/placeholder-avatar.svg,58000000,6800000,0,94,64,50000000,48000000,"A. K. M. Ashraf is the elected MLA representing Manjeshwar, Kasaragod, Kerala."
Kerala,Kasaragod,AC-KL-2,Kasaragod,MLA,N. A. Nellikkunnu,Male,Indian Union Muslim League,1,Graduate,/assets/placeholder-avatar.svg,58000000,6800000,0,94,64,50000000,48000000,"N. A. Nellikkunnu is the elected MLA representing Kasaragod, Kasaragod, Kerala."
Kerala,Kasaragod,AC-KL-3,Udma,MLA,C. H. Kunhambu,Male,Communist Party of India (Marxist),1,Graduate,/assets/placeholder-avatar.svg,58000000,6800000,0,94,64,50000000,48000000,"C. H. Kunhambu is the elected MLA representing Udma, Kasaragod, Kerala."
Kerala,Kasaragod,AC-KL-4,Kanhangad,MLA,E. Chandrasekharan,Male,Communist Party of India,1,Graduate,/assets/placeholder-avatar.svg,58000000,6800000,0,94,64,50000000,48000000,"E. Chandrasekharan is the elected MLA representing Kanhangad, Kasaragod, Kerala."
Kerala,Kasaragod,AC-KL-5,Thrikaripur,MLA,M. Rajagopalan,Male,Communist Party of India (Marxist),1,Graduate,/assets/placeholder-avatar.svg,58000000,6800000,0,94,64,50000000,48000000,"M. Rajagopalan is the elected MLA representing Thrikaripur, Kasaragod, Kerala."
Kerala,Kannur,AC-KL-6,Payyanur,MLA,TI. Madhusoodanan,Male,Communist Party of India (Marxist),1,Graduate,/assets/placeholder-avatar.svg,58000000,6800000,0,94,64,50000000,48000000,"TI. Madhusoodanan is the elected MLA representing Payyanur, Kannur, Kerala."
Kerala,Kannur,AC-KL-7,Kalliasseri,MLA,M. Vijin,Male,Communist Party of India (Marxist),1,Graduate,/assets/placeholder-avatar.svg,58000000,6800000,0,94,64,50000000,48000000,"M. Vijin is the elected MLA representing Kalliasseri, Kannur, Kerala."
Kerala,Kannur,AC-KL-8,Taliparamba,MLA,M. V. Govindan,Male,Communist Party of India (Marxist),1,Graduate,/assets/placeholder-avatar.svg,58000000,6800000,0,94,64,50000000,48000000,"M. V. Govindan is the elected MLA representing Taliparamba, Kannur, Kerala."
Kerala,Kannur,AC-KL-9,Irikkur,MLA,Sajeev Joseph,Male,Indian National Congress,1,Graduate,/assets/placeholder-avatar.svg,58000000,6800000,0,94,64,50000000,48000000,"Sajeev Joseph is the elected MLA representing Irikkur, Kannur, Kerala."
Kerala,Kannur,AC-KL-10,Azhikode,MLA,K. V. Sumesh,Male,Communist Party of India (Marxist),1,Graduate,/assets/placeholder-avatar.svg,58000000,6800000,0,94,64,50000000,48000000,"K. V. Sumesh is the elected MLA representing Azhikode, Kannur, Kerala."
Kerala,Kannur,AC-KL-11,Kannur,MLA,Kadannappalli Ramachandran,Male,Cong(S),1,Graduate,/assets/placeholder-avatar.svg,58000000,6800000,0,94,64,50000000,48000000,"Kadannappalli Ramachandran is the elected MLA representing Kannur, Kannur, Kerala."
Kerala,Kannur,AC-KL-12,Dharmadam,MLA / Former Chief Minister,Pinarayi Vijayan,Male,Communist Party of India (Marxist),3,Graduate,/assets/candidates/pinarayi_vijayan.jpg,88000000,6800000,0,94,64,50000000,48000000,"Pinarayi Vijayan is the elected Chief Minister of Kerala representing Dharmadam, Kannur, Kerala."
Kerala,Kannur,AC-KL-13,Thalassery,MLA,A. N. Shamseer,Male,Communist Party of India (Marxist),1,Graduate,/assets/placeholder-avatar.svg,58000000,6800000,0,94,64,50000000,48000000,"A. N. Shamseer is the elected MLA representing Thalassery, Kannur, Kerala."
Kerala,Kannur,AC-KL-14,Kuthuparamba,MLA,K. P. Mohanan,Male,LJD,1,Graduate,/assets/placeholder-avatar.svg,58000000,6800000,0,94,64,50000000,48000000,"K. P. Mohanan is the elected MLA representing Kuthuparamba, Kannur, Kerala."
Kerala,Kannur,AC-KL-15,Mattannur,MLA,K. K. Shailaja,Female,Communist Party of India (Marxist),2,Post Graduate,/assets/candidates/k__k__shailaja.jpg,58000000,6800000,0,94,64,50000000,48000000,"K. K. Shailaja is the elected MLA representing Mattannur, Kannur, Kerala."
Kerala,Kannur,AC-KL-16,Peravoor,MLA,Sunny Joseph,Male,Indian National Congress,1,Graduate,/assets/placeholder-avatar.svg,58000000,6800000,0,94,64,50000000,48000000,"Sunny Joseph is the elected MLA representing Peravoor, Kannur, Kerala."
Kerala,Wayanad,AC-KL-17,Mananthavady,MLA,O. R. Kelu,Male,Communist Party of India (Marxist),1,Graduate,/assets/placeholder-avatar.svg,58000000,6800000,0,94,64,50000000,48000000,"O. R. Kelu is the elected MLA representing Mananthavady, Wayanad, Kerala."
Kerala,Wayanad,AC-KL-18,Sulthan Bathery,MLA,I. C. Balakrishnan,Male,Indian National Congress,1,Graduate,/assets/placeholder-avatar.svg,58000000,6800000,0,94,64,50000000,48000000,"I. C. Balakrishnan is the elected MLA representing Sulthan Bathery, Wayanad, Kerala."
Kerala,Wayanad,AC-KL-19,Kalpetta,MLA,T. Siddique,Male,Indian National Congress,1,Graduate,/assets/placeholder-avatar.svg,58000000,6800000,0,94,64,50000000,48000000,"T. Siddique is the elected MLA representing Kalpetta, Wayanad, Kerala."
Kerala,Kozhikode,AC-KL-20,Vadakara,MLA,K. K. Rema,Male,RMPI,1,Graduate,/assets/placeholder-avatar.svg,58000000,6800000,0,94,64,50000000,48000000,"K. K. Rema is the elected MLA representing Vadakara, Kozhikode, Kerala."
Kerala,Kozhikode,AC-KL-21,Kuttiady,MLA,K. P. Kunhammadkutty,Male,Communist Party of India (Marxist),1,Graduate,/assets/placeholder-avatar.svg,58000000,6800000,0,94,64,50000000,48000000,"K. P. Kunhammadkutty is the elected MLA representing Kuttiady, Kozhikode, Kerala."
Kerala,Kozhikode,AC-KL-22,Nadapuram,MLA,E. K. Vijayan,Male,Communist Party of India,1,Graduate,/assets/placeholder-avatar.svg,58000000,6800000,0,94,64,50000000,48000000,"E. K. Vijayan is the elected MLA representing Nadapuram, Kozhikode, Kerala."
Kerala,Kozhikode,AC-KL-23,Koyilandy,MLA,Kanathil Jameela,Male,Communist Party of India (Marxist),1,Graduate,/assets/placeholder-avatar.svg,58000000,6800000,0,94,64,50000000,48000000,"Kanathil Jameela is the elected MLA representing Koyilandy, Kozhikode, Kerala."
Kerala,Kozhikode,AC-KL-24,Perambra,MLA,T. P. Ramakrishnan,Male,Communist Party of India (Marxist),1,Graduate,/assets/placeholder-avatar.svg,58000000,6800000,0,94,64,50000000,48000000,"T. P. Ramakrishnan is the elected MLA representing Perambra, Kozhikode, Kerala."
Kerala,Kozhikode,AC-KL-25,Balussery,MLA,K. M. Sachin Dev,Male,Communist Party of India (Marxist),1,Graduate,/assets/placeholder-avatar.svg,58000000,6800000,0,94,64,50000000,48000000,"K. M. Sachin Dev is the elected MLA representing Balussery, Kozhikode, Kerala."
Kerala,Kozhikode,AC-KL-26,Elathur,MLA,A. K. Saseendran,Male,Nationalist Congress Party,1,Graduate,/assets/placeholder-avatar.svg,58000000,6800000,0,94,64,50000000,48000000,"A. K. Saseendran is the elected MLA representing Elathur, Kozhikode, Kerala."
Kerala,Kozhikode,AC-KL-27,Kozhikode North,MLA,Thottathil Raveendran,Male,Communist Party of India (Marxist),1,Graduate,/assets/placeholder-avatar.svg,58000000,6800000,0,94,64,50000000,48000000,"Thottathil Raveendran is the elected MLA representing Kozhikode North, Kozhikode, Kerala."
Kerala,Kozhikode,AC-KL-28,Kozhikode South,MLA,Ahamed Devarkovil,Male,INL,1,Graduate,/assets/placeholder-avatar.svg,58000000,6800000,0,94,64,50000000,48000000,"Ahamed Devarkovil is the elected MLA representing Kozhikode South, Kozhikode, Kerala."
Kerala,Kozhikode,AC-KL-29,Beypore,MLA,P. A. Mohammed Riyas,Male,Communist Party of India (Marxist),1,Graduate,/assets/placeholder-avatar.svg,58000000,6800000,0,94,64,50000000,48000000,"P. A. Mohammed Riyas is the elected MLA representing Beypore, Kozhikode, Kerala."
Kerala,Kozhikode,AC-KL-30,Kunnamangalam,MLA,P. T. A. Rahim,Male,Independent,1,Graduate,/assets/placeholder-avatar.svg,58000000,6800000,0,94,64,50000000,48000000,"P. T. A. Rahim is the elected MLA representing Kunnamangalam, Kozhikode, Kerala."
Kerala,Kozhikode,AC-KL-31,Koduvally,MLA,M. K. Muneer,Male,Indian Union Muslim League,1,Graduate,/assets/placeholder-avatar.svg,58000000,6800000,0,94,64,50000000,48000000,"M. K. Muneer is the elected MLA representing Koduvally, Kozhikode, Kerala."
Kerala,Kozhikode,AC-KL-32,Thiruvambady,MLA,Linto Joseph,Male,Communist Party of India (Marxist),1,Graduate,/assets/placeholder-avatar.svg,58000000,6800000,0,94,64,50000000,48000000,"Linto Joseph is the elected MLA representing Thiruvambady, Kozhikode, Kerala."
Kerala,Malappuram,AC-KL-33,Kondotty,MLA,T. V. Ibrahim,Male,Indian Union Muslim League,1,Graduate,/assets/placeholder-avatar.svg,58000000,6800000,0,94,64,50000000,48000000,"T. V. Ibrahim is the elected MLA representing Kondotty, Malappuram, Kerala."
Kerala,Malappuram,AC-KL-34,Eranad,MLA,P. K. Basheer,Male,Indian Union Muslim League,1,Graduate,/assets/placeholder-avatar.svg,58000000,6800000,0,94,64,50000000,48000000,"P. K. Basheer is the elected MLA representing Eranad, Malappuram, Kerala."
Kerala,Malappuram,AC-KL-35,Nilambur,MLA,P. V. Anvar,Male,Independent,1,Graduate,/assets/placeholder-avatar.svg,58000000,6800000,0,94,64,50000000,48000000,"P. V. Anvar is the elected MLA representing Nilambur, Malappuram, Kerala."
Kerala,Malappuram,AC-KL-36,Wandoor,MLA,A. P. Anil Kumar,Male,Indian National Congress,1,Graduate,/assets/placeholder-avatar.svg,58000000,6800000,0,94,64,50000000,48000000,"A. P. Anil Kumar is the elected MLA representing Wandoor, Malappuram, Kerala."
Kerala,Malappuram,AC-KL-37,Manjeri,MLA,U. A. Latheef,Male,Indian Union Muslim League,1,Graduate,/assets/placeholder-avatar.svg,58000000,6800000,0,94,64,50000000,48000000,"U. A. Latheef is the elected MLA representing Manjeri, Malappuram, Kerala."
Kerala,Malappuram,AC-KL-38,Perinthalmanna,MLA,Najeeb Kanthapuram,Male,Indian Union Muslim League,1,Graduate,/assets/placeholder-avatar.svg,58000000,6800000,0,94,64,50000000,48000000,"Najeeb Kanthapuram is the elected MLA representing Perinthalmanna, Malappuram, Kerala."
Kerala,Malappuram,AC-KL-39,Mankada,MLA,Manjalamkuzhi Ali,Male,Indian Union Muslim League,1,Graduate,/assets/placeholder-avatar.svg,58000000,6800000,0,94,64,50000000,48000000,"Manjalamkuzhi Ali is the elected MLA representing Mankada, Malappuram, Kerala."
Kerala,Malappuram,AC-KL-40,Malappuram,MLA,P. Ubaidulla,Male,Indian Union Muslim League,1,Graduate,/assets/placeholder-avatar.svg,58000000,6800000,0,94,64,50000000,48000000,"P. Ubaidulla is the elected MLA representing Malappuram, Malappuram, Kerala."
Kerala,Malappuram,AC-KL-41,Vengara,MLA,P. K. Kunhalikutty,Male,Indian Union Muslim League,1,Graduate,/assets/placeholder-avatar.svg,58000000,6800000,0,94,64,50000000,48000000,"P. K. Kunhalikutty is the elected MLA representing Vengara, Malappuram, Kerala."
Kerala,Malappuram,AC-KL-42,Vallikkunnu,MLA,P. Abdul Hameed,Male,Indian Union Muslim League,1,Graduate,/assets/placeholder-avatar.svg,58000000,6800000,0,94,64,50000000,48000000,"P. Abdul Hameed is the elected MLA representing Vallikkunnu, Malappuram, Kerala."
Kerala,Malappuram,AC-KL-43,Tirurangadi,MLA,K. P. A. Majeed,Male,Indian Union Muslim League,1,Graduate,/assets/placeholder-avatar.svg,58000000,6800000,0,94,64,50000000,48000000,"K. P. A. Majeed is the elected MLA representing Tirurangadi, Malappuram, Kerala."
Kerala,Malappuram,AC-KL-44,Tanur,MLA,V. Abdurahman,Male,National Secular Conference,1,Graduate,/assets/placeholder-avatar.svg,58000000,6800000,0,94,64,50000000,48000000,"V. Abdurahman is the elected MLA representing Tanur, Malappuram, Kerala."
Kerala,Malappuram,AC-KL-45,Tirur,MLA,Kurukkoli Moideen,Male,Indian Union Muslim League,1,Graduate,/assets/placeholder-avatar.svg,58000000,6800000,0,94,64,50000000,48000000,"Kurukkoli Moideen is the elected MLA representing Tirur, Malappuram, Kerala."
Kerala,Malappuram,AC-KL-46,Kottakkal,MLA,K. K. Abid Hussain Thangal,Male,Indian Union Muslim League,1,Graduate,/assets/placeholder-avatar.svg,58000000,6800000,0,94,64,50000000,48000000,"K. K. Abid Hussain Thangal is the elected MLA representing Kottakkal, Malappuram, Kerala."
Kerala,Malappuram,AC-KL-47,Thavanur,MLA,K. T. Jaleel,Male,Independent,1,Graduate,/assets/placeholder-avatar.svg,58000000,6800000,0,94,64,50000000,48000000,"K. T. Jaleel is the elected MLA representing Thavanur, Malappuram, Kerala."
Kerala,Malappuram,AC-KL-48,Ponnani,MLA,P. Nandakumar,Male,Communist Party of India (Marxist),1,Graduate,/assets/placeholder-avatar.svg,58000000,6800000,0,94,64,50000000,48000000,"P. Nandakumar is the elected MLA representing Ponnani, Malappuram, Kerala."
Kerala,Palakkad,AC-KL-49,Thrithala,MLA,M. B. Rajesh,Male,Communist Party of India (Marxist),1,Graduate,/assets/placeholder-avatar.svg,58000000,6800000,0,94,64,50000000,48000000,"M. B. Rajesh is the elected MLA representing Thrithala, Palakkad, Kerala."
Kerala,Palakkad,AC-KL-50,Pattambi,MLA,Muhammed Muhsin,Male,Communist Party of India,1,Graduate,/assets/placeholder-avatar.svg,58000000,6800000,0,94,64,50000000,48000000,"Muhammed Muhsin is the elected MLA representing Pattambi, Palakkad, Kerala."
Kerala,Palakkad,AC-KL-51,Shornur,MLA,P. Mammikutty,Male,Communist Party of India (Marxist),1,Graduate,/assets/placeholder-avatar.svg,58000000,6800000,0,94,64,50000000,48000000,"P. Mammikutty is the elected MLA representing Shornur, Palakkad, Kerala."
Kerala,Palakkad,AC-KL-52,Ottapalam,MLA,K. Premkumar,Male,Communist Party of India (Marxist),1,Graduate,/assets/placeholder-avatar.svg,58000000,6800000,0,94,64,50000000,48000000,"K. Premkumar is the elected MLA representing Ottapalam, Palakkad, Kerala."
Kerala,Palakkad,AC-KL-53,Kongad,MLA,K. Shanthakumari,Male,Communist Party of India (Marxist),1,Graduate,/assets/placeholder-avatar.svg,58000000,6800000,0,94,64,50000000,48000000,"K. Shanthakumari is the elected MLA representing Kongad, Palakkad, Kerala."
Kerala,Palakkad,AC-KL-54,Mannarkkad,MLA,N. Shamsudheen,Male,Indian Union Muslim League,1,Graduate,/assets/placeholder-avatar.svg,58000000,6800000,0,94,64,50000000,48000000,"N. Shamsudheen is the elected MLA representing Mannarkkad, Palakkad, Kerala."
Kerala,Palakkad,AC-KL-55,Malampuzha,MLA,A. Prabhakaran,Male,Communist Party of India (Marxist),1,Graduate,/assets/placeholder-avatar.svg,58000000,6800000,0,94,64,50000000,48000000,"A. Prabhakaran is the elected MLA representing Malampuzha, Palakkad, Kerala."
Kerala,Palakkad,AC-KL-56,Palakkad,MLA,Shafi Parambil,Male,Indian National Congress,1,Graduate,/assets/placeholder-avatar.svg,58000000,6800000,0,94,64,50000000,48000000,"Shafi Parambil is the elected MLA representing Palakkad, Palakkad, Kerala."
Kerala,Palakkad,AC-KL-57,Tarur,MLA,P. P. Sumod,Male,Communist Party of India (Marxist),1,Graduate,/assets/placeholder-avatar.svg,58000000,6800000,0,94,64,50000000,48000000,"P. P. Sumod is the elected MLA representing Tarur, Palakkad, Kerala."
Kerala,Palakkad,AC-KL-58,Chittur,MLA,K. Krishnankutty,Male,Janata Dal (Secular),1,Graduate,/assets/placeholder-avatar.svg,58000000,6800000,0,94,64,50000000,48000000,"K. Krishnankutty is the elected MLA representing Chittur, Palakkad, Kerala."
Kerala,Palakkad,AC-KL-59,Nenmara,MLA,K. Babu,Male,Communist Party of India (Marxist),1,Graduate,/assets/placeholder-avatar.svg,58000000,6800000,0,94,64,50000000,48000000,"K. Babu is the elected MLA representing Nenmara, Palakkad, Kerala."
Kerala,Palakkad,AC-KL-60,Alathur,MLA,K. D. Prasenan,Male,Communist Party of India (Marxist),1,Graduate,/assets/placeholder-avatar.svg,58000000,6800000,0,94,64,50000000,48000000,"K. D. Prasenan is the elected MLA representing Alathur, Palakkad, Kerala."
Kerala,Thrissur,AC-KL-61,Chelakkara,MLA,K. Radhakrishnan,Male,Communist Party of India (Marxist),1,Graduate,/assets/placeholder-avatar.svg,58000000,6800000,0,94,64,50000000,48000000,"K. Radhakrishnan is the elected MLA representing Chelakkara, Thrissur, Kerala."
Kerala,Thrissur,AC-KL-62,Kunnamkulam,MLA,A. C. Moideen,Male,Communist Party of India (Marxist),1,Graduate,/assets/placeholder-avatar.svg,58000000,6800000,0,94,64,50000000,48000000,"A. C. Moideen is the elected MLA representing Kunnamkulam, Thrissur, Kerala."
Kerala,Thrissur,AC-KL-63,Guruvayur,MLA,N. K. Akbar,Male,Communist Party of India (Marxist),1,Graduate,/assets/placeholder-avatar.svg,58000000,6800000,0,94,64,50000000,48000000,"N. K. Akbar is the elected MLA representing Guruvayur, Thrissur, Kerala."
Kerala,Thrissur,AC-KL-64,Manalur,MLA,Murali Perunelly,Male,Communist Party of India (Marxist),1,Graduate,/assets/placeholder-avatar.svg,58000000,6800000,0,94,64,50000000,48000000,"Murali Perunelly is the elected MLA representing Manalur, Thrissur, Kerala."
Kerala,Thrissur,AC-KL-65,Wadakkanchery,MLA,Xavier Chittilappilly,Male,Communist Party of India (Marxist),1,Graduate,/assets/placeholder-avatar.svg,58000000,6800000,0,94,64,50000000,48000000,"Xavier Chittilappilly is the elected MLA representing Wadakkanchery, Thrissur, Kerala."
Kerala,Thrissur,AC-KL-66,Ollur,MLA,K. Rajan,Male,Communist Party of India,1,Graduate,/assets/placeholder-avatar.svg,58000000,6800000,0,94,64,50000000,48000000,"K. Rajan is the elected MLA representing Ollur, Thrissur, Kerala."
Kerala,Thrissur,AC-KL-67,Thrissur,MLA,P. Balachandran,Male,Communist Party of India,1,Graduate,/assets/placeholder-avatar.svg,58000000,6800000,0,94,64,50000000,48000000,"P. Balachandran is the elected MLA representing Thrissur, Thrissur, Kerala."
Kerala,Thrissur,AC-KL-68,Nattika,MLA,C. C. Mukundan,Male,Communist Party of India,1,Graduate,/assets/placeholder-avatar.svg,58000000,6800000,0,94,64,50000000,48000000,"C. C. Mukundan is the elected MLA representing Nattika, Thrissur, Kerala."
Kerala,Thrissur,AC-KL-69,Kaipamangalam,MLA,E. T. Taison,Male,Communist Party of India,1,Graduate,/assets/placeholder-avatar.svg,58000000,6800000,0,94,64,50000000,48000000,"E. T. Taison is the elected MLA representing Kaipamangalam, Thrissur, Kerala."
Kerala,Thrissur,AC-KL-70,Irinjalakuda,MLA,R. Bindu,Male,Communist Party of India (Marxist),1,Graduate,/assets/placeholder-avatar.svg,58000000,6800000,0,94,64,50000000,48000000,"R. Bindu is the elected MLA representing Irinjalakuda, Thrissur, Kerala."
Kerala,Thrissur,AC-KL-71,Puthukkad,MLA,K. K. Ramachandran,Male,Communist Party of India (Marxist),1,Graduate,/assets/placeholder-avatar.svg,58000000,6800000,0,94,64,50000000,48000000,"K. K. Ramachandran is the elected MLA representing Puthukkad, Thrissur, Kerala."
Kerala,Thrissur,AC-KL-72,Chalakudy,MLA,T. J. Saneesh Kumar Joseph,Male,Indian National Congress,1,Graduate,/assets/placeholder-avatar.svg,58000000,6800000,0,94,64,50000000,48000000,"T. J. Saneesh Kumar Joseph is the elected MLA representing Chalakudy, Thrissur, Kerala."
Kerala,Thrissur,AC-KL-73,Kodungallur,MLA,V. R. Sunil Kumar,Male,Communist Party of India,1,Graduate,/assets/placeholder-avatar.svg,58000000,6800000,0,94,64,50000000,48000000,"V. R. Sunil Kumar is the elected MLA representing Kodungallur, Thrissur, Kerala."
Kerala,Ernakulam,AC-KL-74,Perumbavoor,MLA,Eldhose Kunnappilly,Male,Indian National Congress,1,Graduate,/assets/placeholder-avatar.svg,58000000,6800000,0,94,64,50000000,48000000,"Eldhose Kunnappilly is the elected MLA representing Perumbavoor, Ernakulam, Kerala."
Kerala,Ernakulam,AC-KL-75,Angamaly,MLA,Roji M. John,Male,Indian National Congress,1,Graduate,/assets/placeholder-avatar.svg,58000000,6800000,0,94,64,50000000,48000000,"Roji M. John is the elected MLA representing Angamaly, Ernakulam, Kerala."
Kerala,Ernakulam,AC-KL-76,Aluva,MLA,Anwar Sadath,Male,Indian National Congress,1,Graduate,/assets/placeholder-avatar.svg,58000000,6800000,0,94,64,50000000,48000000,"Anwar Sadath is the elected MLA representing Aluva, Ernakulam, Kerala."
Kerala,Ernakulam,AC-KL-77,Kalamassery,MLA,P. Rajeev,Male,Communist Party of India (Marxist),1,Graduate,/assets/placeholder-avatar.svg,58000000,6800000,0,94,64,50000000,48000000,"P. Rajeev is the elected MLA representing Kalamassery, Ernakulam, Kerala."
Kerala,Ernakulam,AC-KL-78,Paravur,Chief Minister of Kerala,V. D. Satheesan,Male,Indian National Congress,2,Post Graduate,/assets/candidates/v__d__satheesan.jpg,58000000,6800000,0,94,64,50000000,48000000,"V. D. Satheesan is the elected Leader of Opposition representing Paravur, Ernakulam, Kerala."
Kerala,Ernakulam,AC-KL-79,Vypin,MLA,K. N. Unnikrishnan,Male,Communist Party of India (Marxist),1,Graduate,/assets/placeholder-avatar.svg,58000000,6800000,0,94,64,50000000,48000000,"K. N. Unnikrishnan is the elected MLA representing Vypin, Ernakulam, Kerala."
Kerala,Ernakulam,AC-KL-80,Kochi,MLA,K. J. Maxi,Male,Communist Party of India (Marxist),1,Graduate,/assets/placeholder-avatar.svg,58000000,6800000,0,94,64,50000000,48000000,"K. J. Maxi is the elected MLA representing Kochi, Ernakulam, Kerala."
Kerala,Ernakulam,AC-KL-81,Thrippunithura,MLA,K. Babu,Male,Indian National Congress,1,Graduate,/assets/placeholder-avatar.svg,58000000,6800000,0,94,64,50000000,48000000,"K. Babu is the elected MLA representing Thrippunithura, Ernakulam, Kerala."
Kerala,Ernakulam,AC-KL-82,Ernakulam,MLA,T. J. Vinod,Male,Indian National Congress,1,Graduate,/assets/placeholder-avatar.svg,58000000,6800000,0,94,64,50000000,48000000,"T. J. Vinod is the elected MLA representing Ernakulam, Ernakulam, Kerala."
Kerala,Ernakulam,AC-KL-83,Thrikkakara,MLA,P. T. Thomas,Male,Indian National Congress,1,Graduate,/assets/placeholder-avatar.svg,58000000,6800000,0,94,64,50000000,48000000,"P. T. Thomas is the elected MLA representing Thrikkakara, Ernakulam, Kerala."
Kerala,Ernakulam,AC-KL-84,Kunnathunad,MLA,P. V. Sreenijin,Male,Communist Party of India (Marxist),1,Graduate,/assets/placeholder-avatar.svg,58000000,6800000,0,94,64,50000000,48000000,"P. V. Sreenijin is the elected MLA representing Kunnathunad, Ernakulam, Kerala."
Kerala,Ernakulam,AC-KL-85,Piravom,MLA,Anoop Jacob,Male,Kerala Congress (Jacob),1,Graduate,/assets/placeholder-avatar.svg,58000000,6800000,0,94,64,50000000,48000000,"Anoop Jacob is the elected MLA representing Piravom, Ernakulam, Kerala."
Kerala,Ernakulam,AC-KL-86,Muvattupuzha,MLA,Mathew Kuzhalnadan,Male,Indian National Congress,1,Graduate,/assets/placeholder-avatar.svg,58000000,6800000,0,94,64,50000000,48000000,"Mathew Kuzhalnadan is the elected MLA representing Muvattupuzha, Ernakulam, Kerala."
Kerala,Ernakulam,AC-KL-87,Kothamangalam,MLA,Antony John,Male,Communist Party of India (Marxist),1,Graduate,/assets/placeholder-avatar.svg,58000000,6800000,0,94,64,50000000,48000000,"Antony John is the elected MLA representing Kothamangalam, Ernakulam, Kerala."
Kerala,Idukki,AC-KL-88,Devikulam,MLA,A. Raja,Male,Communist Party of India (Marxist),1,Graduate,/assets/placeholder-avatar.svg,58000000,6800000,0,94,64,50000000,48000000,"A. Raja is the elected MLA representing Devikulam, Idukki, Kerala."
Kerala,Idukki,AC-KL-89,Udumbanchola,MLA,M. M. Mani,Male,Communist Party of India (Marxist),1,Graduate,/assets/placeholder-avatar.svg,58000000,6800000,0,94,64,50000000,48000000,"M. M. Mani is the elected MLA representing Udumbanchola, Idukki, Kerala."
Kerala,Idukki,AC-KL-90,Thodupuzha,MLA,P. J. Joseph,Male,KEC,1,Graduate,/assets/placeholder-avatar.svg,58000000,6800000,0,94,64,50000000,48000000,"P. J. Joseph is the elected MLA representing Thodupuzha, Idukki, Kerala."
Kerala,Idukki,AC-KL-91,Idukki,MLA,Roshy Augustine,Male,Kerala Congress (M),1,Graduate,/assets/placeholder-avatar.svg,58000000,6800000,0,94,64,50000000,48000000,"Roshy Augustine is the elected MLA representing Idukki, Idukki, Kerala."
Kerala,Idukki,AC-KL-92,Peerumade,MLA,Vazhoor Soman,Male,Communist Party of India,1,Graduate,/assets/placeholder-avatar.svg,58000000,6800000,0,94,64,50000000,48000000,"Vazhoor Soman is the elected MLA representing Peerumade, Idukki, Kerala."
Kerala,Kottayam,AC-KL-93,Pala,MLA,Mani C. Kappan,Male,KDP,1,Graduate,/assets/placeholder-avatar.svg,58000000,6800000,0,94,64,50000000,48000000,"Mani C. Kappan is the elected MLA representing Pala, Kottayam, Kerala."
Kerala,Kottayam,AC-KL-94,Kaduthuruthy,MLA,Monce Joseph,Male,KEC,1,Graduate,/assets/placeholder-avatar.svg,58000000,6800000,0,94,64,50000000,48000000,"Monce Joseph is the elected MLA representing Kaduthuruthy, Kottayam, Kerala."
Kerala,Kottayam,AC-KL-95,Vaikom,MLA,C. K. Asha,Female,Communist Party of India,1,Graduate,/assets/placeholder-avatar.svg,58000000,6800000,0,94,64,50000000,48000000,"C. K. Asha is the elected MLA representing Vaikom, Kottayam, Kerala."
Kerala,Kottayam,AC-KL-96,Ettumanoor,MLA,V. N. Vasavan,Male,Communist Party of India (Marxist),1,Graduate,/assets/placeholder-avatar.svg,58000000,6800000,0,94,64,50000000,48000000,"V. N. Vasavan is the elected MLA representing Ettumanoor, Kottayam, Kerala."
Kerala,Kottayam,AC-KL-97,Kottayam,MLA,Thiruvanchoor Radhakrishnan,Male,Indian National Congress,1,Graduate,/assets/placeholder-avatar.svg,58000000,6800000,0,94,64,50000000,48000000,"Thiruvanchoor Radhakrishnan is the elected MLA representing Kottayam, Kottayam, Kerala."
Kerala,Kottayam,AC-KL-98,Puthuppally,MLA,Oommen Chandy,Male,Indian National Congress,1,Graduate,/assets/placeholder-avatar.svg,58000000,6800000,0,94,64,50000000,48000000,"Oommen Chandy is the elected MLA representing Puthuppally, Kottayam, Kerala."
Kerala,Kottayam,AC-KL-99,Changanassery,MLA,Job Michael,Male,Kerala Congress (M),1,Graduate,/assets/placeholder-avatar.svg,58000000,6800000,0,94,64,50000000,48000000,"Job Michael is the elected MLA representing Changanassery, Kottayam, Kerala."
Kerala,Kottayam,AC-KL-100,Kanjirappally,MLA,N. Jayaraj,Male,Kerala Congress (M),1,Graduate,/assets/placeholder-avatar.svg,58000000,6800000,0,94,64,50000000,48000000,"N. Jayaraj is the elected MLA representing Kanjirappally, Kottayam, Kerala."
Kerala,Kottayam,AC-KL-101,Poonjar,MLA,Sebastian Kulathunkal,Male,Kerala Congress (M),1,Graduate,/assets/placeholder-avatar.svg,58000000,6800000,0,94,64,50000000,48000000,"Sebastian Kulathunkal is the elected MLA representing Poonjar, Kottayam, Kerala."
Kerala,Alappuzha,AC-KL-102,Aroor,MLA,Daleema Jojo,Male,Communist Party of India (Marxist),1,Graduate,/assets/placeholder-avatar.svg,58000000,6800000,0,94,64,50000000,48000000,"Daleema Jojo is the elected MLA representing Aroor, Alappuzha, Kerala."
Kerala,Alappuzha,AC-KL-103,Cherthala,MLA,P. Prasad,Male,Communist Party of India,1,Graduate,/assets/placeholder-avatar.svg,58000000,6800000,0,94,64,50000000,48000000,"P. Prasad is the elected MLA representing Cherthala, Alappuzha, Kerala."
Kerala,Alappuzha,AC-KL-104,Alappuzha,MLA,P. P. Chitharanjan,Male,Communist Party of India (Marxist),1,Graduate,/assets/placeholder-avatar.svg,58000000,6800000,0,94,64,50000000,48000000,"P. P. Chitharanjan is the elected MLA representing Alappuzha, Alappuzha, Kerala."
Kerala,Alappuzha,AC-KL-105,Ambalappuzha,MLA,H. Salam,Male,Communist Party of India (Marxist),1,Graduate,/assets/placeholder-avatar.svg,58000000,6800000,0,94,64,50000000,48000000,"H. Salam is the elected MLA representing Ambalappuzha, Alappuzha, Kerala."
Kerala,Alappuzha,AC-KL-106,Kuttanad,MLA,Thomas K. Thomas,Male,Nationalist Congress Party,1,Graduate,/assets/placeholder-avatar.svg,58000000,6800000,0,94,64,50000000,48000000,"Thomas K. Thomas is the elected MLA representing Kuttanad, Alappuzha, Kerala."
Kerala,Alappuzha,AC-KL-107,Haripad,MLA,Ramesh Chennithala,Male,Indian National Congress,3,Graduate,/assets/candidates/ramesh_chennithala.jpg,58000000,6800000,0,94,64,50000000,48000000,"Ramesh Chennithala is the elected MLA representing Haripad, Alappuzha, Kerala."
Kerala,Alappuzha,AC-KL-108,Kayamkulam,MLA,U. Prathibha,Male,Communist Party of India (Marxist),1,Graduate,/assets/placeholder-avatar.svg,58000000,6800000,0,94,64,50000000,48000000,"U. Prathibha is the elected MLA representing Kayamkulam, Alappuzha, Kerala."
Kerala,Alappuzha,AC-KL-109,Mavelikara,MLA,M. S. Arun Kumar,Male,Communist Party of India (Marxist),1,Graduate,/assets/placeholder-avatar.svg,58000000,6800000,0,94,64,50000000,48000000,"M. S. Arun Kumar is the elected MLA representing Mavelikara, Alappuzha, Kerala."
Kerala,Alappuzha,AC-KL-110,Chengannur,MLA,Saji Cherian,Male,Communist Party of India (Marxist),1,Graduate,/assets/placeholder-avatar.svg,58000000,6800000,0,94,64,50000000,48000000,"Saji Cherian is the elected MLA representing Chengannur, Alappuzha, Kerala."
Kerala,Pathanamthitta,AC-KL-111,Thiruvalla,MLA,Mathew T. Thomas,Male,Janata Dal (Secular),1,Graduate,/assets/placeholder-avatar.svg,58000000,6800000,0,94,64,50000000,48000000,"Mathew T. Thomas is the elected MLA representing Thiruvalla, Pathanamthitta, Kerala."
Kerala,Pathanamthitta,AC-KL-112,Ranni,MLA,Pramod Narayan,Male,Kerala Congress (M),1,Graduate,/assets/placeholder-avatar.svg,58000000,6800000,0,94,64,50000000,48000000,"Pramod Narayan is the elected MLA representing Ranni, Pathanamthitta, Kerala."
Kerala,Pathanamthitta,AC-KL-113,Aranmula,MLA,Veena George,Male,Communist Party of India (Marxist),1,Graduate,/assets/placeholder-avatar.svg,58000000,6800000,0,94,64,50000000,48000000,"Veena George is the elected MLA representing Aranmula, Pathanamthitta, Kerala."
Kerala,Pathanamthitta,AC-KL-114,Konni,MLA,K. U. Jenish Kumar,Male,Communist Party of India (Marxist),1,Graduate,/assets/placeholder-avatar.svg,58000000,6800000,0,94,64,50000000,48000000,"K. U. Jenish Kumar is the elected MLA representing Konni, Pathanamthitta, Kerala."
Kerala,Pathanamthitta,AC-KL-115,Adoor,MLA,Chittayam Gopakumar,Male,Communist Party of India,1,Graduate,/assets/placeholder-avatar.svg,58000000,6800000,0,94,64,50000000,48000000,"Chittayam Gopakumar is the elected MLA representing Adoor, Pathanamthitta, Kerala."
Kerala,Kollam,AC-KL-116,Karunagappally,MLA,C. R. Mahesh,Male,Indian National Congress,1,Graduate,/assets/placeholder-avatar.svg,58000000,6800000,0,94,64,50000000,48000000,"C. R. Mahesh is the elected MLA representing Karunagappally, Kollam, Kerala."
Kerala,Kollam,AC-KL-117,Chavara,MLA,Sujith Vijayanpillai,Male,Independent,1,Graduate,/assets/placeholder-avatar.svg,58000000,6800000,0,94,64,50000000,48000000,"Sujith Vijayanpillai is the elected MLA representing Chavara, Kollam, Kerala."
Kerala,Kollam,AC-KL-118,Kunnathur,MLA,Kovoor Kunjumon,Male,Independent,1,Graduate,/assets/placeholder-avatar.svg,58000000,6800000,0,94,64,50000000,48000000,"Kovoor Kunjumon is the elected MLA representing Kunnathur, Kollam, Kerala."
Kerala,Kollam,AC-KL-119,Kottarakkara,MLA,K. N. Balagopal,Male,Communist Party of India (Marxist),1,Graduate,/assets/placeholder-avatar.svg,58000000,6800000,0,94,64,50000000,48000000,"K. N. Balagopal is the elected MLA representing Kottarakkara, Kollam, Kerala."
Kerala,Kollam,AC-KL-120,Pathanapuram,MLA,K. B. Ganesh Kumar,Male,Kerala Congress (B),1,Graduate,/assets/placeholder-avatar.svg,58000000,6800000,0,94,64,50000000,48000000,"K. B. Ganesh Kumar is the elected MLA representing Pathanapuram, Kollam, Kerala."
Kerala,Kollam,AC-KL-121,Punalur,MLA,P. S. Supal,Male,Communist Party of India,1,Graduate,/assets/placeholder-avatar.svg,58000000,6800000,0,94,64,50000000,48000000,"P. S. Supal is the elected MLA representing Punalur, Kollam, Kerala."
Kerala,Kollam,AC-KL-122,Chadayamangalam,MLA,J. Chinchu Rani,Male,Communist Party of India,1,Graduate,/assets/placeholder-avatar.svg,58000000,6800000,0,94,64,50000000,48000000,"J. Chinchu Rani is the elected MLA representing Chadayamangalam, Kollam, Kerala."
Kerala,Kollam,AC-KL-123,Kundara,MLA,P. C. Vishnunath,Male,Indian National Congress,1,Graduate,/assets/placeholder-avatar.svg,58000000,6800000,0,94,64,50000000,48000000,"P. C. Vishnunath is the elected MLA representing Kundara, Kollam, Kerala."
Kerala,Kollam,AC-KL-124,Kollam,MLA,Mukesh,Male,Communist Party of India (Marxist),1,Graduate,/assets/placeholder-avatar.svg,58000000,6800000,0,94,64,50000000,48000000,"Mukesh is the elected MLA representing Kollam, Kollam, Kerala."
Kerala,Kollam,AC-KL-125,Eravipuram,MLA,M. Noushad,Male,Communist Party of India (Marxist),1,Graduate,/assets/placeholder-avatar.svg,58000000,6800000,0,94,64,50000000,48000000,"M. Noushad is the elected MLA representing Eravipuram, Kollam, Kerala."
Kerala,Kollam,AC-KL-126,Chathannoor,MLA,G. S. Jayalal,Male,Communist Party of India,1,Graduate,/assets/placeholder-avatar.svg,58000000,6800000,0,94,64,50000000,48000000,"G. S. Jayalal is the elected MLA representing Chathannoor, Kollam, Kerala."
Kerala,Thiruvananthapuram,AC-KL-127,Varkala,MLA,V. Joy,Male,Communist Party of India (Marxist),1,Graduate,/assets/placeholder-avatar.svg,58000000,6800000,0,94,64,50000000,48000000,"V. Joy is the elected MLA representing Varkala, Thiruvananthapuram, Kerala."
Kerala,Thiruvananthapuram,AC-KL-128,Attingal,MLA,O. S. Ambika,Female,Communist Party of India (Marxist),1,Graduate,/assets/placeholder-avatar.svg,58000000,6800000,0,94,64,50000000,48000000,"O. S. Ambika is the elected MLA representing Attingal, Thiruvananthapuram, Kerala."
Kerala,Thiruvananthapuram,AC-KL-129,Chirayinkeezhu,MLA,V. Sasi,Male,Communist Party of India,1,Graduate,/assets/placeholder-avatar.svg,58000000,6800000,0,94,64,50000000,48000000,"V. Sasi is the elected MLA representing Chirayinkeezhu, Thiruvananthapuram, Kerala."
Kerala,Thiruvananthapuram,AC-KL-130,Nedumangad,MLA,G. R. Anil,Male,Communist Party of India,1,Graduate,/assets/placeholder-avatar.svg,58000000,6800000,0,94,64,50000000,48000000,"G. R. Anil is the elected MLA representing Nedumangad, Thiruvananthapuram, Kerala."
Kerala,Thiruvananthapuram,AC-KL-131,Vamanapuram,MLA,D. K. Murali,Male,Communist Party of India (Marxist),1,Graduate,/assets/placeholder-avatar.svg,58000000,6800000,0,94,64,50000000,48000000,"D. K. Murali is the elected MLA representing Vamanapuram, Thiruvananthapuram, Kerala."
Kerala,Thiruvananthapuram,AC-KL-132,Kazhakootam,MLA,Kadakampally Surendran,Male,Communist Party of India (Marxist),1,Graduate,/assets/placeholder-avatar.svg,58000000,6800000,0,94,64,50000000,48000000,"Kadakampally Surendran is the elected MLA representing Kazhakootam, Thiruvananthapuram, Kerala."
Kerala,Thiruvananthapuram,AC-KL-133,Vattiyoorkavu,MLA,V. K. Prasanth,Male,Communist Party of India (Marxist),1,Graduate,/assets/placeholder-avatar.svg,58000000,6800000,0,94,64,50000000,48000000,"V. K. Prasanth is the elected MLA representing Vattiyoorkavu, Thiruvananthapuram, Kerala."
Kerala,Thiruvananthapuram,AC-KL-134,Thiruvananthapuram,MLA,Antony Raju,Male,JKC,1,Graduate,/assets/placeholder-avatar.svg,58000000,6800000,0,94,64,50000000,48000000,"Antony Raju is the elected MLA representing Thiruvananthapuram, Thiruvananthapuram, Kerala."
Kerala,Thiruvananthapuram,AC-KL-135,Nemom,MLA,V. Sivankutty,Male,Communist Party of India (Marxist),1,Graduate,/assets/placeholder-avatar.svg,58000000,6800000,0,94,64,50000000,48000000,"V. Sivankutty is the elected MLA representing Nemom, Thiruvananthapuram, Kerala."
Kerala,Thiruvananthapuram,AC-KL-136,Aruvikkara,MLA,G. Stephen,Male,Communist Party of India (Marxist),1,Graduate,/assets/placeholder-avatar.svg,58000000,6800000,0,94,64,50000000,48000000,"G. Stephen is the elected MLA representing Aruvikkara, Thiruvananthapuram, Kerala."
Kerala,Thiruvananthapuram,AC-KL-137,Parassala,MLA,C. K. Hareendran,Male,Communist Party of India (Marxist),1,Graduate,/assets/placeholder-avatar.svg,58000000,6800000,0,94,64,50000000,48000000,"C. K. Hareendran is the elected MLA representing Parassala, Thiruvananthapuram, Kerala."
Kerala,Thiruvananthapuram,AC-KL-138,Kattakkada,MLA,I. B. Sathish,Male,Communist Party of India (Marxist),1,Graduate,/assets/placeholder-avatar.svg,58000000,6800000,0,94,64,50000000,48000000,"I. B. Sathish is the elected MLA representing Kattakkada, Thiruvananthapuram, Kerala."
Kerala,Thiruvananthapuram,AC-KL-139,Kovalam,MLA,M. Vincent,Male,Indian National Congress,1,Graduate,/assets/placeholder-avatar.svg,58000000,6800000,0,94,64,50000000,48000000,"M. Vincent is the elected MLA representing Kovalam, Thiruvananthapuram, Kerala."
Kerala,Thiruvananthapuram,AC-KL-140,Neyyattinkara,MLA,K. Ansalan,Male,Communist Party of India (Marxist),1,Graduate,/assets/placeholder-avatar.svg,58000000,6800000,0,94,64,50000000,48000000,"K. Ansalan is the elected MLA representing Neyyattinkara, Thiruvananthapuram, Kerala."
Uttar Pradesh,Raebareli,PC-UP-36,Rae Bareli (Lok Sabha),Leader of Opposition (Lok Sabha) / MP,Rahul Gandhi,Male,Indian National Congress,5,"M.Phil (Trinity College, Cambridge)",/assets/candidates/rahul_gandhi.jpg,204900000,4970000,0,94,145,170000000,155000000,"Rahul Gandhi is the 12th Leader of the Opposition in the Lok Sabha and Member of Parliament representing the Rae Bareli Lok Sabha constituency, Uttar Pradesh."
Uttar Pradesh,Gorakhpur,AC-UP-322,Gorakhpur Urban,Chief Minister of Uttar Pradesh,Yogi Adityanath,Male,Bharatiya Janata Party,1,Graduate,/assets/candidates/ut_yogi_adityanath.jpg,260000000,20139484,0,90,102,50000000,47500000,"Yogi Adityanath is the Chief Minister of Uttar Pradesh representing Gorakhpur Urban, Gorakhpur."
Uttar Pradesh,Mainpuri,AC-UP-110,Karhal,Leader of Opposition / Former CM,Akhilesh Yadav,Male,Samajwadi Party,1,Post Graduate (University of Sydney),/assets/placeholder-avatar.svg,400000000,35000000,0,88,95,50000000,46000000,"Akhilesh Yadav is the President of Samajwadi Party and former Chief Minister representing Karhal, Mainpuri."
Delhi,North Delhi,AC-DL-1,Narela,MLA,Sharad Chauhan,Male,Aam Aadmi Party,1,Graduate,/assets/placeholder-avatar.svg,65000000,8500000,0,92,74,100000000,92500000,"Sharad Chauhan is the elected MLA representing Narela, North Delhi, Delhi (UT)."
Delhi,Central Delhi,AC-DL-2,Burari,MLA,Sanjeev Jha,Male,Aam Aadmi Party,1,Graduate,/assets/placeholder-avatar.svg,65000000,8500000,0,92,74,100000000,92500000,"Sanjeev Jha is the elected MLA representing Burari, Central Delhi, Delhi (UT)."
Delhi,Central Delhi,AC-DL-3,Timarpur,MLA,Dilip Pandey,Male,Aam Aadmi Party,1,Graduate,/assets/placeholder-avatar.svg,65000000,8500000,0,92,74,100000000,92500000,"Dilip Pandey is the elected MLA representing Timarpur, Central Delhi, Delhi (UT)."
Delhi,North Delhi,AC-DL-4,Adarsh Nagar,MLA,Pawan Kumar Sharma,Male,Aam Aadmi Party,1,Graduate,/assets/placeholder-avatar.svg,65000000,8500000,0,92,74,100000000,92500000,"Pawan Kumar Sharma is the elected MLA representing Adarsh Nagar, North Delhi, Delhi (UT)."
Delhi,North Delhi,AC-DL-5,Badli,MLA,Ajesh Yadav,Male,Aam Aadmi Party,1,Graduate,/assets/placeholder-avatar.svg,65000000,8500000,0,92,74,100000000,92500000,"Ajesh Yadav is the elected MLA representing Badli, North Delhi, Delhi (UT)."
Delhi,North West Delhi,AC-DL-6,Rithala,MLA,Mohinder Goyal,Male,Aam Aadmi Party,1,Graduate,/assets/placeholder-avatar.svg,65000000,8500000,0,92,74,100000000,92500000,"Mohinder Goyal is the elected MLA representing Rithala, North West Delhi, Delhi (UT)."
Delhi,North Delhi,AC-DL-7,Bawana(SC),MLA,Jai Bhagwan,Male,Aam Aadmi Party,1,Graduate,/assets/placeholder-avatar.svg,65000000,8500000,0,92,74,100000000,92500000,"Jai Bhagwan is the elected MLA representing Bawana(SC), North Delhi, Delhi (UT)."
Delhi,North West Delhi,AC-DL-8,Mundka,MLA,Dharampal Lakra,Male,Aam Aadmi Party,1,Graduate,/assets/placeholder-avatar.svg,65000000,8500000,0,92,74,100000000,92500000,"Dharampal Lakra is the elected MLA representing Mundka, North West Delhi, Delhi (UT)."
Delhi,North West Delhi,AC-DL-9,Kirari,MLA,Rituraj Govind,Male,Aam Aadmi Party,1,Graduate,/assets/placeholder-avatar.svg,65000000,8500000,0,92,74,100000000,92500000,"Rituraj Govind is the elected MLA representing Kirari, North West Delhi, Delhi (UT)."
Delhi,North West Delhi,AC-DL-10,Sultanpur Majra(SC),MLA,Mukesh Kumar Ahlawat,Male,Aam Aadmi Party,1,Graduate,/assets/placeholder-avatar.svg,65000000,8500000,0,92,74,100000000,92500000,"Mukesh Kumar Ahlawat is the elected MLA representing Sultanpur Majra(SC), North West Delhi, Delhi (UT)."
Delhi,West Delhi,AC-DL-11,Nangloi Jat,MLA,Raghuvinder Shokeen,Male,Aam Aadmi Party,1,Graduate,/assets/placeholder-avatar.svg,65000000,8500000,0,92,74,100000000,92500000,"Raghuvinder Shokeen is the elected MLA representing Nangloi Jat, West Delhi, Delhi (UT)."
Delhi,North West Delhi,AC-DL-12,Mangol Puri(SC),MLA,Rakhi Birla,Male,Aam Aadmi Party,1,Graduate,/assets/placeholder-avatar.svg,65000000,8500000,0,92,74,100000000,92500000,"Rakhi Birla is the elected MLA representing Mangol Puri(SC), North West Delhi, Delhi (UT)."
Delhi,North Delhi,AC-DL-13,Rohini,Speaker of Delhi Assembly / MLA,Vijender Gupta,Male,Bharatiya Janata Party,1,Graduate,/assets/candidates/vijender_gupta.jpg,65000000,8500000,0,92,74,100000000,92500000,"Vijender Gupta is the elected MLA representing Rohini, North Delhi, Delhi (UT)."
Delhi,North West Delhi,AC-DL-14,Shalimar Bagh,Chief Minister of Delhi,Rekha Gupta,Female,Bharatiya Janata Party,2,Post Graduate,/assets/candidates/rekha_gupta.jpg,150000000,8500000,0,92,74,100000000,92500000,"Rekha Gupta is the elected Chief Minister of Delhi representing Shalimar Bagh, North West Delhi, Delhi (UT)."
Delhi,North Delhi,AC-DL-15,Shakur Basti,MLA,Satyendra Kumar Jain,Male,Aam Aadmi Party,1,Graduate,/assets/placeholder-avatar.svg,65000000,8500000,0,92,74,100000000,92500000,"Satyendra Kumar Jain is the elected MLA representing Shakur Basti, North Delhi, Delhi (UT)."
Delhi,North West Delhi,AC-DL-16,Tri Nagar,MLA,Preeti Tomar,Male,Aam Aadmi Party,1,Graduate,/assets/placeholder-avatar.svg,65000000,8500000,0,92,74,100000000,92500000,"Preeti Tomar is the elected MLA representing Tri Nagar, North West Delhi, Delhi (UT)."
Delhi,North Delhi,AC-DL-17,Wazirpur,MLA,Rajesh Gupta,Male,Aam Aadmi Party,1,Graduate,/assets/placeholder-avatar.svg,65000000,8500000,0,92,74,100000000,92500000,"Rajesh Gupta is the elected MLA representing Wazirpur, North Delhi, Delhi (UT)."
Delhi,North Delhi,AC-DL-18,Model Town,MLA,Akhilesh Pati Tripathi,Male,Aam Aadmi Party,1,Graduate,/assets/placeholder-avatar.svg,65000000,8500000,0,92,74,100000000,92500000,"Akhilesh Pati Tripathi is the elected MLA representing Model Town, North Delhi, Delhi (UT)."
Delhi,Central Delhi,AC-DL-19,Sadar Bazar,MLA,Som Dutt,Male,Aam Aadmi Party,1,Graduate,/assets/placeholder-avatar.svg,65000000,8500000,0,92,74,100000000,92500000,"Som Dutt is the elected MLA representing Sadar Bazar, Central Delhi, Delhi (UT)."
Delhi,Central Delhi,AC-DL-20,Chandni Chowk,MLA,Parlad Singh Sawhney,Male,Aam Aadmi Party,1,Graduate,/assets/placeholder-avatar.svg,65000000,8500000,0,92,74,100000000,92500000,"Parlad Singh Sawhney is the elected MLA representing Chandni Chowk, Central Delhi, Delhi (UT)."
Delhi,Central Delhi,AC-DL-21,Matia Mahal,MLA,Shoaib Iqbal,Male,Aam Aadmi Party,1,Graduate,/assets/placeholder-avatar.svg,65000000,8500000,0,92,74,100000000,92500000,"Shoaib Iqbal is the elected MLA representing Matia Mahal, Central Delhi, Delhi (UT)."
Delhi,Central Delhi,AC-DL-22,Ballimaran,MLA,Imran Hussain,Male,Aam Aadmi Party,1,Graduate,/assets/candidates/imran_hussain.jpg,65000000,8500000,0,92,74,100000000,92500000,"Imran Hussain is the elected MLA representing Ballimaran, Central Delhi, Delhi (UT)."
Delhi,Central Delhi,AC-DL-23,Karol Bagh(SC),MLA,Vishesh Ravi,Male,Aam Aadmi Party,1,Graduate,/assets/placeholder-avatar.svg,65000000,8500000,0,92,74,100000000,92500000,"Vishesh Ravi is the elected MLA representing Karol Bagh(SC), Central Delhi, Delhi (UT)."
Delhi,New Delhi,AC-DL-24,Patel Nagar(SC),MLA,Raaj Kumar Anand,Male,Aam Aadmi Party,1,Graduate,/assets/placeholder-avatar.svg,65000000,8500000,0,92,74,100000000,92500000,"Raaj Kumar Anand is the elected MLA representing Patel Nagar(SC), New Delhi, Delhi (UT)."
Delhi,West Delhi,AC-DL-25,Moti Nagar,MLA,Shiv Charan Goel,Male,Aam Aadmi Party,1,Graduate,/assets/placeholder-avatar.svg,65000000,8500000,0,92,74,100000000,92500000,"Shiv Charan Goel is the elected MLA representing Moti Nagar, West Delhi, Delhi (UT)."
Delhi,West Delhi,AC-DL-26,Madipur(SC),MLA,Girish Soni,Male,Aam Aadmi Party,1,Graduate,/assets/placeholder-avatar.svg,65000000,8500000,0,92,74,100000000,92500000,"Girish Soni is the elected MLA representing Madipur(SC), West Delhi, Delhi (UT)."
Delhi,West Delhi,AC-DL-27,Rajouri Garden,MLA,Dhanwati Chandela,Female,Aam Aadmi Party,1,Graduate,/assets/placeholder-avatar.svg,65000000,8500000,0,92,74,100000000,92500000,"Dhanwati Chandela is the elected MLA representing Rajouri Garden, West Delhi, Delhi (UT)."
Delhi,West Delhi,AC-DL-28,Hari Nagar,MLA,Raj Kumari Dhillon,Male,Aam Aadmi Party,1,Graduate,/assets/placeholder-avatar.svg,65000000,8500000,0,92,74,100000000,92500000,"Raj Kumari Dhillon is the elected MLA representing Hari Nagar, West Delhi, Delhi (UT)."
Delhi,West Delhi,AC-DL-29,Tilak Nagar,MLA,Jarnail Singh,Male,Aam Aadmi Party,1,Graduate,/assets/placeholder-avatar.svg,65000000,8500000,0,92,74,100000000,92500000,"Jarnail Singh is the elected MLA representing Tilak Nagar, West Delhi, Delhi (UT)."
Delhi,West Delhi,AC-DL-30,Janakpuri,MLA,Rajesh Rishi,Male,Aam Aadmi Party,1,Graduate,/assets/placeholder-avatar.svg,65000000,8500000,0,92,74,100000000,92500000,"Rajesh Rishi is the elected MLA representing Janakpuri, West Delhi, Delhi (UT)."
Delhi,South West Delhi,AC-DL-31,Vikaspuri,MLA,Mahinder Yadav,Male,Aam Aadmi Party,1,Graduate,/assets/placeholder-avatar.svg,65000000,8500000,0,92,74,100000000,92500000,"Mahinder Yadav is the elected MLA representing Vikaspuri, South West Delhi, Delhi (UT)."
Delhi,South West Delhi,AC-DL-32,Uttam Nagar,MLA,Naresh Balyan,Male,Aam Aadmi Party,1,Graduate,/assets/placeholder-avatar.svg,65000000,8500000,0,92,74,100000000,92500000,"Naresh Balyan is the elected MLA representing Uttam Nagar, South West Delhi, Delhi (UT)."
Delhi,South West Delhi,AC-DL-33,Dwarka,MLA,Vinay Mishra,Male,Aam Aadmi Party,1,Graduate,/assets/placeholder-avatar.svg,65000000,8500000,0,92,74,100000000,92500000,"Vinay Mishra is the elected MLA representing Dwarka, South West Delhi, Delhi (UT)."
Delhi,South West Delhi,AC-DL-34,Matiala,MLA,Gulab Singh,Male,Aam Aadmi Party,1,Graduate,/assets/placeholder-avatar.svg,65000000,8500000,0,92,74,100000000,92500000,"Gulab Singh is the elected MLA representing Matiala, South West Delhi, Delhi (UT)."
Delhi,South West Delhi,AC-DL-35,Najafgarh,Cabinet Minister / MLA,Kailash Gahlot,Male,Aam Aadmi Party,1,Graduate,/assets/candidates/kailash_gahlot.jpg,65000000,8500000,0,92,74,100000000,92500000,"Kailash Gahlot is an elected MLA and Cabinet Minister representing Najafgarh, South West Delhi."
Delhi,South West Delhi,AC-DL-36,Bijwasan,MLA,Bhupinder Singh Joon,Male,Aam Aadmi Party,1,Graduate,/assets/placeholder-avatar.svg,65000000,8500000,0,92,74,100000000,92500000,"Bhupinder Singh Joon is the elected MLA representing Bijwasan, South West Delhi, Delhi (UT)."
Delhi,South West Delhi,AC-DL-37,Palam,MLA,Bhavna Gaur,Female,Aam Aadmi Party,1,Graduate,/assets/placeholder-avatar.svg,65000000,8500000,0,92,74,100000000,92500000,"Bhavna Gaur is the elected MLA representing Palam, South West Delhi, Delhi (UT)."
Delhi,New Delhi,AC-DL-38,Delhi Cantonment,MLA,Virender Singh Kadian,Male,Aam Aadmi Party,1,Graduate,/assets/placeholder-avatar.svg,65000000,8500000,0,92,74,100000000,92500000,"Virender Singh Kadian is the elected MLA representing Delhi Cantonment, New Delhi, Delhi (UT)."
Delhi,New Delhi,AC-DL-39,Rajinder Nagar,Member of Parliament (Rajya Sabha) / MLA,Raghav Chadha,Male,Bharatiya Janata Party,1,Graduate,/assets/candidates/raghav_chadha.jpg,65000000,8500000,0,92,74,100000000,92500000,"Raghav Chadha is a prominent Aam Aadmi Party leader and Member of Parliament representing Rajinder Nagar, New Delhi."
Delhi,New Delhi,AC-DL-40,New Delhi,MLA / Former Chief Minister,Arvind Kejriwal,Male,Aam Aadmi Party,3,Post Graduate,/assets/candidates/arvind_kejriwal.jpg,65000000,8500000,0,92,74,100000000,92500000,"Arvind Kejriwal is the elected MLA / Former Chief Minister representing New Delhi, New Delhi, Delhi (UT)."
Delhi,South East Delhi,AC-DL-41,Jangpura,MLA,Praveen Kumar,Male,Aam Aadmi Party,1,Graduate,/assets/placeholder-avatar.svg,65000000,8500000,0,92,74,100000000,92500000,"Praveen Kumar is the elected MLA representing Jangpura, South East Delhi, Delhi (UT)."
Delhi,South East Delhi,AC-DL-42,Kasturba Nagar,MLA,Madan Lal,Male,Aam Aadmi Party,1,Graduate,/assets/placeholder-avatar.svg,65000000,8500000,0,92,74,100000000,92500000,"Madan Lal is the elected MLA representing Kasturba Nagar, South East Delhi, Delhi (UT)."
Delhi,South Delhi,AC-DL-43,Malviya Nagar,MLA / Former Law Minister,Somnath Bharti,Female,Aam Aadmi Party,1,Graduate,/assets/candidates/somnath_bharti.jpg,65000000,8500000,0,92,74,100000000,92500000,"Somnath Bharti is an elected MLA and former Law Minister representing Malviya Nagar, South Delhi."
Delhi,New Delhi,AC-DL-44,R K Puram,MLA,Pramila Tokas,Female,Aam Aadmi Party,1,Graduate,/assets/placeholder-avatar.svg,65000000,8500000,0,92,74,100000000,92500000,"Pramila Tokas is the elected MLA representing R K Puram, New Delhi, Delhi (UT)."
Delhi,South Delhi,AC-DL-45,Mehrauli,MLA,Naresh Yadav,Male,Aam Aadmi Party,1,Graduate,/assets/placeholder-avatar.svg,65000000,8500000,0,92,74,100000000,92500000,"Naresh Yadav is the elected MLA representing Mehrauli, South Delhi, Delhi (UT)."
Delhi,South Delhi,AC-DL-46,Chhatarpur,MLA,Kartar Singh Tanwar,Male,Aam Aadmi Party,1,Graduate,/assets/placeholder-avatar.svg,65000000,8500000,0,92,74,100000000,92500000,"Kartar Singh Tanwar is the elected MLA representing Chhatarpur, South Delhi, Delhi (UT)."
Delhi,South Delhi,AC-DL-47,Deoli(SC),MLA,Prakash Jarwal,Male,Aam Aadmi Party,1,Graduate,/assets/placeholder-avatar.svg,65000000,8500000,0,92,74,100000000,92500000,"Prakash Jarwal is the elected MLA representing Deoli(SC), South Delhi, Delhi (UT)."
Delhi,South Delhi,AC-DL-48,Ambedkar Nagar(SC),MLA,Ajay Dutt,Male,Aam Aadmi Party,1,Graduate,/assets/placeholder-avatar.svg,65000000,8500000,0,92,74,100000000,92500000,"Ajay Dutt is the elected MLA representing Ambedkar Nagar(SC), South Delhi, Delhi (UT)."
Delhi,South East Delhi,AC-DL-49,Sangam Vihar,MLA,Dinesh Mohaniya,Male,Aam Aadmi Party,1,Graduate,/assets/placeholder-avatar.svg,65000000,8500000,0,92,74,100000000,92500000,"Dinesh Mohaniya is the elected MLA representing Sangam Vihar, South East Delhi, Delhi (UT)."
Delhi,New Delhi,AC-DL-50,Greater Kailash,Cabinet Minister / MLA,Saurabh Bhardwaj,Male,Aam Aadmi Party,3,Graduate,/assets/candidates/saurabh_bhardwaj.jpg,65000000,8500000,0,92,74,100000000,92500000,"Saurabh Bhardwaj is an elected MLA and Cabinet Minister representing Greater Kailash, New Delhi."
Delhi,South East Delhi,AC-DL-51,Kalkaji,MLA / Former Chief Minister,Atishi Marlena,Female,Aam Aadmi Party,2,Graduate,/assets/candidates/atishi_marlena.jpg,65000000,8500000,0,92,74,100000000,92500000,"Atishi Marlena is the elected MLA / Former Chief Minister representing Kalkaji, South East Delhi, Delhi (UT)."
Delhi,South East Delhi,AC-DL-52,Tughlakabad,MLA,Sahiram,Male,Aam Aadmi Party,1,Graduate,/assets/placeholder-avatar.svg,65000000,8500000,0,92,74,100000000,92500000,"Sahiram is the elected MLA representing Tughlakabad, South East Delhi, Delhi (UT)."
Delhi,South East Delhi,AC-DL-53,Badarpur,MLA,Ramvir Singh Bidhuri,Male,Bharatiya Janata Party,1,Graduate,/assets/placeholder-avatar.svg,65000000,8500000,0,92,74,100000000,92500000,"Ramvir Singh Bidhuri is the elected MLA representing Badarpur, South East Delhi, Delhi (UT)."
Delhi,South East Delhi,AC-DL-54,Okhla,MLA,Amanatullah Khan,Male,Aam Aadmi Party,1,Graduate,/assets/placeholder-avatar.svg,65000000,8500000,0,92,74,100000000,92500000,"Amanatullah Khan is the elected MLA representing Okhla, South East Delhi, Delhi (UT)."
Delhi,East Delhi,AC-DL-55,Trilokpuri(SC),MLA,Rohit Kumar Mehraulia,Male,Aam Aadmi Party,1,Graduate,/assets/placeholder-avatar.svg,65000000,8500000,0,92,74,100000000,92500000,"Rohit Kumar Mehraulia is the elected MLA representing Trilokpuri(SC), East Delhi, Delhi (UT)."
Delhi,East Delhi,AC-DL-56,Kondli(SC),MLA,Kuldeep Kumar,Male,Aam Aadmi Party,1,Graduate,/assets/placeholder-avatar.svg,65000000,8500000,0,92,74,100000000,92500000,"Kuldeep Kumar is the elected MLA representing Kondli(SC), East Delhi, Delhi (UT)."
Delhi,East Delhi,AC-DL-57,Patparganj,MLA / Former Deputy CM,Manish Sisodia,Male,Aam Aadmi Party,3,Graduate,/assets/candidates/manish_sisodia.jpg,65000000,8500000,0,92,74,100000000,92500000,"Manish Sisodia is the former Deputy Chief Minister of Delhi representing Patparganj, East Delhi."
Delhi,East Delhi,AC-DL-58,Laxmi Nagar,MLA,Abhay Verma,Male,Bharatiya Janata Party,1,Graduate,/assets/placeholder-avatar.svg,65000000,8500000,0,92,74,100000000,92500000,"Abhay Verma is the elected MLA representing Laxmi Nagar, East Delhi, Delhi (UT)."
Delhi,Shahdara,AC-DL-59,Vishwas Nagar,MLA,Om Prakash Sharma,Male,Bharatiya Janata Party,1,Graduate,/assets/placeholder-avatar.svg,65000000,8500000,0,92,74,100000000,92500000,"Om Prakash Sharma is the elected MLA representing Vishwas Nagar, Shahdara, Delhi (UT)."
Delhi,East Delhi,AC-DL-60,Krishna Nagar,MLA,S.K. Bagga,Male,Aam Aadmi Party,1,Graduate,/assets/placeholder-avatar.svg,65000000,8500000,0,92,74,100000000,92500000,"S.K. Bagga is the elected MLA representing Krishna Nagar, East Delhi, Delhi (UT)."
Delhi,East Delhi,AC-DL-61,Gandhi Nagar,MLA,Anil Kumar Bajpai,Male,Bharatiya Janata Party,1,Graduate,/assets/placeholder-avatar.svg,65000000,8500000,0,92,74,100000000,92500000,"Anil Kumar Bajpai is the elected MLA representing Gandhi Nagar, East Delhi, Delhi (UT)."
Delhi,Shahdara,AC-DL-62,Shahdara,MLA,Ram Niwas Goel,Male,Aam Aadmi Party,1,Graduate,/assets/placeholder-avatar.svg,65000000,8500000,0,92,74,100000000,92500000,"Ram Niwas Goel is the elected MLA representing Shahdara, Shahdara, Delhi (UT)."
Delhi,Shahdara,AC-DL-63,Seemapuri(SC),MLA,Rajendra Pal Gautam,Male,Aam Aadmi Party,1,Graduate,/assets/placeholder-avatar.svg,65000000,8500000,0,92,74,100000000,92500000,"Rajendra Pal Gautam is the elected MLA representing Seemapuri(SC), Shahdara, Delhi (UT)."
Delhi,Shahdara,AC-DL-64,Rohtas Nagar,MLA,Jitender Mahajan,Male,Bharatiya Janata Party,1,Graduate,/assets/placeholder-avatar.svg,65000000,8500000,0,92,74,100000000,92500000,"Jitender Mahajan is the elected MLA representing Rohtas Nagar, Shahdara, Delhi (UT)."
Delhi,North East Delhi,AC-DL-65,Seelampur,MLA,Abdul Rehman,Male,Aam Aadmi Party,1,Graduate,/assets/placeholder-avatar.svg,65000000,8500000,0,92,74,100000000,92500000,"Abdul Rehman is the elected MLA representing Seelampur, North East Delhi, Delhi (UT)."
Delhi,North East Delhi,AC-DL-66,Ghonda,MLA,Ajay Mahawar,Male,Bharatiya Janata Party,1,Graduate,/assets/placeholder-avatar.svg,65000000,8500000,0,92,74,100000000,92500000,"Ajay Mahawar is the elected MLA representing Ghonda, North East Delhi, Delhi (UT)."
Delhi,Shahdara,AC-DL-67,Babarpur,Cabinet Minister / MLA,Gopal Rai,Male,Aam Aadmi Party,1,Graduate,/assets/candidates/gopal_rai.jpg,65000000,8500000,0,92,74,100000000,92500000,"Gopal Rai is an elected MLA and Cabinet Minister representing Babarpur, North East Delhi."
Delhi,North East Delhi,AC-DL-68,Gokalpur(SC),MLA,Surendra Kumar,Male,Aam Aadmi Party,1,Graduate,/assets/placeholder-avatar.svg,65000000,8500000,0,92,74,100000000,92500000,"Surendra Kumar is the elected MLA representing Gokalpur(SC), North East Delhi, Delhi (UT)."
Delhi,North East Delhi,AC-DL-69,Mustafabad,MLA,Haji Yunus,Male,Aam Aadmi Party,1,Graduate,/assets/placeholder-avatar.svg,65000000,8500000,0,92,74,100000000,92500000,"Haji Yunus is the elected MLA representing Mustafabad, North East Delhi, Delhi (UT)."
Delhi,North East Delhi,AC-DL-70,Karawal Nagar,MLA,Mohan Singh Bisht,Male,Bharatiya Janata Party,1,Graduate,/assets/placeholder-avatar.svg,65000000,8500000,0,92,74,100000000,92500000,"Mohan Singh Bisht is the elected MLA representing Karawal Nagar, North East Delhi, Delhi (UT)."
Delhi,North East Delhi,PC-DL-2,North East Delhi (Lok Sabha),Member of Parliament (Lok Sabha) / MP,Manoj Tiwari,Male,Bharatiya Janata Party,3,Post Graduate (Banaras Hindu University),/assets/candidates/manoj_tiwari.jpg,280000000,18000000,0,91,124,50000000,47800000,Manoj Tiwari is a 3-term Member of Parliament representing North East Delhi in the Lok Sabha and former Delhi BJP President.
Delhi,New Delhi,PC-DL-4,New Delhi (Lok Sabha),Member of Parliament (Lok Sabha) / MP,Bansuri Swaraj,Female,Bharatiya Janata Party,1,Barrister-at-Law (Inns of Court) & Oxford Graduate,/assets/candidates/bansuri_swaraj.jpg,190000000,5000000,0,96,88,50000000,46500000,Bansuri Swaraj is the Member of Parliament representing New Delhi in the Lok Sabha and a Supreme Court Advocate.
Delhi,West Delhi,PC-DL-6,West Delhi (Lok Sabha),Member of Parliament (Lok Sabha) / Former MP,Parvesh Verma,Male,Bharatiya Janata Party,2,MBA (Fore School of Management),/assets/candidates/parvesh_verma.jpg,155000000,12000000,0,89,112,50000000,45000000,Parvesh Verma is a prominent leader and 2-term former Member of Parliament representing West Delhi.
Delhi,Chandni Chowk,PC-DL-1,Chandni Chowk (Lok Sabha),Former Union Health Minister / MP,Dr. Harsh Vardhan,Male,Bharatiya Janata Party,2,"MBBS, MS (ENT) GSVM Medical College",/assets/candidates/harsh_vardhan.jpg,110000000,4000000,0,94,138,50000000,48200000,"Dr. Harsh Vardhan is a renowned medical doctor, former Union Minister for Health & Family Welfare, and former MP for Chandni Chowk."
Haryana,Ambala,AC-HR-1,Kalka,MLA,Shakti Rani Sharma,Female,Bharatiya Janata Party,1,Graduate,/assets/placeholder-avatar.svg,58000000,4500000,0,92,64,40000000,37200000,"Shakti Rani Sharma is the elected MLA representing Kalka, Ambala, Haryana."
Haryana,Ambala,AC-HR-2,Panchkula,MLA,Chander Mohan,Male,Indian National Congress,4,Graduate,/assets/placeholder-avatar.svg,58000000,4500000,0,92,64,40000000,37200000,"Chander Mohan is the elected MLA representing Panchkula, Ambala, Haryana."
Haryana,Ambala,AC-HR-3,Naraingarh,MLA,Shalley Chaudhary,Female,Indian National Congress,2,Graduate,/assets/placeholder-avatar.svg,58000000,4500000,0,92,64,40000000,37200000,"Shalley Chaudhary is the elected MLA representing Naraingarh, Ambala, Haryana."
Haryana,Ambala,AC-HR-4,Ambala Cantt,MLA,Anil Vij,Male,Bharatiya Janata Party,7,Graduate,/assets/candidates/anil_vij.jpg,58000000,4500000,0,92,64,40000000,37200000,"Anil Vij is the elected MLA representing Ambala Cantt, Ambala, Haryana."
Haryana,Ambala,AC-HR-5,Ambala City,MLA,Nirmal Singh,Male,Indian National Congress,3,Graduate,/assets/placeholder-avatar.svg,58000000,4500000,0,92,64,40000000,37200000,"Nirmal Singh is the elected MLA representing Ambala City, Ambala, Haryana."
Haryana,Ambala,AC-HR-6,Mulana (SC),MLA,Pooja Chaudhary,Female,Indian National Congress,1,Post Graduate,/assets/placeholder-avatar.svg,58000000,4500000,0,92,64,40000000,37200000,"Pooja Chaudhary is the elected MLA representing Mulana (SC), Ambala, Haryana."
Haryana,Yamunanagar,AC-HR-7,Sadhaura (SC),MLA,Renu Bala,Female,Indian National Congress,2,Graduate,/assets/placeholder-avatar.svg,58000000,4500000,0,92,64,40000000,37200000,"Renu Bala is the elected MLA representing Sadhaura (SC), Yamunanagar, Haryana."
Haryana,Yamunanagar,AC-HR-8,Jagadhri,MLA,Akram Khan,Male,Indian National Congress,2,Graduate,/assets/placeholder-avatar.svg,58000000,4500000,0,92,64,40000000,37200000,"Akram Khan is the elected MLA representing Jagadhri, Yamunanagar, Haryana."
Haryana,Yamunanagar,AC-HR-9,Yamunanagar,MLA,Ghanshyam Dass,Male,Bharatiya Janata Party,3,Graduate,/assets/placeholder-avatar.svg,58000000,4500000,0,92,64,40000000,37200000,"Ghanshyam Dass is the elected MLA representing Yamunanagar, Yamunanagar, Haryana."
Haryana,Yamunanagar,AC-HR-10,Radaur,MLA,Shyam Singh Rana,Male,Bharatiya Janata Party,2,Graduate,/assets/placeholder-avatar.svg,58000000,4500000,0,92,64,40000000,37200000,"Shyam Singh Rana is the elected MLA representing Radaur, Yamunanagar, Haryana."
Haryana,Kurukshetra,AC-HR-11,Ladwa,Chief Minister of Haryana,Nayab Singh Saini,Male,Bharatiya Janata Party,2,Graduate,/assets/candidates/nayab_singh_saini.jpg,125000000,4500000,0,92,64,40000000,37200000,"Nayab Singh Saini is the elected Chief Minister of Haryana representing Ladwa, Kurukshetra, Haryana."
Haryana,Kurukshetra,AC-HR-12,Shahbad (SC),MLA,Ram Karan,Male,Indian National Congress,2,Graduate,/assets/placeholder-avatar.svg,58000000,4500000,0,92,64,40000000,37200000,"Ram Karan is the elected MLA representing Shahbad (SC), Kurukshetra, Haryana."
Haryana,Kurukshetra,AC-HR-13,Thanesar,MLA,Ashok Kumar Arora,Male,Indian National Congress,4,Graduate,/assets/placeholder-avatar.svg,58000000,4500000,0,92,64,40000000,37200000,"Ashok Kumar Arora is the elected MLA representing Thanesar, Kurukshetra, Haryana."
Haryana,Kurukshetra,AC-HR-14,Pehowa,MLA,Mandeep Chatha,Male,Indian National Congress,1,Post Graduate,/assets/placeholder-avatar.svg,58000000,4500000,0,92,64,40000000,37200000,"Mandeep Chatha is the elected MLA representing Pehowa, Kurukshetra, Haryana."
Haryana,Kaithal,AC-HR-15,Guhla (SC),MLA,Devender Hans,Male,Indian National Congress,1,Graduate,/assets/placeholder-avatar.svg,58000000,4500000,0,92,64,40000000,37200000,"Devender Hans is the elected MLA representing Guhla (SC), Kaithal, Haryana."
Haryana,Kaithal,AC-HR-16,Kalayat,MLA,Vikas Saharan,Male,Indian National Congress,1,Post Graduate,/assets/placeholder-avatar.svg,58000000,4500000,0,92,64,40000000,37200000,"Vikas Saharan is the elected MLA representing Kalayat, Kaithal, Haryana."
Haryana,Kaithal,AC-HR-17,Kaithal,MLA,Aditya Surjewala,Male,Indian National Congress,1,Post Graduate,/assets/placeholder-avatar.svg,58000000,4500000,0,92,64,40000000,37200000,"Aditya Surjewala is the elected MLA representing Kaithal, Kaithal, Haryana."
Haryana,Kaithal,AC-HR-18,Pundri,MLA,Satpal Jamba,Male,Bharatiya Janata Party,1,Graduate,/assets/placeholder-avatar.svg,58000000,4500000,0,92,64,40000000,37200000,"Satpal Jamba is the elected MLA representing Pundri, Kaithal, Haryana."
Haryana,Karnal,AC-HR-19,Nilokheri (SC),MLA,Bhagwan Das,Male,Bharatiya Janata Party,1,Graduate,/assets/placeholder-avatar.svg,58000000,4500000,0,92,64,40000000,37200000,"Bhagwan Das is the elected MLA representing Nilokheri (SC), Karnal, Haryana."
Haryana,Karnal,AC-HR-20,Indri,MLA,Ram Kumar Kashyap,Male,Bharatiya Janata Party,2,Graduate,/assets/placeholder-avatar.svg,58000000,4500000,0,92,64,40000000,37200000,"Ram Kumar Kashyap is the elected MLA representing Indri, Karnal, Haryana."
Haryana,Karnal,AC-HR-21,Karnal,MLA,Jagmohan Anand,Male,Bharatiya Janata Party,1,Graduate,/assets/placeholder-avatar.svg,58000000,4500000,0,92,64,40000000,37200000,"Jagmohan Anand is the elected MLA representing Karnal, Karnal, Haryana."
Haryana,Karnal,AC-HR-22,Gharaunda,MLA,Harvinder Kalyan,Male,Bharatiya Janata Party,3,Graduate,/assets/placeholder-avatar.svg,58000000,4500000,0,92,64,40000000,37200000,"Harvinder Kalyan is the elected MLA representing Gharaunda, Karnal, Haryana."
Haryana,Karnal,AC-HR-23,Assandh,MLA,Yoginder Singh Rana,Male,Bharatiya Janata Party,1,Graduate,/assets/placeholder-avatar.svg,58000000,4500000,0,92,64,40000000,37200000,"Yoginder Singh Rana is the elected MLA representing Assandh, Karnal, Haryana."
Haryana,Panipat,AC-HR-24,Panipat Rural,MLA,Mahipal Dhanda,Male,Bharatiya Janata Party,3,Graduate,/assets/placeholder-avatar.svg,58000000,4500000,0,92,64,40000000,37200000,"Mahipal Dhanda is the elected MLA representing Panipat Rural, Panipat, Haryana."
Haryana,Panipat,AC-HR-25,Panipat City,MLA,Parmod Kumar Vij,Male,Bharatiya Janata Party,2,Graduate,/assets/placeholder-avatar.svg,58000000,4500000,0,92,64,40000000,37200000,"Parmod Kumar Vij is the elected MLA representing Panipat City, Panipat, Haryana."
Haryana,Panipat,AC-HR-26,Israna (SC),MLA,Krishan Lal Panwar,Male,Bharatiya Janata Party,4,Graduate,/assets/placeholder-avatar.svg,58000000,4500000,0,92,64,40000000,37200000,"Krishan Lal Panwar is the elected MLA representing Israna (SC), Panipat, Haryana."
Haryana,Panipat,AC-HR-27,Samalkha,MLA,Manmohan Bhadana,Male,Bharatiya Janata Party,1,Graduate,/assets/placeholder-avatar.svg,58000000,4500000,0,92,64,40000000,37200000,"Manmohan Bhadana is the elected MLA representing Samalkha, Panipat, Haryana."
Haryana,Sonipat,AC-HR-28,Ganaur,MLA,Devender Kadyan,Male,Independent,1,Graduate,/assets/placeholder-avatar.svg,58000000,4500000,0,92,64,40000000,37200000,"Devender Kadyan is the elected MLA representing Ganaur, Sonipat, Haryana."
Haryana,Sonipat,AC-HR-29,Rai,MLA,Krishna Gahlawat,Female,Bharatiya Janata Party,2,Post Graduate,/assets/placeholder-avatar.svg,58000000,4500000,0,92,64,40000000,37200000,"Krishna Gahlawat is the elected MLA representing Rai, Sonipat, Haryana."
Haryana,Sonipat,AC-HR-30,Kharkhauda (SC),MLA,Pawan Kharkhauda,Male,Bharatiya Janata Party,1,Graduate,/assets/placeholder-avatar.svg,58000000,4500000,0,92,64,40000000,37200000,"Pawan Kharkhauda is the elected MLA representing Kharkhauda (SC), Sonipat, Haryana."
Haryana,Sonipat,AC-HR-31,Sonipat,MLA,Nikhil Madaan,Male,Bharatiya Janata Party,1,Graduate,/assets/placeholder-avatar.svg,58000000,4500000,0,92,64,40000000,37200000,"Nikhil Madaan is the elected MLA representing Sonipat, Sonipat, Haryana."
Haryana,Sonipat,AC-HR-32,Gohana,MLA,Arvind Sharma,Male,Bharatiya Janata Party,1,Doctorate,/assets/placeholder-avatar.svg,58000000,4500000,0,92,64,40000000,37200000,"Arvind Sharma is the elected MLA representing Gohana, Sonipat, Haryana."
Haryana,Sonipat,AC-HR-33,Baroda,MLA,Indu Raj Narwal,Male,Indian National Congress,2,Graduate,/assets/placeholder-avatar.svg,58000000,4500000,0,92,64,40000000,37200000,"Indu Raj Narwal is the elected MLA representing Baroda, Sonipat, Haryana."
Haryana,Jind,AC-HR-34,Julana,MLA,Vinesh Phogat,Female,Indian National Congress,1,Graduate,/assets/candidates/vinesh_phogat.jpg,58000000,4500000,0,92,64,40000000,37200000,"Vinesh Phogat is the elected MLA representing Julana, Jind, Haryana."
Haryana,Jind,AC-HR-35,Safidon,MLA,Ram Kumar Gautam,Male,Bharatiya Janata Party,3,Graduate,/assets/placeholder-avatar.svg,58000000,4500000,0,92,64,40000000,37200000,"Ram Kumar Gautam is the elected MLA representing Safidon, Jind, Haryana."
Haryana,Jind,AC-HR-36,Jind,MLA,Krishan Lal Middha,Male,Bharatiya Janata Party,2,Professional,/assets/placeholder-avatar.svg,58000000,4500000,0,92,64,40000000,37200000,"Krishan Lal Middha is the elected MLA representing Jind, Jind, Haryana."
Haryana,Jind,AC-HR-37,Uchana Kalan,MLA,Devender Attri,Male,Bharatiya Janata Party,1,Graduate,/assets/placeholder-avatar.svg,58000000,4500000,0,92,64,40000000,37200000,"Devender Attri is the elected MLA representing Uchana Kalan, Jind, Haryana."
Haryana,Jind,AC-HR-38,Narwana (SC),MLA,Krishan Kumar,Male,Bharatiya Janata Party,1,Graduate,/assets/placeholder-avatar.svg,58000000,4500000,0,92,64,40000000,37200000,"Krishan Kumar is the elected MLA representing Narwana (SC), Jind, Haryana."
Haryana,Fatehabad,AC-HR-39,Tohana,MLA,Paramvir Singh,Male,Indian National Congress,3,Graduate,/assets/placeholder-avatar.svg,58000000,4500000,0,92,64,40000000,37200000,"Paramvir Singh is the elected MLA representing Tohana, Fatehabad, Haryana."
Haryana,Fatehabad,AC-HR-40,Fatehabad,MLA,Balwan Singh Daulatpuria,Male,Indian National Congress,2,Graduate,/assets/placeholder-avatar.svg,58000000,4500000,0,92,64,40000000,37200000,"Balwan Singh Daulatpuria is the elected MLA representing Fatehabad, Fatehabad, Haryana."
Haryana,Fatehabad,AC-HR-41,Ratia (SC),MLA,Jarnail Singh,Male,Indian National Congress,2,Graduate,/assets/placeholder-avatar.svg,58000000,4500000,0,92,64,40000000,37200000,"Jarnail Singh is the elected MLA representing Ratia (SC), Fatehabad, Haryana."
Haryana,Sirsa,AC-HR-42,Kalanwali (SC),MLA,Shishpal Singh,Male,Indian National Congress,2,Graduate,/assets/placeholder-avatar.svg,58000000,4500000,0,92,64,40000000,37200000,"Shishpal Singh is the elected MLA representing Kalanwali (SC), Sirsa, Haryana."
Haryana,Sirsa,AC-HR-43,Dabwali,MLA,Aditya Devilal,Male,Indian National Lok Dal,1,Graduate,/assets/placeholder-avatar.svg,58000000,4500000,0,92,64,40000000,37200000,"Aditya Devilal is the elected MLA representing Dabwali, Sirsa, Haryana."
Haryana,Sirsa,AC-HR-44,Rania,MLA,Arjun Chautala,Male,Indian National Lok Dal,1,Graduate,/assets/placeholder-avatar.svg,58000000,4500000,0,92,64,40000000,37200000,"Arjun Chautala is the elected MLA representing Rania, Sirsa, Haryana."
Haryana,Sirsa,AC-HR-45,Sirsa,MLA,Gopal Kanda,Male,Haryana Lokhit Party,3,Graduate,/assets/placeholder-avatar.svg,58000000,4500000,0,92,64,40000000,37200000,"Gopal Kanda is the elected MLA representing Sirsa, Sirsa, Haryana."
Haryana,Sirsa,AC-HR-46,Ellenabad,MLA,Bharat Singh Beniwal,Male,Indian National Congress,2,Graduate,/assets/placeholder-avatar.svg,58000000,4500000,0,92,64,40000000,37200000,"Bharat Singh Beniwal is the elected MLA representing Ellenabad, Sirsa, Haryana."
Haryana,Hisar,AC-HR-47,Adampur,MLA,Chander Prakash,Male,Indian National Congress,1,Post Graduate,/assets/placeholder-avatar.svg,58000000,4500000,0,92,64,40000000,37200000,"Chander Prakash is the elected MLA representing Adampur, Hisar, Haryana."
Haryana,Hisar,AC-HR-48,Uklana (SC),MLA,Naresh Selwal,Male,Indian National Congress,2,Graduate,/assets/placeholder-avatar.svg,58000000,4500000,0,92,64,40000000,37200000,"Naresh Selwal is the elected MLA representing Uklana (SC), Hisar, Haryana."
Haryana,Hisar,AC-HR-49,Narnaund,MLA,Jassi Petwar,Male,Indian National Congress,1,Graduate,/assets/placeholder-avatar.svg,58000000,4500000,0,92,64,40000000,37200000,"Jassi Petwar is the elected MLA representing Narnaund, Hisar, Haryana."
Haryana,Hisar,AC-HR-50,Hansi,MLA,Vinod Bhayana,Male,Bharatiya Janata Party,3,Graduate,/assets/placeholder-avatar.svg,58000000,4500000,0,92,64,40000000,37200000,"Vinod Bhayana is the elected MLA representing Hansi, Hisar, Haryana."
Haryana,Hisar,AC-HR-51,Barwala,MLA,Ranbir Gangwa,Male,Bharatiya Janata Party,3,Graduate,/assets/placeholder-avatar.svg,58000000,4500000,0,92,64,40000000,37200000,"Ranbir Gangwa is the elected MLA representing Barwala, Hisar, Haryana."
Haryana,Hisar,AC-HR-52,Hisar,MLA,Savitri Jindal,Female,Independent,2,Graduate,/assets/placeholder-avatar.svg,58000000,4500000,0,92,64,40000000,37200000,"Savitri Jindal is the elected MLA representing Hisar, Hisar, Haryana."
Haryana,Hisar,AC-HR-53,Nalwa,MLA,Randhir Panihar,Male,Bharatiya Janata Party,1,Graduate,/assets/placeholder-avatar.svg,58000000,4500000,0,92,64,40000000,37200000,"Randhir Panihar is the elected MLA representing Nalwa, Hisar, Haryana."
Haryana,Bhiwani,AC-HR-54,Loharu,MLA,Rajbir Singh Fartia,Male,Indian National Congress,1,Graduate,/assets/placeholder-avatar.svg,58000000,4500000,0,92,64,40000000,37200000,"Rajbir Singh Fartia is the elected MLA representing Loharu, Bhiwani, Haryana."
Haryana,Charkhi Dadri,AC-HR-55,Badhra,MLA,Umed Singh,Male,Bharatiya Janata Party,1,Graduate,/assets/placeholder-avatar.svg,58000000,4500000,0,92,64,40000000,37200000,"Umed Singh is the elected MLA representing Badhra, Charkhi Dadri, Haryana."
Haryana,Charkhi Dadri,AC-HR-56,Dadri,MLA,Sunil Satpal Sangwan,Male,Bharatiya Janata Party,1,Post Graduate,/assets/placeholder-avatar.svg,58000000,4500000,0,92,64,40000000,37200000,"Sunil Satpal Sangwan is the elected MLA representing Dadri, Charkhi Dadri, Haryana."
Haryana,Bhiwani,AC-HR-57,Bhiwani,MLA,Ghanshyam Saraf,Male,Bharatiya Janata Party,4,Graduate,/assets/placeholder-avatar.svg,58000000,4500000,0,92,64,40000000,37200000,"Ghanshyam Saraf is the elected MLA representing Bhiwani, Bhiwani, Haryana."
Haryana,Bhiwani,AC-HR-58,Tosham,MLA,Shruti Choudhry,Female,Bharatiya Janata Party,1,Professional,/assets/placeholder-avatar.svg,58000000,4500000,0,92,64,40000000,37200000,"Shruti Choudhry is the elected MLA representing Tosham, Bhiwani, Haryana."
Haryana,Bhiwani,AC-HR-59,Bawani Khera (SC),MLA,Kapoor Valmiki,Male,Bharatiya Janata Party,1,Graduate,/assets/placeholder-avatar.svg,58000000,4500000,0,92,64,40000000,37200000,"Kapoor Valmiki is the elected MLA representing Bawani Khera (SC), Bhiwani, Haryana."
Haryana,Rohtak,AC-HR-60,Meham,MLA,Balram Dangi,Male,Indian National Congress,1,Graduate,/assets/placeholder-avatar.svg,58000000,4500000,0,92,64,40000000,37200000,"Balram Dangi is the elected MLA representing Meham, Rohtak, Haryana."
Haryana,Rohtak,AC-HR-61,Garhi Sampla-Kiloi,Leader of Opposition,Bhupinder Singh Hooda,Male,Indian National Congress,6,Professional,/assets/candidates/bhupinder_singh_hooda.jpg,184000000,4500000,0,92,64,40000000,37200000,"Bhupinder Singh Hooda is the elected Leader of Opposition representing Garhi Sampla-Kiloi, Rohtak, Haryana."
Haryana,Rohtak,AC-HR-62,Rohtak,MLA,Bharat Bhushan Batra,Male,Indian National Congress,3,Professional,/assets/placeholder-avatar.svg,58000000,4500000,0,92,64,40000000,37200000,"Bharat Bhushan Batra is the elected MLA representing Rohtak, Rohtak, Haryana."
Haryana,Rohtak,AC-HR-63,Kalanaur (SC),MLA,Shakuntla Khatak,Female,Indian National Congress,4,Graduate,/assets/placeholder-avatar.svg,58000000,4500000,0,92,64,40000000,37200000,"Shakuntla Khatak is the elected MLA representing Kalanaur (SC), Rohtak, Haryana."
Haryana,Jhajjar,AC-HR-64,Bahadurgarh,MLA,Rajesh Joon,Male,Independent,1,Graduate,/assets/placeholder-avatar.svg,58000000,4500000,0,92,64,40000000,37200000,"Rajesh Joon is the elected MLA representing Bahadurgarh, Jhajjar, Haryana."
Haryana,Jhajjar,AC-HR-65,Badli,MLA,Kuldeep Vats,Male,Indian National Congress,2,Graduate,/assets/placeholder-avatar.svg,58000000,4500000,0,92,64,40000000,37200000,"Kuldeep Vats is the elected MLA representing Badli, Jhajjar, Haryana."
Haryana,Jhajjar,AC-HR-66,Jhajjar (SC),MLA,Geeta Bhukkal,Female,Indian National Congress,4,Post Graduate,/assets/placeholder-avatar.svg,58000000,4500000,0,92,64,40000000,37200000,"Geeta Bhukkal is the elected MLA representing Jhajjar (SC), Jhajjar, Haryana."
Haryana,Jhajjar,AC-HR-67,Beri,MLA,Raghuvir Singh Kadian,Male,Indian National Congress,6,Doctorate,/assets/placeholder-avatar.svg,58000000,4500000,0,92,64,40000000,37200000,"Raghuvir Singh Kadian is the elected MLA representing Beri, Jhajjar, Haryana."
Haryana,Mahendragarh,AC-HR-68,Ateli,MLA,Aarti Singh Rao,Female,Bharatiya Janata Party,1,Post Graduate,/assets/placeholder-avatar.svg,58000000,4500000,0,92,64,40000000,37200000,"Aarti Singh Rao is the elected MLA representing Ateli, Mahendragarh, Haryana."
Haryana,Mahendragarh,AC-HR-69,Mahendragarh,MLA,Kanwar Singh Yadav,Male,Bharatiya Janata Party,1,Graduate,/assets/placeholder-avatar.svg,58000000,4500000,0,92,64,40000000,37200000,"Kanwar Singh Yadav is the elected MLA representing Mahendragarh, Mahendragarh, Haryana."
Haryana,Mahendragarh,AC-HR-70,Narnaul,MLA,Om Parkash Yadav,Male,Bharatiya Janata Party,3,Graduate,/assets/placeholder-avatar.svg,58000000,4500000,0,92,64,40000000,37200000,"Om Parkash Yadav is the elected MLA representing Narnaul, Mahendragarh, Haryana."
Haryana,Mahendragarh,AC-HR-71,Nangal Chaudhry,MLA,Manju Chaudhary,Female,Indian National Congress,1,Post Graduate,/assets/placeholder-avatar.svg,58000000,4500000,0,92,64,40000000,37200000,"Manju Chaudhary is the elected MLA representing Nangal Chaudhry, Mahendragarh, Haryana."
Haryana,Rewari,AC-HR-72,Bawal (SC),MLA,Krishan Kumar,Male,Bharatiya Janata Party,1,Graduate,/assets/placeholder-avatar.svg,58000000,4500000,0,92,64,40000000,37200000,"Krishan Kumar is the elected MLA representing Bawal (SC), Rewari, Haryana."
Haryana,Rewari,AC-HR-73,Kosli,MLA,Anil Yadav,Male,Bharatiya Janata Party,1,Graduate,/assets/placeholder-avatar.svg,58000000,4500000,0,92,64,40000000,37200000,"Anil Yadav is the elected MLA representing Kosli, Rewari, Haryana."
Haryana,Rewari,AC-HR-74,Rewari,MLA,Laxman Singh Yadav,Male,Bharatiya Janata Party,2,Graduate,/assets/placeholder-avatar.svg,58000000,4500000,0,92,64,40000000,37200000,"Laxman Singh Yadav is the elected MLA representing Rewari, Rewari, Haryana."
Haryana,Gurugram,AC-HR-75,Pataudi (SC),MLA,Bimla Chaudhary,Female,Bharatiya Janata Party,2,Graduate,/assets/placeholder-avatar.svg,58000000,4500000,0,92,64,40000000,37200000,"Bimla Chaudhary is the elected MLA representing Pataudi (SC), Gurugram, Haryana."
Haryana,Gurugram,AC-HR-76,Badshahpur,MLA,Rao Narbir Singh,Male,Bharatiya Janata Party,3,Graduate,/assets/placeholder-avatar.svg,58000000,4500000,0,92,64,40000000,37200000,"Rao Narbir Singh is the elected MLA representing Badshahpur, Gurugram, Haryana."
Haryana,Gurugram,AC-HR-77,Gurgaon,MLA,Mukesh Sharma,Male,Bharatiya Janata Party,1,Graduate,/assets/placeholder-avatar.svg,58000000,4500000,0,92,64,40000000,37200000,"Mukesh Sharma is the elected MLA representing Gurgaon, Gurugram, Haryana."
Haryana,Gurugram,AC-HR-78,Sohna,MLA,Tejpal Tanwar,Male,Bharatiya Janata Party,2,Graduate,/assets/placeholder-avatar.svg,58000000,4500000,0,92,64,40000000,37200000,"Tejpal Tanwar is the elected MLA representing Sohna, Gurugram, Haryana."
Haryana,Nuh,AC-HR-79,Nuh,MLA,Aftab Ahmed,Male,Indian National Congress,3,Professional,/assets/placeholder-avatar.svg,58000000,4500000,0,92,64,40000000,37200000,"Aftab Ahmed is the elected MLA representing Nuh, Nuh, Haryana."
Haryana,Nuh,AC-HR-80,Ferozepur Jhirka,MLA,Mamman Khan,Male,Indian National Congress,2,Graduate,/assets/placeholder-avatar.svg,58000000,4500000,0,92,64,40000000,37200000,"Mamman Khan is the elected MLA representing Ferozepur Jhirka, Nuh, Haryana."
Haryana,Nuh,AC-HR-81,Punahana,MLA,Mohammad Ilyas,Male,Indian National Congress,4,Graduate,/assets/placeholder-avatar.svg,58000000,4500000,0,92,64,40000000,37200000,"Mohammad Ilyas is the elected MLA representing Punahana, Nuh, Haryana."
Haryana,Palwal,AC-HR-82,Hathin,MLA,Mohd Israil,Male,Indian National Congress,1,Graduate,/assets/placeholder-avatar.svg,58000000,4500000,0,92,64,40000000,37200000,"Mohd Israil is the elected MLA representing Hathin, Palwal, Haryana."
Haryana,Palwal,AC-HR-83,Hodal (SC),MLA,Harinder Singh,Male,Bharatiya Janata Party,1,Graduate,/assets/placeholder-avatar.svg,58000000,4500000,0,92,64,40000000,37200000,"Harinder Singh is the elected MLA representing Hodal (SC), Palwal, Haryana."
Haryana,Palwal,AC-HR-84,Palwal,MLA,Gaurav Gautam,Male,Bharatiya Janata Party,1,Graduate,/assets/placeholder-avatar.svg,58000000,4500000,0,92,64,40000000,37200000,"Gaurav Gautam is the elected MLA representing Palwal, Palwal, Haryana."
Haryana,Faridabad,AC-HR-85,Prithla,MLA,Raghubir Tewatia,Male,Indian National Congress,2,Graduate,/assets/placeholder-avatar.svg,58000000,4500000,0,92,64,40000000,37200000,"Raghubir Tewatia is the elected MLA representing Prithla, Faridabad, Haryana."
Haryana,Faridabad,AC-HR-86,Faridabad NIT,MLA,Satish Kumar Phagna,Male,Bharatiya Janata Party,1,Graduate,/assets/placeholder-avatar.svg,58000000,4500000,0,92,64,40000000,37200000,"Satish Kumar Phagna is the elected MLA representing Faridabad NIT, Faridabad, Haryana."
Haryana,Faridabad,AC-HR-87,Badkhal,MLA,Dhanesh Adlakha,Male,Bharatiya Janata Party,1,Graduate,/assets/placeholder-avatar.svg,58000000,4500000,0,92,64,40000000,37200000,"Dhanesh Adlakha is the elected MLA representing Badkhal, Faridabad, Haryana."
Haryana,Faridabad,AC-HR-88,Ballabhgarh,MLA,Mool Chand Sharma,Male,Bharatiya Janata Party,3,Graduate,/assets/placeholder-avatar.svg,58000000,4500000,0,92,64,40000000,37200000,"Mool Chand Sharma is the elected MLA representing Ballabhgarh, Faridabad, Haryana."
Haryana,Faridabad,AC-HR-89,Faridabad,MLA,Vipul Goel,Male,Bharatiya Janata Party,2,Graduate,/assets/placeholder-avatar.svg,58000000,4500000,0,92,64,40000000,37200000,"Vipul Goel is the elected MLA representing Faridabad, Faridabad, Haryana."
Haryana,Faridabad,AC-HR-90,Tigaon,MLA,Rajesh Nagar,Male,Bharatiya Janata Party,2,Graduate,/assets/placeholder-avatar.svg,58000000,4500000,0,92,64,40000000,37200000,"Rajesh Nagar is the elected MLA representing Tigaon, Faridabad, Haryana."
Telangana,Adilabad,AC-TG-1,Sirpur,MLA,Palvai Harish Babu,Male,Bharatiya Janata Party,1,Doctorate,/assets/placeholder-avatar.svg,72000000,8500000,0,91,78,50000000,46800000,"Palvai Harish Babu is the elected MLA representing Sirpur, Adilabad, Telangana."
Telangana,Kumuram Bheem Asifabad,AC-TG-2,Asifabad (ST),MLA,Kova Laxmi,Female,Bharat Rashtra Samithi,2,Graduate,/assets/placeholder-avatar.svg,72000000,8500000,0,91,78,50000000,46800000,"Kova Laxmi is the elected MLA representing Asifabad (ST), Kumuram Bheem Asifabad, Telangana."
Telangana,Mancherial,AC-TG-3,Bellampalli (SC),MLA,Gaddam Vinod,Male,Indian National Congress,3,Graduate,/assets/placeholder-avatar.svg,72000000,8500000,0,91,78,50000000,46800000,"Gaddam Vinod is the elected MLA representing Bellampalli (SC), Mancherial, Telangana."
Telangana,Mancherial,AC-TG-4,Mancherial,MLA,Kokkirala Premsagar Rao,Male,Indian National Congress,2,Graduate,/assets/placeholder-avatar.svg,72000000,8500000,0,91,78,50000000,46800000,"Kokkirala Premsagar Rao is the elected MLA representing Mancherial, Mancherial, Telangana."
Telangana,Mancherial,AC-TG-5,Chennur (SC),MLA,Gaddam Vivek Venkatswamy,Male,Indian National Congress,1,Doctorate,/assets/placeholder-avatar.svg,72000000,8500000,0,91,78,50000000,46800000,"Gaddam Vivek Venkatswamy is the elected MLA representing Chennur (SC), Mancherial, Telangana."
Telangana,Nirmal,AC-TG-6,Mudhole,MLA,Pawar Rama Rao Patel,Male,Bharatiya Janata Party,1,Graduate,/assets/placeholder-avatar.svg,72000000,8500000,0,91,78,50000000,46800000,"Pawar Rama Rao Patel is the elected MLA representing Mudhole, Nirmal, Telangana."
Telangana,Nirmal,AC-TG-7,Nirmal,MLA,Alleti Maheshwar Reddy,Male,Bharatiya Janata Party,2,Graduate,/assets/placeholder-avatar.svg,72000000,8500000,0,91,78,50000000,46800000,"Alleti Maheshwar Reddy is the elected MLA representing Nirmal, Nirmal, Telangana."
Telangana,Adilabad,AC-TG-8,Boath (ST),MLA,Anil Jadhav,Male,Bharat Rashtra Samithi,1,Graduate,/assets/placeholder-avatar.svg,72000000,8500000,0,91,78,50000000,46800000,"Anil Jadhav is the elected MLA representing Boath (ST), Adilabad, Telangana."
Telangana,Adilabad,AC-TG-9,Adilabad,MLA,Payal Shanker,Male,Bharatiya Janata Party,1,Graduate,/assets/placeholder-avatar.svg,72000000,8500000,0,91,78,50000000,46800000,"Payal Shanker is the elected MLA representing Adilabad, Adilabad, Telangana."
Telangana,Nirmal,AC-TG-10,Khanapur (ST),MLA,Vedma Bhojju,Male,Indian National Congress,1,Graduate,/assets/placeholder-avatar.svg,72000000,8500000,0,91,78,50000000,46800000,"Vedma Bhojju is the elected MLA representing Khanapur (ST), Nirmal, Telangana."
Telangana,Nizamabad,AC-TG-11,Armur,MLA,Paidi Rakesh Reddy,Male,Bharatiya Janata Party,1,Graduate,/assets/placeholder-avatar.svg,72000000,8500000,0,91,78,50000000,46800000,"Paidi Rakesh Reddy is the elected MLA representing Armur, Nizamabad, Telangana."
Telangana,Nizamabad,AC-TG-12,Bodhan,MLA,P. Sudarshan Reddy,Male,Indian National Congress,3,Graduate,/assets/placeholder-avatar.svg,72000000,8500000,0,91,78,50000000,46800000,"P. Sudarshan Reddy is the elected MLA representing Bodhan, Nizamabad, Telangana."
Telangana,Kamareddy,AC-TG-13,Jukkal (SC),MLA,Thota Laxmi Kantha Rao,Male,Indian National Congress,1,Graduate,/assets/placeholder-avatar.svg,72000000,8500000,0,91,78,50000000,46800000,"Thota Laxmi Kantha Rao is the elected MLA representing Jukkal (SC), Kamareddy, Telangana."
Telangana,Kamareddy,AC-TG-14,Banswada,MLA,Pocharam Srinivas Reddy,Male,Indian National Congress,5,Graduate,/assets/placeholder-avatar.svg,72000000,8500000,0,91,78,50000000,46800000,"Pocharam Srinivas Reddy is the elected MLA representing Banswada, Kamareddy, Telangana."
Telangana,Kamareddy,AC-TG-15,Yellareddy,MLA,K. Madan Mohan Rao,Male,Indian National Congress,1,Post Graduate,/assets/placeholder-avatar.svg,72000000,8500000,0,91,78,50000000,46800000,"K. Madan Mohan Rao is the elected MLA representing Yellareddy, Kamareddy, Telangana."
Telangana,Kamareddy,AC-TG-16,Kamareddy,MLA,K. Venkata Ramana Reddy,Male,Bharatiya Janata Party,1,Graduate,/assets/placeholder-avatar.svg,72000000,8500000,0,91,78,50000000,46800000,"K. Venkata Ramana Reddy is the elected MLA representing Kamareddy, Kamareddy, Telangana."
Telangana,Nizamabad,AC-TG-17,Nizamabad Urban,MLA,Dhanpal Suryanarayana Gupta,Male,Bharatiya Janata Party,1,Graduate,/assets/placeholder-avatar.svg,72000000,8500000,0,91,78,50000000,46800000,"Dhanpal Suryanarayana Gupta is the elected MLA representing Nizamabad Urban, Nizamabad, Telangana."
Telangana,Nizamabad,AC-TG-18,Nizamabad Rural,MLA,Rekulapally Bhoopathi Reddy,Male,Indian National Congress,1,Professional,/assets/placeholder-avatar.svg,72000000,8500000,0,91,78,50000000,46800000,"Rekulapally Bhoopathi Reddy is the elected MLA representing Nizamabad Rural, Nizamabad, Telangana."
Telangana,Nizamabad,AC-TG-19,Balkonda,MLA,Vemula Prashanth Reddy,Male,Bharat Rashtra Samithi,3,Graduate,/assets/placeholder-avatar.svg,72000000,8500000,0,91,78,50000000,46800000,"Vemula Prashanth Reddy is the elected MLA representing Balkonda, Nizamabad, Telangana."
Telangana,Jagtial,AC-TG-20,Koratla,MLA,Kalvakuntla Sanjay,Male,Bharat Rashtra Samithi,1,Professional,/assets/placeholder-avatar.svg,72000000,8500000,0,91,78,50000000,46800000,"Kalvakuntla Sanjay is the elected MLA representing Koratla, Jagtial, Telangana."
Telangana,Jagtial,AC-TG-21,Jagtial,MLA,M. Sanjay Kumar,Male,Indian National Congress,2,Doctorate,/assets/placeholder-avatar.svg,72000000,8500000,0,91,78,50000000,46800000,"M. Sanjay Kumar is the elected MLA representing Jagtial, Jagtial, Telangana."
Telangana,Jagtial,AC-TG-22,Dharmapuri (SC),MLA,Adluri Laxman Kumar,Male,Indian National Congress,1,Post Graduate,/assets/placeholder-avatar.svg,72000000,8500000,0,91,78,50000000,46800000,"Adluri Laxman Kumar is the elected MLA representing Dharmapuri (SC), Jagtial, Telangana."
Telangana,Peddapalli,AC-TG-23,Ramagundam,MLA,Makkan Singh Raj Thakur,Male,Indian National Congress,1,Graduate,/assets/placeholder-avatar.svg,72000000,8500000,0,91,78,50000000,46800000,"Makkan Singh Raj Thakur is the elected MLA representing Ramagundam, Peddapalli, Telangana."
Telangana,Peddapalli,AC-TG-24,Manthani,Cabinet Minister,D. Sridhar Babu,Male,Indian National Congress,5,Professional,/assets/placeholder-avatar.svg,72000000,8500000,0,91,78,50000000,46800000,"D. Sridhar Babu is the elected Cabinet Minister representing Manthani, Peddapalli, Telangana."
Telangana,Peddapalli,AC-TG-25,Peddapalle,MLA,Chinthakunta Vijaya Ramana Rao,Male,Indian National Congress,2,Graduate,/assets/placeholder-avatar.svg,72000000,8500000,0,91,78,50000000,46800000,"Chinthakunta Vijaya Ramana Rao is the elected MLA representing Peddapalle, Peddapalli, Telangana."
Telangana,Karimnagar,AC-TG-26,Karimnagar,MLA,Gangula Kamalakar,Male,Bharat Rashtra Samithi,4,Graduate,/assets/placeholder-avatar.svg,72000000,8500000,0,91,78,50000000,46800000,"Gangula Kamalakar is the elected MLA representing Karimnagar, Karimnagar, Telangana."
Telangana,Karimnagar,AC-TG-27,Choppadandi (SC),MLA,Medipally Satyam,Male,Indian National Congress,1,Post Graduate,/assets/placeholder-avatar.svg,72000000,8500000,0,91,78,50000000,46800000,"Medipally Satyam is the elected MLA representing Choppadandi (SC), Karimnagar, Telangana."
Telangana,Rajanna Sircilla,AC-TG-28,Vemulawada,MLA,Chennamaneni Vikas Rao,Male,Indian National Congress,1,Doctorate,/assets/placeholder-avatar.svg,72000000,8500000,0,91,78,50000000,46800000,"Chennamaneni Vikas Rao is the elected MLA representing Vemulawada, Rajanna Sircilla, Telangana."
Telangana,Rajanna Sircilla,AC-TG-29,Sircilla,MLA,K. T. Rama Rao,Male,Bharat Rashtra Samithi,4,Post Graduate,/assets/candidates/ktr.jpg,72000000,8500000,0,91,78,50000000,46800000,"K. T. Rama Rao is the elected MLA representing Sircilla, Rajanna Sircilla, Telangana."
Telangana,Karimnagar,AC-TG-30,Manakondur (SC),MLA,Kavvampally Satyanarayana,Male,Indian National Congress,1,Graduate,/assets/placeholder-avatar.svg,72000000,8500000,0,91,78,50000000,46800000,"Kavvampally Satyanarayana is the elected MLA representing Manakondur (SC), Karimnagar, Telangana."
Telangana,Karimnagar,AC-TG-31,Huzurabad,MLA,Padi Kaushik Reddy,Male,Bharat Rashtra Samithi,1,Graduate,/assets/placeholder-avatar.svg,72000000,8500000,0,91,78,50000000,46800000,"Padi Kaushik Reddy is the elected MLA representing Huzurabad, Karimnagar, Telangana."
Telangana,Karimnagar,AC-TG-32,Husnabad,Cabinet Minister,Ponnam Prabhakar,Male,Indian National Congress,2,Professional,/assets/placeholder-avatar.svg,72000000,8500000,0,91,78,50000000,46800000,"Ponnam Prabhakar is the elected Cabinet Minister representing Husnabad, Karimnagar, Telangana."
Telangana,Siddipet,AC-TG-33,Siddipet,MLA,T. Harish Rao,Male,Bharat Rashtra Samithi,6,Graduate,/assets/candidates/t_harish_rao.jpg,72000000,8500000,0,91,78,50000000,46800000,"T. Harish Rao is the elected MLA representing Siddipet, Siddipet, Telangana."
Telangana,Medak,AC-TG-34,Medak,MLA,Mynampally Rohit,Male,Indian National Congress,1,Post Graduate,/assets/placeholder-avatar.svg,72000000,8500000,0,91,78,50000000,46800000,"Mynampally Rohit is the elected MLA representing Medak, Medak, Telangana."
Telangana,Sangareddy,AC-TG-35,Narayankhed,MLA,Patlolla Sanjeeva Reddy,Male,Indian National Congress,2,Graduate,/assets/placeholder-avatar.svg,72000000,8500000,0,91,78,50000000,46800000,"Patlolla Sanjeeva Reddy is the elected MLA representing Narayankhed, Sangareddy, Telangana."
Telangana,Sangareddy,AC-TG-36,Andole (SC),MLA,Damodar Raja Narasimha,Male,Indian National Congress,4,Graduate,/assets/placeholder-avatar.svg,72000000,8500000,0,91,78,50000000,46800000,"Damodar Raja Narasimha is the elected MLA representing Andole (SC), Sangareddy, Telangana."
Telangana,Medak,AC-TG-37,Narsapur,MLA,V. Sunitha Laxma Reddy,Female,Bharat Rashtra Samithi,4,Graduate,/assets/placeholder-avatar.svg,72000000,8500000,0,91,78,50000000,46800000,"V. Sunitha Laxma Reddy is the elected MLA representing Narsapur, Medak, Telangana."
Telangana,Sangareddy,AC-TG-38,Zahirabad (SC),MLA,Koninty Manik Rao,Male,Bharat Rashtra Samithi,2,Graduate,/assets/placeholder-avatar.svg,72000000,8500000,0,91,78,50000000,46800000,"Koninty Manik Rao is the elected MLA representing Zahirabad (SC), Sangareddy, Telangana."
Telangana,Sangareddy,AC-TG-39,Sangareddy,MLA,Chintha Prabhakar,Male,Bharat Rashtra Samithi,2,Graduate,/assets/placeholder-avatar.svg,72000000,8500000,0,91,78,50000000,46800000,"Chintha Prabhakar is the elected MLA representing Sangareddy, Sangareddy, Telangana."
Telangana,Sangareddy,AC-TG-40,Patancheru,MLA,Gudem Mahipal Reddy,Male,Bharat Rashtra Samithi,3,Graduate,/assets/placeholder-avatar.svg,72000000,8500000,0,91,78,50000000,46800000,"Gudem Mahipal Reddy is the elected MLA representing Patancheru, Sangareddy, Telangana."
Telangana,Siddipet,AC-TG-41,Dubbak,MLA,Kotha Prabhakar Reddy,Male,Bharat Rashtra Samithi,1,Graduate,/assets/placeholder-avatar.svg,72000000,8500000,0,91,78,50000000,46800000,"Kotha Prabhakar Reddy is the elected MLA representing Dubbak, Siddipet, Telangana."
Telangana,Siddipet,AC-TG-42,Gajwel,Former Chief Minister,K. Chandrashekar Rao,Male,Bharat Rashtra Samithi,6,Post Graduate,/assets/candidates/kcr.jpg,235000000,8500000,0,91,78,50000000,46800000,"K. Chandrashekar Rao is the elected Former Chief Minister representing Gajwel, Siddipet, Telangana."
Telangana,Medchal-Malkajgiri,AC-TG-43,Medchal,MLA,Malla Reddy,Male,Bharat Rashtra Samithi,2,Graduate,/assets/placeholder-avatar.svg,72000000,8500000,0,91,78,50000000,46800000,"Malla Reddy is the elected MLA representing Medchal, Medchal-Malkajgiri, Telangana."
Telangana,Medchal-Malkajgiri,AC-TG-44,Malkajgiri,MLA,Marri Rajashekhar Reddy,Male,Bharat Rashtra Samithi,1,Graduate,/assets/placeholder-avatar.svg,72000000,8500000,0,91,78,50000000,46800000,"Marri Rajashekhar Reddy is the elected MLA representing Malkajgiri, Medchal-Malkajgiri, Telangana."
Telangana,Medchal-Malkajgiri,AC-TG-45,Quthbullapur,MLA,K. P. Vivekanand Goud,Male,Bharat Rashtra Samithi,3,Graduate,/assets/placeholder-avatar.svg,72000000,8500000,0,91,78,50000000,46800000,"K. P. Vivekanand Goud is the elected MLA representing Quthbullapur, Medchal-Malkajgiri, Telangana."
Telangana,Medchal-Malkajgiri,AC-TG-46,Kukatpally,MLA,Madhavaram Krishna Rao,Male,Bharat Rashtra Samithi,3,Graduate,/assets/placeholder-avatar.svg,72000000,8500000,0,91,78,50000000,46800000,"Madhavaram Krishna Rao is the elected MLA representing Kukatpally, Medchal-Malkajgiri, Telangana."
Telangana,Medchal-Malkajgiri,AC-TG-47,Uppal,MLA,Bandari Laxma Reddy,Male,Bharat Rashtra Samithi,1,Graduate,/assets/placeholder-avatar.svg,72000000,8500000,0,91,78,50000000,46800000,"Bandari Laxma Reddy is the elected MLA representing Uppal, Medchal-Malkajgiri, Telangana."
Telangana,Ranga Reddy,AC-TG-48,Ibrahimpatnam,MLA,Malreddy Ranga Reddy,Male,Indian National Congress,3,Graduate,/assets/placeholder-avatar.svg,72000000,8500000,0,91,78,50000000,46800000,"Malreddy Ranga Reddy is the elected MLA representing Ibrahimpatnam, Ranga Reddy, Telangana."
Telangana,Ranga Reddy,AC-TG-49,Lal Bahadur Nagar,MLA,Devireddy Sudheer Reddy,Male,Bharat Rashtra Samithi,3,Graduate,/assets/placeholder-avatar.svg,72000000,8500000,0,91,78,50000000,46800000,"Devireddy Sudheer Reddy is the elected MLA representing Lal Bahadur Nagar, Ranga Reddy, Telangana."
Telangana,Ranga Reddy,AC-TG-50,Maheshwaram,MLA,Sabitha Indra Reddy,Female,Bharat Rashtra Samithi,4,Graduate,/assets/placeholder-avatar.svg,72000000,8500000,0,91,78,50000000,46800000,"Sabitha Indra Reddy is the elected MLA representing Maheshwaram, Ranga Reddy, Telangana."
Telangana,Ranga Reddy,AC-TG-51,Rajendranagar,MLA,T. Prakash Goud,Male,Indian National Congress,4,Graduate,/assets/placeholder-avatar.svg,72000000,8500000,0,91,78,50000000,46800000,"T. Prakash Goud is the elected MLA representing Rajendranagar, Ranga Reddy, Telangana."
Telangana,Ranga Reddy,AC-TG-52,Serilingampally,MLA,Arekapudi Gandhi,Male,Indian National Congress,3,Graduate,/assets/placeholder-avatar.svg,72000000,8500000,0,91,78,50000000,46800000,"Arekapudi Gandhi is the elected MLA representing Serilingampally, Ranga Reddy, Telangana."
Telangana,Ranga Reddy,AC-TG-53,Chevella (SC),MLA,Kale Yadaiah,Male,Indian National Congress,3,Graduate,/assets/placeholder-avatar.svg,72000000,8500000,0,91,78,50000000,46800000,"Kale Yadaiah is the elected MLA representing Chevella (SC), Ranga Reddy, Telangana."
Telangana,Vikarabad,AC-TG-54,Pargi,MLA,T. Ram Mohan Reddy,Male,Indian National Congress,2,Graduate,/assets/placeholder-avatar.svg,72000000,8500000,0,91,78,50000000,46800000,"T. Ram Mohan Reddy is the elected MLA representing Pargi, Vikarabad, Telangana."
Telangana,Vikarabad,AC-TG-55,Vikarabad (SC),MLA,G. Prasad Kumar,Speaker of Assembly,Indian National Congress,3,Graduate,/assets/placeholder-avatar.svg,72000000,8500000,0,91,78,50000000,46800000,"G. Prasad Kumar is the elected MLA representing Vikarabad (SC), Vikarabad, Telangana."
Telangana,Vikarabad,AC-TG-56,Tandur,MLA,B. Manohar Reddy,Male,Indian National Congress,1,Graduate,/assets/placeholder-avatar.svg,72000000,8500000,0,91,78,50000000,46800000,"B. Manohar Reddy is the elected MLA representing Tandur, Vikarabad, Telangana."
Telangana,Hyderabad,AC-TG-57,Musheerabad,MLA,Muta Gopal,Male,Bharat Rashtra Samithi,2,Graduate,/assets/placeholder-avatar.svg,72000000,8500000,0,91,78,50000000,46800000,"Muta Gopal is the elected MLA representing Musheerabad, Hyderabad, Telangana."
Telangana,Hyderabad,AC-TG-58,Malakpet,MLA,Ahmed Balala,Male,AIMIM,4,Graduate,/assets/placeholder-avatar.svg,72000000,8500000,0,91,78,50000000,46800000,"Ahmed Balala is the elected MLA representing Malakpet, Hyderabad, Telangana."
Telangana,Hyderabad,AC-TG-59,Amberpet,MLA,Kaleru Venkatesh,Male,Bharat Rashtra Samithi,2,Professional,/assets/placeholder-avatar.svg,72000000,8500000,0,91,78,50000000,46800000,"Kaleru Venkatesh is the elected MLA representing Amberpet, Hyderabad, Telangana."
Telangana,Hyderabad,AC-TG-60,Khairatabad,MLA,Danam Nagender,Male,Indian National Congress,5,Graduate,/assets/placeholder-avatar.svg,72000000,8500000,0,91,78,50000000,46800000,"Danam Nagender is the elected MLA representing Khairatabad, Hyderabad, Telangana."
Telangana,Hyderabad,AC-TG-61,Jubilee Hills,MLA,Maganti Gopinath,Male,Bharat Rashtra Samithi,3,Graduate,/assets/placeholder-avatar.svg,72000000,8500000,0,91,78,50000000,46800000,"Maganti Gopinath is the elected MLA representing Jubilee Hills, Hyderabad, Telangana."
Telangana,Hyderabad,AC-TG-62,Sanathnagar,MLA,Talasani Srinivas Yadav,Male,Bharat Rashtra Samithi,5,Graduate,/assets/placeholder-avatar.svg,72000000,8500000,0,91,78,50000000,46800000,"Talasani Srinivas Yadav is the elected MLA representing Sanathnagar, Hyderabad, Telangana."
Telangana,Hyderabad,AC-TG-63,Nampally,MLA,Mohammed Majid Hussain,Male,AIMIM,1,Post Graduate,/assets/placeholder-avatar.svg,72000000,8500000,0,91,78,50000000,46800000,"Mohammed Majid Hussain is the elected MLA representing Nampally, Hyderabad, Telangana."
Telangana,Hyderabad,AC-TG-64,Karwan,MLA,Kausar Mohiuddin,Male,AIMIM,3,Graduate,/assets/placeholder-avatar.svg,72000000,8500000,0,91,78,50000000,46800000,"Kausar Mohiuddin is the elected MLA representing Karwan, Hyderabad, Telangana."
Telangana,Hyderabad,AC-TG-65,Goshamahal,MLA,T. Raja Singh,Male,Bharatiya Janata Party,3,Graduate,/assets/placeholder-avatar.svg,72000000,8500000,0,91,78,50000000,46800000,"T. Raja Singh is the elected MLA representing Goshamahal, Hyderabad, Telangana."
Telangana,Hyderabad,AC-TG-66,Charminar,MLA,Mir Zulfeqar Ali,Male,AIMIM,1,Graduate,/assets/placeholder-avatar.svg,72000000,8500000,0,91,78,50000000,46800000,"Mir Zulfeqar Ali is the elected MLA representing Charminar, Hyderabad, Telangana."
Telangana,Hyderabad,AC-TG-67,Chandrayangutta,MLA,Akbaruddin Owaisi,Male,AIMIM,6,Professional,/assets/candidates/akbaruddin_owaisi.jpg,72000000,8500000,0,91,78,50000000,46800000,"Akbaruddin Owaisi is the elected MLA representing Chandrayangutta, Hyderabad, Telangana."
Telangana,Hyderabad,AC-TG-68,Yakutpura,MLA,Jaffar Hussain Meraj,Male,AIMIM,3,Graduate,/assets/placeholder-avatar.svg,72000000,8500000,0,91,78,50000000,46800000,"Jaffar Hussain Meraj is the elected MLA representing Yakutpura, Hyderabad, Telangana."
Telangana,Hyderabad,AC-TG-69,Bahadurpura,MLA,Mohammed Mubeen,Male,AIMIM,1,Graduate,/assets/placeholder-avatar.svg,72000000,8500000,0,91,78,50000000,46800000,"Mohammed Mubeen is the elected MLA representing Bahadurpura, Hyderabad, Telangana."
Telangana,Hyderabad,AC-TG-70,Secunderabad,MLA,T. Padma Rao Goud,Male,Bharat Rashtra Samithi,4,Graduate,/assets/placeholder-avatar.svg,72000000,8500000,0,91,78,50000000,46800000,"T. Padma Rao Goud is the elected MLA representing Secunderabad, Hyderabad, Telangana."
Telangana,Hyderabad,AC-TG-71,Secunderabad Cantt (SC),MLA,Sri Ganesh Narayan,Male,Indian National Congress,1,Graduate,/assets/placeholder-avatar.svg,72000000,8500000,0,91,78,50000000,46800000,"Sri Ganesh Narayan is the elected MLA representing Secunderabad Cantt (SC), Hyderabad, Telangana."
Telangana,Mahabubnagar,AC-TG-72,Kodangal,Chief Minister of Telangana,A. Revanth Reddy,Male,Indian National Congress,3,Graduate,/assets/candidates/revanth_reddy.jpg,300000000,8500000,0,91,78,50000000,46800000,"A. Revanth Reddy is the elected Chief Minister of Telangana representing Kodangal, Mahabubnagar, Telangana."
Telangana,Narayanpet,AC-TG-73,Narayanpet,MLA,Chittem Parnika Reddy,Female,Indian National Congress,1,Professional,/assets/placeholder-avatar.svg,72000000,8500000,0,91,78,50000000,46800000,"Chittem Parnika Reddy is the elected MLA representing Narayanpet, Narayanpet, Telangana."
Telangana,Mahabubnagar,AC-TG-74,Mahbubnagar,MLA,Yennam Srinivas Reddy,Male,Indian National Congress,2,Graduate,/assets/placeholder-avatar.svg,72000000,8500000,0,91,78,50000000,46800000,"Yennam Srinivas Reddy is the elected MLA representing Mahbubnagar, Mahabubnagar, Telangana."
Telangana,Mahabubnagar,AC-TG-75,Jadcherla,MLA,J. Anirudh Reddy,Male,Indian National Congress,1,Post Graduate,/assets/placeholder-avatar.svg,72000000,8500000,0,91,78,50000000,46800000,"J. Anirudh Reddy is the elected MLA representing Jadcherla, Mahabubnagar, Telangana."
Telangana,Mahabubnagar,AC-TG-76,Devarkadra,MLA,G. Madhusudan Reddy,Male,Indian National Congress,1,Graduate,/assets/placeholder-avatar.svg,72000000,8500000,0,91,78,50000000,46800000,"G. Madhusudan Reddy is the elected MLA representing Devarkadra, Mahabubnagar, Telangana."
Telangana,Narayanpet,AC-TG-77,Makthal,MLA,Vakiti Srihari,Male,Indian National Congress,1,Graduate,/assets/placeholder-avatar.svg,72000000,8500000,0,91,78,50000000,46800000,"Vakiti Srihari is the elected MLA representing Makthal, Narayanpet, Telangana."
Telangana,Wanaparthy,AC-TG-78,Wanaparthy,MLA,Tudi Megha Reddy,Male,Indian National Congress,1,Graduate,/assets/placeholder-avatar.svg,72000000,8500000,0,91,78,50000000,46800000,"Tudi Megha Reddy is the elected MLA representing Wanaparthy, Wanaparthy, Telangana."
Telangana,Jogulamba Gadwal,AC-TG-79,Gadwal,MLA,Bandi Krishnamohan Reddy,Male,Bharat Rashtra Samithi,2,Graduate,/assets/placeholder-avatar.svg,72000000,8500000,0,91,78,50000000,46800000,"Bandi Krishnamohan Reddy is the elected MLA representing Gadwal, Jogulamba Gadwal, Telangana."
Telangana,Jogulamba Gadwal,AC-TG-80,Alampur (SC),MLA,Vijayudu,Male,Bharat Rashtra Samithi,1,Graduate,/assets/placeholder-avatar.svg,72000000,8500000,0,91,78,50000000,46800000,"Vijayudu is the elected MLA representing Alampur (SC), Jogulamba Gadwal, Telangana."
Telangana,Nagarkurnool,AC-TG-81,Nagarkurnool,MLA,Koochulakuntla Rajesh Reddy,Male,Indian National Congress,1,Graduate,/assets/placeholder-avatar.svg,72000000,8500000,0,91,78,50000000,46800000,"Koochulakuntla Rajesh Reddy is the elected MLA representing Nagarkurnool, Nagarkurnool, Telangana."
Telangana,Nagarkurnool,AC-TG-82,Achampet (SC),MLA,Chikkudu Vamshi Krishna,Male,Indian National Congress,1,Graduate,/assets/placeholder-avatar.svg,72000000,8500000,0,91,78,50000000,46800000,"Chikkudu Vamshi Krishna is the elected MLA representing Achampet (SC), Nagarkurnool, Telangana."
Telangana,Nagarkurnool,AC-TG-83,Kalwakurthy,MLA,Kasireddy Narayan Reddy,Male,Indian National Congress,1,Graduate,/assets/placeholder-avatar.svg,72000000,8500000,0,91,78,50000000,46800000,"Kasireddy Narayan Reddy is the elected MLA representing Kalwakurthy, Nagarkurnool, Telangana."
Telangana,Ranga Reddy,AC-TG-84,Shadnagar,MLA,K. Shankaraiah,Male,Indian National Congress,1,Graduate,/assets/placeholder-avatar.svg,72000000,8500000,0,91,78,50000000,46800000,"K. Shankaraiah is the elected MLA representing Shadnagar, Ranga Reddy, Telangana."
Telangana,Nagarkurnool,AC-TG-85,Kollapur,Cabinet Minister,Jupally Krishna Rao,Male,Indian National Congress,5,Graduate,/assets/placeholder-avatar.svg,72000000,8500000,0,91,78,50000000,46800000,"Jupally Krishna Rao is the elected Cabinet Minister representing Kollapur, Nagarkurnool, Telangana."
Telangana,Nalgonda,AC-TG-86,Devarakonda (ST),MLA,Nenavath Balu Naik,Male,Indian National Congress,3,Graduate,/assets/placeholder-avatar.svg,72000000,8500000,0,91,78,50000000,46800000,"Nenavath Balu Naik is the elected MLA representing Devarakonda (ST), Nalgonda, Telangana."
Telangana,Nalgonda,AC-TG-87,Nagarjuna Sagar,MLA,Kunduru Jayaveer Reddy,Male,Indian National Congress,1,Post Graduate,/assets/placeholder-avatar.svg,72000000,8500000,0,91,78,50000000,46800000,"Kunduru Jayaveer Reddy is the elected MLA representing Nagarjuna Sagar, Nalgonda, Telangana."
Telangana,Nalgonda,AC-TG-88,Miryalaguda,MLA,Bathula Laxma Reddy,Male,Indian National Congress,1,Graduate,/assets/placeholder-avatar.svg,72000000,8500000,0,91,78,50000000,46800000,"Bathula Laxma Reddy is the elected MLA representing Miryalaguda, Nalgonda, Telangana."
Telangana,Suryapet,AC-TG-89,Huzurnagar,Cabinet Minister,N. Uttam Kumar Reddy,Male,Indian National Congress,6,Graduate,/assets/placeholder-avatar.svg,72000000,8500000,0,91,78,50000000,46800000,"N. Uttam Kumar Reddy is the elected Cabinet Minister representing Huzurnagar, Suryapet, Telangana."
Telangana,Suryapet,AC-TG-90,Kodad,MLA,N. Padmavathi Reddy,Female,Indian National Congress,2,Professional,/assets/placeholder-avatar.svg,72000000,8500000,0,91,78,50000000,46800000,"N. Padmavathi Reddy is the elected MLA representing Kodad, Suryapet, Telangana."
Telangana,Suryapet,AC-TG-91,Suryapet,MLA,Guntakandla Jagadish Reddy,Male,Bharat Rashtra Samithi,3,Graduate,/assets/placeholder-avatar.svg,72000000,8500000,0,91,78,50000000,46800000,"Guntakandla Jagadish Reddy is the elected MLA representing Suryapet, Suryapet, Telangana."
Telangana,Nalgonda,AC-TG-92,Nalgonda,Cabinet Minister,Komatireddy Venkat Reddy,Male,Indian National Congress,5,Graduate,/assets/placeholder-avatar.svg,72000000,8500000,0,91,78,50000000,46800000,"Komatireddy Venkat Reddy is the elected Cabinet Minister representing Nalgonda, Nalgonda, Telangana."
Telangana,Nalgonda,AC-TG-93,Munugode,MLA,Komatireddy Raj Gopal Reddy,Male,Indian National Congress,2,Graduate,/assets/placeholder-avatar.svg,72000000,8500000,0,91,78,50000000,46800000,"Komatireddy Raj Gopal Reddy is the elected MLA representing Munugode, Nalgonda, Telangana."
Telangana,Yadadri Bhuvanagiri,AC-TG-94,Bhongir,MLA,Kumbham Anil Kumar Reddy,Male,Indian National Congress,1,Graduate,/assets/placeholder-avatar.svg,72000000,8500000,0,91,78,50000000,46800000,"Kumbham Anil Kumar Reddy is the elected MLA representing Bhongir, Yadadri Bhuvanagiri, Telangana."
Telangana,Nalgonda,AC-TG-95,Nakrekal (SC),MLA,Vemula Veeresham,Male,Indian National Congress,2,Graduate,/assets/placeholder-avatar.svg,72000000,8500000,0,91,78,50000000,46800000,"Vemula Veeresham is the elected MLA representing Nakrekal (SC), Nalgonda, Telangana."
Telangana,Suryapet,AC-TG-96,Thungathurthi (SC),MLA,Mandula Samual,Male,Indian National Congress,1,Graduate,/assets/placeholder-avatar.svg,72000000,8500000,0,91,78,50000000,46800000,"Mandula Samual is the elected MLA representing Thungathurthi (SC), Suryapet, Telangana."
Telangana,Yadadri Bhuvanagiri,AC-TG-97,Alair,MLA,Beerla Ilaiah,Male,Indian National Congress,1,Graduate,/assets/placeholder-avatar.svg,72000000,8500000,0,91,78,50000000,46800000,"Beerla Ilaiah is the elected MLA representing Alair, Yadadri Bhuvanagiri, Telangana."
Telangana,Jangaon,AC-TG-98,Jangaon,MLA,Palla Rajeshwar Reddy,Male,Bharat Rashtra Samithi,1,Doctorate,/assets/placeholder-avatar.svg,72000000,8500000,0,91,78,50000000,46800000,"Palla Rajeshwar Reddy is the elected MLA representing Jangaon, Jangaon, Telangana."
Telangana,Jangaon,AC-TG-99,Ghanpur Station (SC),MLA,Kadiyam Srihari,Male,Indian National Congress,4,Post Graduate,/assets/placeholder-avatar.svg,72000000,8500000,0,91,78,50000000,46800000,"Kadiyam Srihari is the elected MLA representing Ghanpur Station (SC), Jangaon, Telangana."
Telangana,Jangaon,AC-TG-100,Palakurthi,MLA,Mamidala Yashaswini Reddy,Female,Indian National Congress,1,Professional,/assets/placeholder-avatar.svg,72000000,8500000,0,91,78,50000000,46800000,"Mamidala Yashaswini Reddy is the elected MLA representing Palakurthi, Jangaon, Telangana."
Telangana,Mahabubabad,AC-TG-101,Dornakal (ST),MLA,Jatoth Ram Chander Naik,Male,Indian National Congress,1,Graduate,/assets/placeholder-avatar.svg,72000000,8500000,0,91,78,50000000,46800000,"Jatoth Ram Chander Naik is the elected MLA representing Dornakal (ST), Mahabubabad, Telangana."
Telangana,Mahabubabad,AC-TG-102,Mahabubabad (ST),MLA,Murali Naik Bhukya,Male,Indian National Congress,1,Doctorate,/assets/placeholder-avatar.svg,72000000,8500000,0,91,78,50000000,46800000,"Murali Naik Bhukya is the elected MLA representing Mahabubabad (ST), Mahabubabad, Telangana."
Telangana,Warangal,AC-TG-103,Narsampet,MLA,Donthi Madhava Reddy,Male,Indian National Congress,2,Graduate,/assets/placeholder-avatar.svg,72000000,8500000,0,91,78,50000000,46800000,"Donthi Madhava Reddy is the elected MLA representing Narsampet, Warangal, Telangana."
Telangana,Warangal,AC-TG-104,Parkal,MLA,Revuri Prakash Reddy,Male,Indian National Congress,4,Graduate,/assets/placeholder-avatar.svg,72000000,8500000,0,91,78,50000000,46800000,"Revuri Prakash Reddy is the elected MLA representing Parkal, Warangal, Telangana."
Telangana,Hanumakonda,AC-TG-105,Warangal West,MLA,Naini Rajender Reddy,Male,Indian National Congress,1,Graduate,/assets/placeholder-avatar.svg,72000000,8500000,0,91,78,50000000,46800000,"Naini Rajender Reddy is the elected MLA representing Warangal West, Hanumakonda, Telangana."
Telangana,Hanumakonda,AC-TG-106,Warangal East,Cabinet Minister,Konda Surekha,Female,Indian National Congress,4,Graduate,/assets/placeholder-avatar.svg,72000000,8500000,0,91,78,50000000,46800000,"Konda Surekha is the elected Cabinet Minister representing Warangal East, Hanumakonda, Telangana."
Telangana,Warangal,AC-TG-107,Waradhanapet (SC),MLA,K. R. Nagaraju,Male,Indian National Congress,1,Post Graduate,/assets/placeholder-avatar.svg,72000000,8500000,0,91,78,50000000,46800000,"K. R. Nagaraju is the elected MLA representing Waradhanapet (SC), Warangal, Telangana."
Telangana,Jayashankar Bhupalpally,AC-TG-108,Bhupalpalle,MLA,Gandra Satyanarayana Rao,Male,Indian National Congress,1,Graduate,/assets/placeholder-avatar.svg,72000000,8500000,0,91,78,50000000,46800000,"Gandra Satyanarayana Rao is the elected MLA representing Bhupalpalle, Jayashankar Bhupalpally, Telangana."
Telangana,Mulugu,AC-TG-109,Mulug (ST),Cabinet Minister,Danasari Anasuya (Seethakka),Female,Indian National Congress,3,Doctorate,/assets/candidates/seethakka.jpg,72000000,8500000,0,91,78,50000000,46800000,"Danasari Anasuya (Seethakka) is the elected Cabinet Minister representing Mulug (ST), Mulugu, Telangana."
Telangana,Bhadradri Kothagudem,AC-TG-110,Pinapaka (ST),MLA,Payam Venkateswarlu,Male,Indian National Congress,2,Graduate,/assets/placeholder-avatar.svg,72000000,8500000,0,91,78,50000000,46800000,"Payam Venkateswarlu is the elected MLA representing Pinapaka (ST), Bhadradri Kothagudem, Telangana."
Telangana,Bhadradri Kothagudem,AC-TG-111,Yellandu (ST),MLA,Koram Kanakaiah,Male,Indian National Congress,2,Graduate,/assets/placeholder-avatar.svg,72000000,8500000,0,91,78,50000000,46800000,"Koram Kanakaiah is the elected MLA representing Yellandu (ST), Bhadradri Kothagudem, Telangana."
Telangana,Khammam,AC-TG-112,Khammam,Cabinet Minister,Thummala Nageswara Rao,Male,Indian National Congress,5,Graduate,/assets/placeholder-avatar.svg,72000000,8500000,0,91,78,50000000,46800000,"Thummala Nageswara Rao is the elected Cabinet Minister representing Khammam, Khammam, Telangana."
Telangana,Khammam,AC-TG-113,Palair,Cabinet Minister,Ponguleti Srinivas Reddy,Male,Indian National Congress,2,Graduate,/assets/placeholder-avatar.svg,72000000,8500000,0,91,78,50000000,46800000,"Ponguleti Srinivas Reddy is the elected Cabinet Minister representing Palair, Khammam, Telangana."
Telangana,Khammam,AC-TG-114,Madhira (SC),Deputy Chief Minister,Mallu Bhatti Vikramarka,Male,Indian National Congress,4,Post Graduate,/assets/candidates/mallu_bhatti_vikramarka.jpg,72000000,8500000,0,91,78,50000000,46800000,"Mallu Bhatti Vikramarka is the elected Deputy Chief Minister representing Madhira (SC), Khammam, Telangana."
Telangana,Khammam,AC-TG-115,Wyra (ST),MLA,Maloth Ramdas,Male,Indian National Congress,1,Graduate,/assets/placeholder-avatar.svg,72000000,8500000,0,91,78,50000000,46800000,"Maloth Ramdas is the elected MLA representing Wyra (ST), Khammam, Telangana."
Telangana,Khammam,AC-TG-116,Sathupalli (SC),MLA,Matta Ragamayee,Female,Indian National Congress,1,Doctorate,/assets/placeholder-avatar.svg,72000000,8500000,0,91,78,50000000,46800000,"Matta Ragamayee is the elected MLA representing Sathupalli (SC), Khammam, Telangana."
Telangana,Bhadradri Kothagudem,AC-TG-117,Kothagudem,MLA,Kunamneni Sambasiva Rao,Male,Communist Party of India,2,Graduate,/assets/placeholder-avatar.svg,72000000,8500000,0,91,78,50000000,46800000,"Kunamneni Sambasiva Rao is the elected MLA representing Kothagudem, Bhadradri Kothagudem, Telangana."
Telangana,Bhadradri Kothagudem,AC-TG-118,Aswaraopeta (ST),MLA,Jare Adinarayana,Male,Indian National Congress,1,Graduate,/assets/placeholder-avatar.svg,72000000,8500000,0,91,78,50000000,46800000,"Jare Adinarayana is the elected MLA representing Aswaraopeta (ST), Bhadradri Kothagudem, Telangana."
Telangana,Bhadradri Kothagudem,AC-TG-119,Bhadrachalam (ST),MLA,Tellam Venkata Rao,Male,Indian National Congress,1,Doctorate,/assets/placeholder-avatar.svg,72000000,8500000,0,91,78,50000000,46800000,"Tellam Venkata Rao is the elected MLA representing Bhadrachalam (ST), Bhadradri Kothagudem, Telangana."
Jammu & Kashmir,Kupwara,AC-JK-1,Karnah,MLA,Javaid Ahmad Mirchal,Male,Jammu & Kashmir National Conference,2,Graduate,/assets/placeholder-avatar.svg,42000000,3200000,0,94,55,30000000,27900000,"Javaid Ahmad Mirchal is the elected MLA representing Karnah, Kupwara, Jammu & Kashmir (UT)."
Jammu & Kashmir,Kupwara,AC-JK-2,Trehgam,MLA,Saifullah Mir,Male,Jammu & Kashmir National Conference,4,Graduate,/assets/placeholder-avatar.svg,42000000,3200000,0,94,55,30000000,27900000,"Saifullah Mir is the elected MLA representing Trehgam, Kupwara, Jammu & Kashmir (UT)."
Jammu & Kashmir,Kupwara,AC-JK-3,Kupwara,MLA,Mir Mohammad Fayaz,Male,Jammu & Kashmir People's Democratic Party,1,Graduate,/assets/placeholder-avatar.svg,42000000,3200000,0,94,55,30000000,27900000,"Mir Mohammad Fayaz is the elected MLA representing Kupwara, Kupwara, Jammu & Kashmir (UT)."
Jammu & Kashmir,Kupwara,AC-JK-4,Lolab,MLA,Qaysar Jamshid Lone,Male,Jammu & Kashmir National Conference,1,Post Graduate,/assets/placeholder-avatar.svg,42000000,3200000,0,94,55,30000000,27900000,"Qaysar Jamshid Lone is the elected MLA representing Lolab, Kupwara, Jammu & Kashmir (UT)."
Jammu & Kashmir,Kupwara,AC-JK-5,Handwara,MLA,Sajad Gani Lone,Male,Jammu & Kashmir People's Conference,2,Graduate,/assets/placeholder-avatar.svg,42000000,3200000,0,94,55,30000000,27900000,"Sajad Gani Lone is the elected MLA representing Handwara, Kupwara, Jammu & Kashmir (UT)."
Jammu & Kashmir,Kupwara,AC-JK-6,Langate,MLA,Sheikh Khursheed,Male,Awami Ittehad Party,1,Graduate,/assets/placeholder-avatar.svg,42000000,3200000,0,94,55,30000000,27900000,"Sheikh Khursheed is the elected MLA representing Langate, Kupwara, Jammu & Kashmir (UT)."
Jammu & Kashmir,Baramulla,AC-JK-7,Sopore,MLA,Irshad Rasool Kar,Male,Jammu & Kashmir National Conference,1,Graduate,/assets/placeholder-avatar.svg,42000000,3200000,0,94,55,30000000,27900000,"Irshad Rasool Kar is the elected MLA representing Sopore, Baramulla, Jammu & Kashmir (UT)."
Jammu & Kashmir,Baramulla,AC-JK-8,Rafiabad,MLA,Javid Ahmad Dar,Cabinet Minister,Jammu & Kashmir National Conference,2,Graduate,/assets/placeholder-avatar.svg,42000000,3200000,0,94,55,30000000,27900000,"Javid Ahmad Dar is the elected MLA representing Rafiabad, Baramulla, Jammu & Kashmir (UT)."
Jammu & Kashmir,Baramulla,AC-JK-9,Uri,MLA,Sajjad Shafi,Male,Jammu & Kashmir National Conference,1,Graduate,/assets/placeholder-avatar.svg,42000000,3200000,0,94,55,30000000,27900000,"Sajjad Shafi is the elected MLA representing Uri, Baramulla, Jammu & Kashmir (UT)."
Jammu & Kashmir,Baramulla,AC-JK-10,Baramulla,MLA,Javid Hassan Baig,Male,Jammu & Kashmir National Conference,2,Graduate,/assets/placeholder-avatar.svg,42000000,3200000,0,94,55,30000000,27900000,"Javid Hassan Baig is the elected MLA representing Baramulla, Baramulla, Jammu & Kashmir (UT)."
Jammu & Kashmir,Baramulla,AC-JK-11,Gulmarg,MLA,Pirzada Farooq Ahmed Shah,Male,Jammu & Kashmir National Conference,1,Post Graduate,/assets/placeholder-avatar.svg,42000000,3200000,0,94,55,30000000,27900000,"Pirzada Farooq Ahmed Shah is the elected MLA representing Gulmarg, Baramulla, Jammu & Kashmir (UT)."
Jammu & Kashmir,Baramulla,AC-JK-12,Wagoora-Kreeri,MLA,Irfan Hafiz Lone,Male,Indian National Congress,1,Professional,/assets/placeholder-avatar.svg,42000000,3200000,0,94,55,30000000,27900000,"Irfan Hafiz Lone is the elected MLA representing Wagoora-Kreeri, Baramulla, Jammu & Kashmir (UT)."
Jammu & Kashmir,Baramulla,AC-JK-13,Pattan,MLA,Javaid Reyaz,Male,Jammu & Kashmir National Conference,1,Graduate,/assets/placeholder-avatar.svg,42000000,3200000,0,94,55,30000000,27900000,"Javaid Reyaz is the elected MLA representing Pattan, Baramulla, Jammu & Kashmir (UT)."
Jammu & Kashmir,Bandipora,AC-JK-14,Sonawari,MLA,Hilal Akbar Lone,Male,Jammu & Kashmir National Conference,1,Professional,/assets/placeholder-avatar.svg,42000000,3200000,0,94,55,30000000,27900000,"Hilal Akbar Lone is the elected MLA representing Sonawari, Bandipora, Jammu & Kashmir (UT)."
Jammu & Kashmir,Bandipora,AC-JK-15,Bandipora,MLA,Nizam Uddin Bhat,Male,Indian National Congress,2,Graduate,/assets/placeholder-avatar.svg,42000000,3200000,0,94,55,30000000,27900000,"Nizam Uddin Bhat is the elected MLA representing Bandipora, Bandipora, Jammu & Kashmir (UT)."
Jammu & Kashmir,Bandipora,AC-JK-16,Gurez (ST),MLA,Nazir Ahmad Khan,Male,Jammu & Kashmir National Conference,3,Graduate,/assets/placeholder-avatar.svg,42000000,3200000,0,94,55,30000000,27900000,"Nazir Ahmad Khan is the elected MLA representing Gurez (ST), Bandipora, Jammu & Kashmir (UT)."
Jammu & Kashmir,Ganderbal,AC-JK-17,Kangan (ST),MLA,Mian Mehar Ali,Male,Jammu & Kashmir National Conference,1,Graduate,/assets/placeholder-avatar.svg,42000000,3200000,0,94,55,30000000,27900000,"Mian Mehar Ali is the elected MLA representing Kangan (ST), Ganderbal, Jammu & Kashmir (UT)."
Jammu & Kashmir,Ganderbal,AC-JK-18,Ganderbal,Chief Minister of Jammu & Kashmir,Omar Abdullah,Male,Jammu & Kashmir National Conference,4,Graduate,/assets/candidates/omar_abdullah.jpg,95000000,3200000,0,94,55,30000000,27900000,"Omar Abdullah is the elected Chief Minister of Jammu & Kashmir representing Ganderbal, Ganderbal, Jammu & Kashmir (UT)."
Jammu & Kashmir,Srinagar,AC-JK-19,Hazratbal,MLA,Salman Ali Sagar,Male,Jammu & Kashmir National Conference,1,Graduate,/assets/placeholder-avatar.svg,42000000,3200000,0,94,55,30000000,27900000,"Salman Ali Sagar is the elected MLA representing Hazratbal, Srinagar, Jammu & Kashmir (UT)."
Jammu & Kashmir,Srinagar,AC-JK-20,Khanyar,MLA,Ali Mohammad Sagar,Male,Jammu & Kashmir National Conference,6,Professional,/assets/placeholder-avatar.svg,42000000,3200000,0,94,55,30000000,27900000,"Ali Mohammad Sagar is the elected MLA representing Khanyar, Srinagar, Jammu & Kashmir (UT)."
Jammu & Kashmir,Srinagar,AC-JK-21,Habba Kadal,MLA,Shamim Firdous,Female,Jammu & Kashmir National Conference,4,Graduate,/assets/placeholder-avatar.svg,42000000,3200000,0,94,55,30000000,27900000,"Shamim Firdous is the elected MLA representing Habba Kadal, Srinagar, Jammu & Kashmir (UT)."
Jammu & Kashmir,Srinagar,AC-JK-22,Lal Chowk,MLA,Ahsan Pardesi,Male,Jammu & Kashmir National Conference,1,Graduate,/assets/placeholder-avatar.svg,42000000,3200000,0,94,55,30000000,27900000,"Ahsan Pardesi is the elected MLA representing Lal Chowk, Srinagar, Jammu & Kashmir (UT)."
Jammu & Kashmir,Srinagar,AC-JK-23,Channapora,MLA,Mushtaq Guroo,Male,Jammu & Kashmir National Conference,1,Graduate,/assets/placeholder-avatar.svg,42000000,3200000,0,94,55,30000000,27900000,"Mushtaq Guroo is the elected MLA representing Channapora, Srinagar, Jammu & Kashmir (UT)."
Jammu & Kashmir,Srinagar,AC-JK-24,Zadibal,MLA,Tanvir Sadiq,Male,Jammu & Kashmir National Conference,1,Post Graduate,/assets/placeholder-avatar.svg,42000000,3200000,0,94,55,30000000,27900000,"Tanvir Sadiq is the elected MLA representing Zadibal, Srinagar, Jammu & Kashmir (UT)."
Jammu & Kashmir,Srinagar,AC-JK-25,Eidgah,MLA,Mubarik Gul,Speaker Pro-tem,Jammu & Kashmir National Conference,5,Graduate,/assets/placeholder-avatar.svg,42000000,3200000,0,94,55,30000000,27900000,"Mubarik Gul is the elected MLA representing Eidgah, Srinagar, Jammu & Kashmir (UT)."
Jammu & Kashmir,Srinagar,AC-JK-26,Central Shalteng,MLA,Tariq Hameed Karra,Male,Indian National Congress,2,Professional,/assets/placeholder-avatar.svg,42000000,3200000,0,94,55,30000000,27900000,"Tariq Hameed Karra is the elected MLA representing Central Shalteng, Srinagar, Jammu & Kashmir (UT)."
Jammu & Kashmir,Budgam,AC-JK-27,Budgam,MLA,Aga Syed Ruhullah Mehdi,Male,Jammu & Kashmir National Conference,3,Graduate,/assets/placeholder-avatar.svg,42000000,3200000,0,94,55,30000000,27900000,"Aga Syed Ruhullah Mehdi is the elected MLA representing Budgam, Budgam, Jammu & Kashmir (UT)."
Jammu & Kashmir,Budgam,AC-JK-28,Beerwah,MLA,Shafi Ahmad Wani,Male,Jammu & Kashmir National Conference,2,Graduate,/assets/placeholder-avatar.svg,42000000,3200000,0,94,55,30000000,27900000,"Shafi Ahmad Wani is the elected MLA representing Beerwah, Budgam, Jammu & Kashmir (UT)."
Jammu & Kashmir,Budgam,AC-JK-29,Khansahib,MLA,Saif-ud-Din Bhat,Male,Jammu & Kashmir National Conference,1,Graduate,/assets/placeholder-avatar.svg,42000000,3200000,0,94,55,30000000,27900000,"Saif-ud-Din Bhat is the elected MLA representing Khansahib, Budgam, Jammu & Kashmir (UT)."
Jammu & Kashmir,Budgam,AC-JK-30,Chrar-i-Sharief,MLA,Ghulam Nabi Lone Hanjura,Male,Jammu & Kashmir People's Democratic Party,2,Professional,/assets/placeholder-avatar.svg,42000000,3200000,0,94,55,30000000,27900000,"Ghulam Nabi Lone Hanjura is the elected MLA representing Chrar-i-Sharief, Budgam, Jammu & Kashmir (UT)."
Jammu & Kashmir,Budgam,AC-JK-31,Chadoora,MLA,Ali Mohammad Dar,Male,Jammu & Kashmir National Conference,2,Graduate,/assets/placeholder-avatar.svg,42000000,3200000,0,94,55,30000000,27900000,"Ali Mohammad Dar is the elected MLA representing Chadoora, Budgam, Jammu & Kashmir (UT)."
Jammu & Kashmir,Pulwama,AC-JK-32,Pampore,MLA,Hasnain Masoodi,Male,Jammu & Kashmir National Conference,1,Professional,/assets/placeholder-avatar.svg,42000000,3200000,0,94,55,30000000,27900000,"Hasnain Masoodi is the elected MLA representing Pampore, Pulwama, Jammu & Kashmir (UT)."
Jammu & Kashmir,Pulwama,AC-JK-33,Tral,MLA,Rafiq Ahmad Naik,Male,Jammu & Kashmir People's Democratic Party,1,Graduate,/assets/placeholder-avatar.svg,42000000,3200000,0,94,55,30000000,27900000,"Rafiq Ahmad Naik is the elected MLA representing Tral, Pulwama, Jammu & Kashmir (UT)."
Jammu & Kashmir,Pulwama,AC-JK-34,Pulwama,MLA,Waheed Ur Rehman Para,Male,Jammu & Kashmir People's Democratic Party,1,Post Graduate,/assets/placeholder-avatar.svg,42000000,3200000,0,94,55,30000000,27900000,"Waheed Ur Rehman Para is the elected MLA representing Pulwama, Pulwama, Jammu & Kashmir (UT)."
Jammu & Kashmir,Pulwama,AC-JK-35,Rajpora,MLA,Ghulam Mohi Uddin Mir,Male,Jammu & Kashmir National Conference,1,Graduate,/assets/placeholder-avatar.svg,42000000,3200000,0,94,55,30000000,27900000,"Ghulam Mohi Uddin Mir is the elected MLA representing Rajpora, Pulwama, Jammu & Kashmir (UT)."
Jammu & Kashmir,Shopian,AC-JK-36,Zainapora,MLA,Showkat Hussain Ganie,Male,Jammu & Kashmir National Conference,1,Doctorate,/assets/placeholder-avatar.svg,42000000,3200000,0,94,55,30000000,27900000,"Showkat Hussain Ganie is the elected MLA representing Zainapora, Shopian, Jammu & Kashmir (UT)."
Jammu & Kashmir,Shopian,AC-JK-37,Shopian,MLA,Shabir Ahmad Kullay,Male,Independent,1,Professional,/assets/placeholder-avatar.svg,42000000,3200000,0,94,55,30000000,27900000,"Shabir Ahmad Kullay is the elected MLA representing Shopian, Shopian, Jammu & Kashmir (UT)."
Jammu & Kashmir,Kulgam,AC-JK-38,D.H. Pora,Cabinet Minister,Sakina Itoo,Female,Jammu & Kashmir National Conference,3,Graduate,/assets/placeholder-avatar.svg,42000000,3200000,0,94,55,30000000,27900000,"Sakina Itoo is the elected Cabinet Minister representing D.H. Pora, Kulgam, Jammu & Kashmir (UT)."
Jammu & Kashmir,Kulgam,AC-JK-39,Kulgam,MLA,Mohamad Yousuf Tarigami,Male,Communist Party of India (Marxist),5,Graduate,/assets/placeholder-avatar.svg,42000000,3200000,0,94,55,30000000,27900000,"Mohamad Yousuf Tarigami is the elected MLA representing Kulgam, Kulgam, Jammu & Kashmir (UT)."
Jammu & Kashmir,Kulgam,AC-JK-40,Devsar,MLA,Peerzada Feroze Ahmad,Male,Jammu & Kashmir National Conference,1,Graduate,/assets/placeholder-avatar.svg,42000000,3200000,0,94,55,30000000,27900000,"Peerzada Feroze Ahmad is the elected MLA representing Devsar, Kulgam, Jammu & Kashmir (UT)."
Jammu & Kashmir,Anantnag,AC-JK-41,Dooru,MLA,Ghulam Ahmad Mir,Male,Indian National Congress,3,Graduate,/assets/placeholder-avatar.svg,42000000,3200000,0,94,55,30000000,27900000,"Ghulam Ahmad Mir is the elected MLA representing Dooru, Anantnag, Jammu & Kashmir (UT)."
Jammu & Kashmir,Anantnag,AC-JK-42,Kokernag (ST),MLA,Zafar Ali Khatana,Male,Jammu & Kashmir National Conference,1,Graduate,/assets/placeholder-avatar.svg,42000000,3200000,0,94,55,30000000,27900000,"Zafar Ali Khatana is the elected MLA representing Kokernag (ST), Anantnag, Jammu & Kashmir (UT)."
Jammu & Kashmir,Anantnag,AC-JK-43,Anantnag West,MLA,Abdul Majid Bhat,Male,Jammu & Kashmir National Conference,2,Professional,/assets/placeholder-avatar.svg,42000000,3200000,0,94,55,30000000,27900000,"Abdul Majid Bhat is the elected MLA representing Anantnag West, Anantnag, Jammu & Kashmir (UT)."
Jammu & Kashmir,Anantnag,AC-JK-44,Anantnag,MLA,Peerzada Mohammad Syed,Male,Indian National Congress,3,Graduate,/assets/placeholder-avatar.svg,42000000,3200000,0,94,55,30000000,27900000,"Peerzada Mohammad Syed is the elected MLA representing Anantnag, Anantnag, Jammu & Kashmir (UT)."
Jammu & Kashmir,Anantnag,AC-JK-45,Srigufwara-Bijbehara,MLA,Bashir Ahmad Veeri,Male,Jammu & Kashmir National Conference,1,Graduate,/assets/placeholder-avatar.svg,42000000,3200000,0,94,55,30000000,27900000,"Bashir Ahmad Veeri is the elected MLA representing Srigufwara-Bijbehara, Anantnag, Jammu & Kashmir (UT)."
Jammu & Kashmir,Anantnag,AC-JK-46,Shangus-Anantnag East,MLA,Reyaz Ahmad Khan,Male,Jammu & Kashmir National Conference,1,Graduate,/assets/placeholder-avatar.svg,42000000,3200000,0,94,55,30000000,27900000,"Reyaz Ahmad Khan is the elected MLA representing Shangus-Anantnag East, Anantnag, Jammu & Kashmir (UT)."
Jammu & Kashmir,Anantnag,AC-JK-47,Pahalgam,MLA,Altaf Ahmad Wani,Male,Jammu & Kashmir National Conference,2,Graduate,/assets/placeholder-avatar.svg,42000000,3200000,0,94,55,30000000,27900000,"Altaf Ahmad Wani is the elected MLA representing Pahalgam, Anantnag, Jammu & Kashmir (UT)."
Jammu & Kashmir,Kishtwar,AC-JK-48,Inderwal,MLA,Payare Lal Sharma,Male,Independent,1,Graduate,/assets/placeholder-avatar.svg,42000000,3200000,0,94,55,30000000,27900000,"Payare Lal Sharma is the elected MLA representing Inderwal, Kishtwar, Jammu & Kashmir (UT)."
Jammu & Kashmir,Kishtwar,AC-JK-49,Kishtwar,MLA,Shagun Parihar,Female,Bharatiya Janata Party,1,Doctorate,/assets/placeholder-avatar.svg,42000000,3200000,0,94,55,30000000,27900000,"Shagun Parihar is the elected MLA representing Kishtwar, Kishtwar, Jammu & Kashmir (UT)."
Jammu & Kashmir,Kishtwar,AC-JK-50,Padder-Nagseni,Leader of Opposition,Sunil Kumar Sharma,Male,Bharatiya Janata Party,2,Graduate,/assets/placeholder-avatar.svg,42000000,3200000,0,94,55,30000000,27900000,"Sunil Kumar Sharma is the elected Leader of Opposition representing Padder-Nagseni, Kishtwar, Jammu & Kashmir (UT)."
Jammu & Kashmir,Doda,AC-JK-51,Bhadarwah,MLA,Daleep Singh Parihar,Male,Bharatiya Janata Party,2,Graduate,/assets/placeholder-avatar.svg,42000000,3200000,0,94,55,30000000,27900000,"Daleep Singh Parihar is the elected MLA representing Bhadarwah, Doda, Jammu & Kashmir (UT)."
Jammu & Kashmir,Doda,AC-JK-52,Doda,MLA,Mehraj Malik,Male,Aam Aadmi Party,1,Graduate,/assets/placeholder-avatar.svg,42000000,3200000,0,94,55,30000000,27900000,"Mehraj Malik is the elected MLA representing Doda, Doda, Jammu & Kashmir (UT)."
Jammu & Kashmir,Doda,AC-JK-53,Doda West,MLA,Shakti Raj Parihar,Male,Bharatiya Janata Party,2,Graduate,/assets/placeholder-avatar.svg,42000000,3200000,0,94,55,30000000,27900000,"Shakti Raj Parihar is the elected MLA representing Doda West, Doda, Jammu & Kashmir (UT)."
Jammu & Kashmir,Ramban,AC-JK-54,Ramban,MLA,Arjun Singh Raju,Male,Jammu & Kashmir National Conference,1,Graduate,/assets/placeholder-avatar.svg,42000000,3200000,0,94,55,30000000,27900000,"Arjun Singh Raju is the elected MLA representing Ramban, Ramban, Jammu & Kashmir (UT)."
Jammu & Kashmir,Ramban,AC-JK-55,Banihal,MLA,Sajad Shaheen,Male,Jammu & Kashmir National Conference,1,Professional,/assets/placeholder-avatar.svg,42000000,3200000,0,94,55,30000000,27900000,"Sajad Shaheen is the elected MLA representing Banihal, Ramban, Jammu & Kashmir (UT)."
Jammu & Kashmir,Reasi,AC-JK-56,Gulabgarh (ST),MLA,Khurshied Ahmed,Male,Jammu & Kashmir National Conference,1,Graduate,/assets/placeholder-avatar.svg,42000000,3200000,0,94,55,30000000,27900000,"Khurshied Ahmed is the elected MLA representing Gulabgarh (ST), Reasi, Jammu & Kashmir (UT)."
Jammu & Kashmir,Reasi,AC-JK-57,Reasi,MLA,Kuldeep Raj Dubey,Male,Bharatiya Janata Party,1,Graduate,/assets/placeholder-avatar.svg,42000000,3200000,0,94,55,30000000,27900000,"Kuldeep Raj Dubey is the elected MLA representing Reasi, Reasi, Jammu & Kashmir (UT)."
Jammu & Kashmir,Reasi,AC-JK-58,Shri Mata Vaishno Devi,MLA,Baldev Raj Sharma,Male,Bharatiya Janata Party,2,Graduate,/assets/placeholder-avatar.svg,42000000,3200000,0,94,55,30000000,27900000,"Baldev Raj Sharma is the elected MLA representing Shri Mata Vaishno Devi, Reasi, Jammu & Kashmir (UT)."
Jammu & Kashmir,Udhampur,AC-JK-59,Udhampur West,MLA,Pawan Kumar Gupta,Male,Bharatiya Janata Party,3,Graduate,/assets/placeholder-avatar.svg,42000000,3200000,0,94,55,30000000,27900000,"Pawan Kumar Gupta is the elected MLA representing Udhampur West, Udhampur, Jammu & Kashmir (UT)."
Jammu & Kashmir,Udhampur,AC-JK-60,Udhampur East,MLA,Ranbir Singh Pathania,Male,Bharatiya Janata Party,2,Professional,/assets/placeholder-avatar.svg,42000000,3200000,0,94,55,30000000,27900000,"Ranbir Singh Pathania is the elected MLA representing Udhampur East, Udhampur, Jammu & Kashmir (UT)."
Jammu & Kashmir,Udhampur,AC-JK-61,Chenani,MLA,Balwant Singh Mankotia,Male,Bharatiya Janata Party,3,Graduate,/assets/placeholder-avatar.svg,42000000,3200000,0,94,55,30000000,27900000,"Balwant Singh Mankotia is the elected MLA representing Chenani, Udhampur, Jammu & Kashmir (UT)."
Jammu & Kashmir,Udhampur,AC-JK-62,Ramnagar (SC),MLA,Sunil Bhardwaj,Male,Bharatiya Janata Party,1,Graduate,/assets/placeholder-avatar.svg,42000000,3200000,0,94,55,30000000,27900000,"Sunil Bhardwaj is the elected MLA representing Ramnagar (SC), Udhampur, Jammu & Kashmir (UT)."
Jammu & Kashmir,Kathua,AC-JK-63,Bani,MLA,Rameshwar Singh,Male,Independent,1,Doctorate,/assets/placeholder-avatar.svg,42000000,3200000,0,94,55,30000000,27900000,"Rameshwar Singh is the elected MLA representing Bani, Kathua, Jammu & Kashmir (UT)."
Jammu & Kashmir,Kathua,AC-JK-64,Billawar,MLA,Satish Kumar Sharma,Male,Bharatiya Janata Party,1,Graduate,/assets/placeholder-avatar.svg,42000000,3200000,0,94,55,30000000,27900000,"Satish Kumar Sharma is the elected MLA representing Billawar, Kathua, Jammu & Kashmir (UT)."
Jammu & Kashmir,Kathua,AC-JK-65,Basohli,MLA,Darshan Kumar,Male,Bharatiya Janata Party,1,Graduate,/assets/placeholder-avatar.svg,42000000,3200000,0,94,55,30000000,27900000,"Darshan Kumar is the elected MLA representing Basohli, Kathua, Jammu & Kashmir (UT)."
Jammu & Kashmir,Kathua,AC-JK-66,Jasrota,MLA,Rajiv Jasrotia,Male,Bharatiya Janata Party,2,Graduate,/assets/placeholder-avatar.svg,42000000,3200000,0,94,55,30000000,27900000,"Rajiv Jasrotia is the elected MLA representing Jasrota, Kathua, Jammu & Kashmir (UT)."
Jammu & Kashmir,Kathua,AC-JK-67,Kathua (SC),MLA,Bharat Bhushan,Male,Bharatiya Janata Party,2,Graduate,/assets/placeholder-avatar.svg,42000000,3200000,0,94,55,30000000,27900000,"Bharat Bhushan is the elected MLA representing Kathua (SC), Kathua, Jammu & Kashmir (UT)."
Jammu & Kashmir,Kathua,AC-JK-68,Hiranagar,MLA,Vijay Kumar Sharma,Male,Bharatiya Janata Party,1,Graduate,/assets/placeholder-avatar.svg,42000000,3200000,0,94,55,30000000,27900000,"Vijay Kumar Sharma is the elected MLA representing Hiranagar, Kathua, Jammu & Kashmir (UT)."
Jammu & Kashmir,Samba,AC-JK-69,Ramgarh (SC),MLA,Devinder Kumar Manyal,Male,Bharatiya Janata Party,2,Doctorate,/assets/placeholder-avatar.svg,42000000,3200000,0,94,55,30000000,27900000,"Devinder Kumar Manyal is the elected MLA representing Ramgarh (SC), Samba, Jammu & Kashmir (UT)."
Jammu & Kashmir,Samba,AC-JK-70,Samba,MLA,Surjit Singh Slathia,Male,Bharatiya Janata Party,4,Graduate,/assets/placeholder-avatar.svg,42000000,3200000,0,94,55,30000000,27900000,"Surjit Singh Slathia is the elected MLA representing Samba, Samba, Jammu & Kashmir (UT)."
Jammu & Kashmir,Samba,AC-JK-71,Vijaypur,MLA,Chander Prakash Ganga,Male,Bharatiya Janata Party,2,Graduate,/assets/placeholder-avatar.svg,42000000,3200000,0,94,55,30000000,27900000,"Chander Prakash Ganga is the elected MLA representing Vijaypur, Samba, Jammu & Kashmir (UT)."
Jammu & Kashmir,Jammu,AC-JK-72,Bishnah (SC),MLA,Rajeev Kumar,Male,Bharatiya Janata Party,1,Graduate,/assets/placeholder-avatar.svg,42000000,3200000,0,94,55,30000000,27900000,"Rajeev Kumar is the elected MLA representing Bishnah (SC), Jammu, Jammu & Kashmir (UT)."
Jammu & Kashmir,Jammu,AC-JK-73,Suchetgarh (SC),MLA,Gharu Ram Bhagat,Male,Bharatiya Janata Party,2,Graduate,/assets/placeholder-avatar.svg,42000000,3200000,0,94,55,30000000,27900000,"Gharu Ram Bhagat is the elected MLA representing Suchetgarh (SC), Jammu, Jammu & Kashmir (UT)."
Jammu & Kashmir,Jammu,AC-JK-74,R. S. Pora-Jammu South,MLA,Narinder Singh Raina,Male,Bharatiya Janata Party,1,Doctorate,/assets/placeholder-avatar.svg,42000000,3200000,0,94,55,30000000,27900000,"Narinder Singh Raina is the elected MLA representing R. S. Pora-Jammu South, Jammu, Jammu & Kashmir (UT)."
Jammu & Kashmir,Jammu,AC-JK-75,Bahu,MLA,Chander Mohan Gupta,Male,Bharatiya Janata Party,1,Graduate,/assets/placeholder-avatar.svg,42000000,3200000,0,94,55,30000000,27900000,"Chander Mohan Gupta is the elected MLA representing Bahu, Jammu, Jammu & Kashmir (UT)."
Jammu & Kashmir,Jammu,AC-JK-76,Jammu East,MLA,Yudhvir Sethi,Male,Bharatiya Janata Party,1,Graduate,/assets/placeholder-avatar.svg,42000000,3200000,0,94,55,30000000,27900000,"Yudhvir Sethi is the elected MLA representing Jammu East, Jammu, Jammu & Kashmir (UT)."
Jammu & Kashmir,Jammu,AC-JK-77,Nagrota,MLA,Devender Singh Rana,Male,Bharatiya Janata Party,2,Graduate,/assets/placeholder-avatar.svg,42000000,3200000,0,94,55,30000000,27900000,"Devender Singh Rana is the elected MLA representing Nagrota, Jammu, Jammu & Kashmir (UT)."
Jammu & Kashmir,Jammu,AC-JK-78,Jammu West,MLA,Arvind Gupta,Male,Bharatiya Janata Party,1,Graduate,/assets/placeholder-avatar.svg,42000000,3200000,0,94,55,30000000,27900000,"Arvind Gupta is the elected MLA representing Jammu West, Jammu, Jammu & Kashmir (UT)."
Jammu & Kashmir,Jammu,AC-JK-79,Jammu North,MLA,Sham Lal Sharma,Male,Bharatiya Janata Party,3,Graduate,/assets/placeholder-avatar.svg,42000000,3200000,0,94,55,30000000,27900000,"Sham Lal Sharma is the elected MLA representing Jammu North, Jammu, Jammu & Kashmir (UT)."
Jammu & Kashmir,Jammu,AC-JK-80,Marh (SC),MLA,Surinder Kumar,Male,Bharatiya Janata Party,1,Graduate,/assets/placeholder-avatar.svg,42000000,3200000,0,94,55,30000000,27900000,"Surinder Kumar is the elected MLA representing Marh (SC), Jammu, Jammu & Kashmir (UT)."
Jammu & Kashmir,Jammu,AC-JK-81,Akhnoor (SC),MLA,Mohan Lal,Male,Bharatiya Janata Party,1,Graduate,/assets/placeholder-avatar.svg,42000000,3200000,0,94,55,30000000,27900000,"Mohan Lal is the elected MLA representing Akhnoor (SC), Jammu, Jammu & Kashmir (UT)."
Jammu & Kashmir,Jammu,AC-JK-82,Chhamb,MLA,Satish Sharma,Cabinet Minister,Independent,1,Graduate,/assets/placeholder-avatar.svg,42000000,3200000,0,94,55,30000000,27900000,"Satish Sharma is the elected MLA representing Chhamb, Jammu, Jammu & Kashmir (UT)."
Jammu & Kashmir,Rajouri,AC-JK-83,Kalakote-Sunderbani,MLA,Randhir Singh,Male,Bharatiya Janata Party,1,Graduate,/assets/placeholder-avatar.svg,42000000,3200000,0,94,55,30000000,27900000,"Randhir Singh is the elected MLA representing Kalakote-Sunderbani, Rajouri, Jammu & Kashmir (UT)."
Jammu & Kashmir,Rajouri,AC-JK-84,Nowshera,Deputy Chief Minister,Surinder Kumar Choudhary,Male,Jammu & Kashmir National Conference,1,Graduate,/assets/placeholder-avatar.svg,42000000,3200000,0,94,55,30000000,27900000,"Surinder Kumar Choudhary is the elected Deputy Chief Minister representing Nowshera, Rajouri, Jammu & Kashmir (UT)."
Jammu & Kashmir,Rajouri,AC-JK-85,Rajouri (ST),MLA,Iftkar Ahmed,Male,Indian National Congress,1,Graduate,/assets/placeholder-avatar.svg,42000000,3200000,0,94,55,30000000,27900000,"Iftkar Ahmed is the elected MLA representing Rajouri (ST), Rajouri, Jammu & Kashmir (UT)."
Jammu & Kashmir,Rajouri,AC-JK-86,Budhal (ST),MLA,Javaid Iqbal,Male,Jammu & Kashmir National Conference,1,Post Graduate,/assets/placeholder-avatar.svg,42000000,3200000,0,94,55,30000000,27900000,"Javaid Iqbal is the elected MLA representing Budhal (ST), Rajouri, Jammu & Kashmir (UT)."
Jammu & Kashmir,Rajouri,AC-JK-87,Thannamandi (ST),MLA,Muzaffar Iqbal Khan,Male,Independent,1,Professional,/assets/placeholder-avatar.svg,42000000,3200000,0,94,55,30000000,27900000,"Muzaffar Iqbal Khan is the elected MLA representing Thannamandi (ST), Rajouri, Jammu & Kashmir (UT)."
Jammu & Kashmir,Poonch,AC-JK-88,Surankote (ST),MLA,Choudhary Mohammad Akram,Male,Independent,2,Graduate,/assets/placeholder-avatar.svg,42000000,3200000,0,94,55,30000000,27900000,"Choudhary Mohammad Akram is the elected MLA representing Surankote (ST), Poonch, Jammu & Kashmir (UT)."
Jammu & Kashmir,Poonch,AC-JK-89,Poonch Haveli,MLA,Ajaz Ahmad Jan,Male,Jammu & Kashmir National Conference,2,Graduate,/assets/placeholder-avatar.svg,42000000,3200000,0,94,55,30000000,27900000,"Ajaz Ahmad Jan is the elected MLA representing Poonch Haveli, Poonch, Jammu & Kashmir (UT)."
Jammu & Kashmir,Poonch,AC-JK-90,Mendhar (ST),Cabinet Minister,Javed Ahmed Rana,Male,Jammu & Kashmir National Conference,3,Professional,/assets/placeholder-avatar.svg,42000000,3200000,0,94,55,30000000,27900000,"Javed Ahmed Rana is the elected Cabinet Minister representing Mendhar (ST), Poonch, Jammu & Kashmir (UT)."
Uttar Pradesh,Varanasi,PC-UP-77,Varanasi (Lok Sabha),Prime Minister of India / MP,Narendra Modi,Male,Bharatiya Janata Party,3,Post Graduate (MA Political Science - Gujarat University),/assets/candidates/narendra_modi.jpg,30200000,0,0,100,180,250000000,242000000,Narendra Modi is the 14th Prime Minister of India and Member of Parliament representing the Varanasi parliamentary constituency in Uttar Pradesh.
Gujarat,Gandhinagar,PC-GJ-06,Gandhinagar (Lok Sabha),Union Home Minister / MP,Amit Shah,Male,Bharatiya Janata Party,2,Graduate,/assets/candidates/amit_shah.jpg,360000000,15000000,0,92,120,250000000,238000000,Amit Shah is the Union Minister of Home Affairs and Cooperation and Member of Parliament representing the Gandhinagar Lok Sabha constituency in Gujarat.
Uttar Pradesh,Lucknow,PC-UP-35,Lucknow (Lok Sabha),Union Defence Minister / MP,Rajnath Singh,Male,Bharatiya Janata Party,3,Post Graduate,/assets/candidates/rajnath_singh.jpg,64000000,0,0,95,110,250000000,239000000,Rajnath Singh is the Union Minister of Defence and Member of Parliament representing the Lucknow Lok Sabha constituency in Uttar Pradesh.
Maharashtra,Nagpur,PC-MH-10,Nagpur (Lok Sabha),Union Road Transport & Highways Minister / MP,Nitin Gadkari,Male,Bharatiya Janata Party,3,Post Graduate,/assets/candidates/nitin_gadkari.jpg,280000000,12000000,0,93,135,250000000,245000000,Nitin Gadkari is the Union Minister of Road Transport & Highways and Member of Parliament representing the Nagpur Lok Sabha constituency in Maharashtra.
